2026-05-25 18:57:59 [INFO    ] forensic (logger.py:158): Logging initialisiert — Level: DEBUG, Logdatei: /opt/aiw_webserver/logs/forensic_server.log
2026-05-25 18:57:59 [INFO    ] forensic (main.py:250): === Forensischer Webserver startet - Date:   Sun May 24 14:36:06 2026 +0200     Version 0.6.253 ===
2026-05-25 18:57:59 [INFO    ] forensic (main.py:253): Config geladen: '/opt/aiw_webserver/config.yaml'
2026-05-25 18:57:59 [DEBUG   ] forensic.core.user_resolver (user_resolver.py:70): Systembenutzer ermittelt: 'paul' (Plattform: linux)
2026-05-25 18:57:59 [INFO    ] forensic (main.py:262): Systembenutzer: 'paul'
2026-05-25 18:57:59 [INFO    ] forensic.core.mode_resolver (mode_resolver.py:150): Startmodus: 'cli'
2026-05-25 18:57:59 [INFO    ] forensic.core.mode_resolver (mode_resolver.py:351): Modus 'cli': user_id=2948078, username='uid_2948078', forensic_db='/opt/aiw_webserver/data/forensic/forensic_2948078.db'
2026-05-25 18:57:59 [INFO    ] forensic (main.py:285): Kontext: mode='cli', user_id=2948078, username='uid_2948078'
2026-05-25 18:57:59 [INFO    ] forensic (main.py:289): forensic_db : '/opt/aiw_webserver/data/forensic/forensic_2948078.db'
2026-05-25 18:57:59 [INFO    ] forensic (main.py:290): evidence_db : '/opt/aiw_webserver/data/evidence/evidence_2948078.db'
2026-05-25 18:57:59 [INFO    ] forensic (main.py:291): default_db  : '/opt/aiw_webserver/data/default.db'
2026-05-25 18:57:59 [INFO    ] forensic (main.py:292): coordinator : '/opt/aiw_webserver/data/coordinator.db'
2026-05-25 18:57:59 [INFO    ] forensic.core.startup_checks (startup_checks.py:123): Starte Voraussetzungsprüfungen...
2026-05-25 18:57:59 [DEBUG   ] forensic.core.startup_checks (startup_checks.py:164): Datei gefunden: forensic_db = '/opt/aiw_webserver/data/forensic/forensic_2948078.db'
2026-05-25 18:57:59 [DEBUG   ] forensic.core.startup_checks (startup_checks.py:164): Datei gefunden: evidence_db = '/opt/aiw_webserver/data/evidence/evidence_2948078.db'
2026-05-25 18:57:59 [DEBUG   ] forensic.core.startup_checks (startup_checks.py:180): default_db gefunden: '/opt/aiw_webserver/data/default.db'
2026-05-25 18:57:59 [DEBUG   ] forensic.core.startup_checks (startup_checks.py:206): coordinator_db gefunden: '/opt/aiw_webserver/data/coordinator.db'
2026-05-25 18:57:59 [DEBUG   ] forensic.core.startup_checks (startup_checks.py:254): Schema-Version geprüft: 1 (erwartet: 1) ✓
2026-05-25 18:58:01 [INFO    ] forensic.core.startup_checks (startup_checks.py:327): Integritätsprüfung forensic_db erfolgreich: SHA-256 = 01a67505c9a33adf... ✓
2026-05-25 18:58:01 [DEBUG   ] forensic.core.startup_checks (startup_checks.py:366): forensic_db READ-ONLY-Prüfung bestanden ✓
2026-05-25 18:58:01 [INFO    ] forensic.core.startup_checks (startup_checks.py:132): Alle Voraussetzungsprüfungen erfolgreich abgeschlossen.
2026-05-25 18:58:01 [INFO    ] forensic (main.py:307): Alle Startprüfungen bestanden.
2026-05-25 18:58:01 [DEBUG   ] forensic.core.hosts_manager (hosts_manager.py:135): HostsManager: forum_hostname nicht konfiguriert — no-op.
2026-05-25 18:58:01 [INFO    ] forensic.db.connection_manager (connection_manager.py:154): Öffne Datenbankverbindungen (Modus: 'cli', user_id: 2948078)
2026-05-25 18:58:01 [DEBUG   ] forensic.db.connection_manager (connection_manager.py:197): Haupt-DB geöffnet: '/opt/aiw_webserver/data/evidence/evidence_2948078.db'
2026-05-25 18:58:01 [DEBUG   ] forensic.db.connection_manager (connection_manager.py:527): ATTACH fdb (READ-ONLY via Authorizer): '/opt/aiw_webserver/data/forensic/forensic_2948078.db'
2026-05-25 18:58:01 [DEBUG   ] forensic.db.connection_manager (connection_manager.py:527): ATTACH ddb (READ-ONLY via Authorizer): '/opt/aiw_webserver/data/default.db'
2026-05-25 18:58:01 [DEBUG   ] forensic.db.connection_manager (connection_manager.py:540): ATTACH cdb (READ-WRITE): '/opt/aiw_webserver/data/coordinator.db'
2026-05-25 18:58:01 [DEBUG   ] forensic.db.connection_manager (connection_manager.py:212): cdb angebunden: '/opt/aiw_webserver/data/coordinator.db'
2026-05-25 18:58:01 [DEBUG   ] forensic.db.connection_manager (connection_manager.py:527): ATTACH adb (READ-ONLY via Authorizer): '/opt/aiw_webserver/data/assets/assets_2948078.db'
2026-05-25 18:58:01 [DEBUG   ] forensic.db.connection_manager (connection_manager.py:226): adb angebunden (READ-ONLY): '/opt/aiw_webserver/data/assets/assets_2948078.db'
2026-05-25 18:58:01 [DEBUG   ] forensic.db.connection_manager (connection_manager.py:527): ATTACH tdb (READ-ONLY via Authorizer): '/opt/aiw_webserver/data/templates.db'
2026-05-25 18:58:01 [DEBUG   ] forensic.db.connection_manager (connection_manager.py:243): tdb angebunden (READ-ONLY): '/opt/aiw_webserver/data/templates.db'
2026-05-25 18:58:01 [DEBUG   ] forensic.db.forensic_db (forensic_db.py:478): get_forum_base_url(): 'http://alice4n4kd5gga3xqggygi6r7q7l7bb2wg5lcykh22ilxomk2jmpcbyd.onion'
2026-05-25 18:58:01 [DEBUG   ] forensic.db.forensic_db (forensic_db.py:221): blob_lookup TEMP VIEW angelegt (forum_base_url='http://alice4n4kd5gga3xqggygi6r7q7l7bb2wg5lcykh22ilxomk2jmpcbyd.onion')
2026-05-25 18:58:01 [DEBUG   ] forensic.db.forensic_db (forensic_db.py:478): get_forum_base_url(): 'http://alice4n4kd5gga3xqggygi6r7q7l7bb2wg5lcykh22ilxomk2jmpcbyd.onion'
2026-05-25 18:58:01 [DEBUG   ] forensic.db.default_db (default_db.py:121): ddb (default.db) korrekt angebunden und erreichbar
2026-05-25 18:58:01 [DEBUG   ] forensic.db.assets_db (assets_db.py:155): adb (assets_<uid>.db) korrekt angebunden und erreichbar
2026-05-25 18:58:01 [DEBUG   ] forensic.db.templates_db (templates_db.py:102): TemplatesDb: tdb verfuegbar und initialisiert.
2026-05-25 18:58:01 [DEBUG   ] forensic.db.connection_manager (connection_manager.py:272): Authorizer deaktiviert — Schreibschutz via Dateisystem/startup_checks.
2026-05-25 18:58:01 [INFO    ] forensic.db.connection_manager (connection_manager.py:274): Alle Verbindungen aufgebaut (Normalmodus). forensic_db: 618 Seiten, evidence_db: 0 Annotationen
2026-05-25 18:58:01 [INFO    ] forensic (main.py:351): Alle Datenbankverbindungen aufgebaut.
2026-05-25 18:58:01 [INFO    ] forensic.core.build_info (build_info.py:87): Build-Info geladen: v0.6.253 Build 253 (2026-05-24) — /opt/aiw_webserver/build.json
2026-05-25 18:58:01 [INFO    ] forensic.core.build_info (build_info.py:117): ======================================================================
2026-05-25 18:58:01 [INFO    ] forensic.core.build_info (build_info.py:118): Datei-Prüfsummen (MD5) — relevante Verzeichnisse:
2026-05-25 18:58:01 [INFO    ] forensic.core.build_info (build_info.py:119): ======================================================================
2026-05-25 18:58:01 [INFO    ] forensic.core.build_info (build_info.py:139):   forensic_api/
2026-05-25 18:58:01 [INFO    ] forensic.core.build_info (build_info.py:144):     30c7e906cd6e7ad4cb6a5b765adfc256  forensic_api/__init__.py
2026-05-25 18:58:01 [INFO    ] forensic.core.build_info (build_info.py:144):     a9d4946e7fad988d5c93f91f57414568  forensic_api/_lock_guard.py
2026-05-25 18:58:01 [INFO    ] forensic.core.build_info (build_info.py:144):     a390a43516f6de3d26ef38005ca52fc0  forensic_api/aliases.py
2026-05-25 18:58:01 [INFO    ] forensic.core.build_info (build_info.py:144):     5158550bda7a170b0f95f700c1937f6f  forensic_api/annotate.py
2026-05-25 18:58:01 [INFO    ] forensic.core.build_info (build_info.py:144):     055a8cbc2479f760763218891051f6aa  forensic_api/annotations.py
2026-05-25 18:58:01 [INFO    ] forensic.core.build_info (build_info.py:144):     eb89f8d7d3b9a8c799d5f339e530476c  forensic_api/cross_annotation_integrator.py
2026-05-25 18:58:01 [INFO    ] forensic.core.build_info (build_info.py:144):     242b49e0a636bae32c27545a6041d31e  forensic_api/editor_block.py
2026-05-25 18:58:01 [INFO    ] forensic.core.build_info (build_info.py:144):     021794826bc3578e4a804d83f4940099  forensic_api/editor_comment.py
2026-05-25 18:58:01 [INFO    ] forensic.core.build_info (build_info.py:144):     a348aec0cfabf13d7efb6cecca8b78a9  forensic_api/editor_evidence.py
2026-05-25 18:58:01 [INFO    ] forensic.core.build_info (build_info.py:144):     968ad04d95d0fee56ede3ad57caa6385  forensic_api/editor_order.py
2026-05-25 18:58:01 [INFO    ] forensic.core.build_info (build_info.py:144):     65b340e6976543a62772dd14b0efb318  forensic_api/events.py
2026-05-25 18:58:01 [INFO    ] forensic.core.build_info (build_info.py:144):     c72bbf0458972cd2ee5e2a503d0865cc  forensic_api/export.py
2026-05-25 18:58:01 [INFO    ] forensic.core.build_info (build_info.py:144):     5e6d2427dbd60cbd54b36b8f8ed6dbc4  forensic_api/investigator_me.py
2026-05-25 18:58:01 [INFO    ] forensic.core.build_info (build_info.py:144):     2cfe78f6dbe29979e3b75d32d5c36f05  forensic_api/knownusers.py
2026-05-25 18:58:01 [INFO    ] forensic.core.build_info (build_info.py:144):     9501fe000961856272d57b11b29b2836  forensic_api/page.py
2026-05-25 18:58:01 [INFO    ] forensic.core.build_info (build_info.py:144):     3458270eea9344594fb5ef67683ffa07  forensic_api/placeholders.py
2026-05-25 18:58:01 [INFO    ] forensic.core.build_info (build_info.py:144):     3e2802efe55ba8f6a54ea728efd2f62b  forensic_api/report.py
2026-05-25 18:58:01 [INFO    ] forensic.core.build_info (build_info.py:144):     6cee93e66bfc7f6dc771e0a5c2d3c991  forensic_api/reports.py
2026-05-25 18:58:01 [INFO    ] forensic.core.build_info (build_info.py:144):     e8d2c5367a66158da0388c2b6d46e7d3  forensic_api/search.py
2026-05-25 18:58:01 [INFO    ] forensic.core.build_info (build_info.py:144):     a9928b89c6d5439df5e6cb2486ff215a  forensic_api/static.py
2026-05-25 18:58:01 [INFO    ] forensic.core.build_info (build_info.py:144):     7486692643ad2fb75e0262ccf906a647  forensic_api/status.py
2026-05-25 18:58:01 [INFO    ] forensic.core.build_info (build_info.py:144):     1ecb25eae003e36a6a32de28cc6aa48f  forensic_api/sync_incoming.py
2026-05-25 18:58:01 [INFO    ] forensic.core.build_info (build_info.py:144):     bc368f902df389e35beeafc17f0eb134  forensic_api/templates_ep.py
2026-05-25 18:58:01 [INFO    ] forensic.core.build_info (build_info.py:144):     f07dd8ba3965137f0e93be096eba3cc5  forensic_api/trace_sequence.py
2026-05-25 18:58:01 [INFO    ] forensic.core.build_info (build_info.py:144):     6e9964ae4fd7f2818bea5baff74d2d48  forensic_api/userinfo.py
2026-05-25 18:58:01 [INFO    ] forensic.core.build_info (build_info.py:144):     ac03dc8f8019230b6d5de5aab0c5b12c  forensic_api/userinfo_data.py
2026-05-25 18:58:01 [INFO    ] forensic.core.build_info (build_info.py:144):     9bdbdc7be233589a10bc4935570803e7  forensic_api/userinfo_static.py
2026-05-25 18:58:01 [INFO    ] forensic.core.build_info (build_info.py:144):     6b4cee54f3d596804768a5ef06db3490  forensic_api/version.py
2026-05-25 18:58:01 [INFO    ] forensic.core.build_info (build_info.py:144):     612c6dc8137ced9b2314fb4be57e6a70  forensic_api/viewport.py
2026-05-25 18:58:01 [INFO    ] forensic.core.build_info (build_info.py:144):     5092a0c290ed97bf042d95a8eca3b766  forensic_api/windows.py
2026-05-25 18:58:01 [INFO    ] forensic.core.build_info (build_info.py:139):   userinfo/
2026-05-25 18:58:01 [INFO    ] forensic.core.build_info (build_info.py:144):     3d5848e1fc3f3319e07ea5cc60728d25  userinfo/annotation_sidebar.js
2026-05-25 18:58:01 [INFO    ] forensic.core.build_info (build_info.py:144):     97b3170d33f39937dd63168a0dba149b  userinfo/comment_thread.js
2026-05-25 18:58:01 [INFO    ] forensic.core.build_info (build_info.py:144):     b65ee930e203ca6d863ab2eba78f02e6  userinfo/debug_events.js
2026-05-25 18:58:01 [INFO    ] forensic.core.build_info (build_info.py:144):     8aeff83f9b111d50298edf99a6a57199  userinfo/document_layer.js
2026-05-25 18:58:01 [INFO    ] forensic.core.build_info (build_info.py:144):     7032d960c53bded087ba5cf9635aa13c  userinfo/editor_bootstrap.js
2026-05-25 18:58:01 [INFO    ] forensic.core.build_info (build_info.py:144):     b06facf74ae1ad927e860376ba22ae87  userinfo/lock_layer.js
2026-05-25 18:58:01 [INFO    ] forensic.core.build_info (build_info.py:144):     88bd495d79b913c920282856d8a44f35  userinfo/module_panel.js
2026-05-25 18:58:01 [INFO    ] forensic.core.build_info (build_info.py:144):     8374c259ea766060b94af35bab49f961  userinfo/placeholder_chips.js
2026-05-25 18:58:01 [INFO    ] forensic.core.build_info (build_info.py:144):     3a5d01f17877c45027ddc9586e4c8d83  userinfo/placeholder_wizard.js
2026-05-25 18:58:01 [INFO    ] forensic.core.build_info (build_info.py:144):     e49010a802ae10269091f7b31363d461  userinfo/report.css
2026-05-25 18:58:01 [INFO    ] forensic.core.build_info (build_info.py:144):     114ed06c021fd0e589d7e32ec96d415b  userinfo/report.js
2026-05-25 18:58:01 [INFO    ] forensic.core.build_info (build_info.py:144):     4057184019952fd1fb73af42648d0844  userinfo/report_editor.js
2026-05-25 18:58:01 [INFO    ] forensic.core.build_info (build_info.py:144):     c843a3b82e95f30fcbb2ac06c7d01a27  userinfo/report_layer.js
2026-05-25 18:58:01 [INFO    ] forensic.core.build_info (build_info.py:144):     daeff69121a351d42feb6c35d23f6cb3  userinfo/sse_layer.js
2026-05-25 18:58:01 [INFO    ] forensic.core.build_info (build_info.py:144):     a0af65cf6bcae5ef6793c72dec97b426  userinfo/userinfo.css
2026-05-25 18:58:01 [INFO    ] forensic.core.build_info (build_info.py:144):     2753a980bd764b255d00c53fec72983c  userinfo/userinfo.js
2026-05-25 18:58:01 [INFO    ] forensic.core.build_info (build_info.py:139):   editor/
2026-05-25 18:58:01 [INFO    ] forensic.core.build_info (build_info.py:144):     d41d8cd98f00b204e9800998ecf8427e  editor/__init__.py
2026-05-25 18:58:01 [INFO    ] forensic.core.build_info (build_info.py:144):     6937f1a3a1fec2608183dbdecde5d006  editor/html_renderer.py
2026-05-25 18:58:01 [INFO    ] forensic.core.build_info (build_info.py:139):   toolbar/
2026-05-25 18:58:01 [INFO    ] forensic.core.build_info (build_info.py:144):     46b53a447b228e3201b2d4f5ac28937d  toolbar/toolbar.css
2026-05-25 18:58:01 [INFO    ] forensic.core.build_info (build_info.py:144):     773e4e1b057d6a1fb8a011715cb09419  toolbar/toolbar.js
2026-05-25 18:58:01 [DEBUG   ] forensic.core.build_info (build_info.py:136):   [leer] data/
2026-05-25 18:58:01 [INFO    ] forensic.core.build_info (build_info.py:139):   core/
2026-05-25 18:58:01 [INFO    ] forensic.core.build_info (build_info.py:144):     7927ee36542484c7320d7934218cc7ca  core/__init__.py
2026-05-25 18:58:01 [INFO    ] forensic.core.build_info (build_info.py:144):     139421d80f349dd8d1f7ca0f69b0b827  core/build_info.py
2026-05-25 18:58:01 [INFO    ] forensic.core.build_info (build_info.py:144):     8efc0965c3fb1a2640922bbe95f9eced  core/config_loader.py
2026-05-25 18:58:01 [INFO    ] forensic.core.build_info (build_info.py:144):     d4cf0da5390bc28ab841e955ee797221  core/hosts_manager.py
2026-05-25 18:58:01 [INFO    ] forensic.core.build_info (build_info.py:144):     9e1e6e718de683bad2db3e9946bd6583  core/logger.py
2026-05-25 18:58:01 [INFO    ] forensic.core.build_info (build_info.py:144):     66002a767e40c8988b8943af69e9f065  core/mode_resolver.py
2026-05-25 18:58:01 [INFO    ] forensic.core.build_info (build_info.py:144):     67ba2bef87e31e3e8fc4b684f125c9c2  core/startup_checks.py
2026-05-25 18:58:01 [INFO    ] forensic.core.build_info (build_info.py:144):     dd0ed27c3aaa8aad9ac0060b5f4c475a  core/user_resolver.py
2026-05-25 18:58:01 [INFO    ] forensic.core.build_info (build_info.py:139):   server/
2026-05-25 18:58:01 [INFO    ] forensic.core.build_info (build_info.py:144):     cb1df466eddc44b80558d5b7f9c47a53  server/__init__.py
2026-05-25 18:58:01 [INFO    ] forensic.core.build_info (build_info.py:144):     d32e4629985e87371a398311831f3692  server/asset_handler.py
2026-05-25 18:58:01 [INFO    ] forensic.core.build_info (build_info.py:144):     8c67670cf6c98a6cded255e2b35b5848  server/blob_handler.py
2026-05-25 18:58:01 [INFO    ] forensic.core.build_info (build_info.py:144):     14b08d37a307281bae0c4f9d6a7dd22e  server/head_extractor.py
2026-05-25 18:58:01 [INFO    ] forensic.core.build_info (build_info.py:144):     79d80d36082a370fb466c8160333e5fe  server/http_server.py
2026-05-25 18:58:01 [INFO    ] forensic.core.build_info (build_info.py:144):     ebbf539ef5963d32ccdd499e26c2dc84  server/router.py
2026-05-25 18:58:01 [INFO    ] forensic.core.build_info (build_info.py:144):     2f11a43976926fc9df308c2604585ca3  server/shell_handler.py
2026-05-25 18:58:01 [INFO    ] forensic.core.build_info (build_info.py:139):   static/
2026-05-25 18:58:01 [INFO    ] forensic.core.build_info (build_info.py:144):     bc745390dfecf0edec56cfde0abf0be1  static/editor/bundle_manifest.json
2026-05-25 18:58:01 [INFO    ] forensic.core.build_info (build_info.py:144):     c6c5a4b4615c245c56826dad2c27f1af  static/editor/editor.bundle.js
2026-05-25 18:58:01 [INFO    ] forensic.core.build_info (build_info.py:144):     602170ae2f1d5c003e894f32217a96df  static/vendor/tabulator/tabulator.min.css
2026-05-25 18:58:01 [INFO    ] forensic.core.build_info (build_info.py:144):     0a71453fb151b4ff2392904746c8d8a2  static/vendor/tabulator/tabulator.min.js
2026-05-25 18:58:01 [INFO    ] forensic.core.build_info (build_info.py:156):   009932fac7e98655fd9bc55d9030d521  build.json
2026-05-25 18:58:01 [INFO    ] forensic.core.build_info (build_info.py:159): ======================================================================
2026-05-25 18:58:01 [INFO    ] forensic.core.build_info (build_info.py:160): Prüfsummen ausgegeben: 70 Dateien
2026-05-25 18:58:01 [INFO    ] forensic.core.build_info (build_info.py:161): ======================================================================
2026-05-25 18:58:01 [DEBUG   ] forensic.forensic_api.cross_annotation_integrator (cross_annotation_integrator.py:96): CrossAnnotationIntegrator: keine ausstehenden Eintraege fuer uid=2948078
2026-05-25 18:58:01 [INFO    ] forensic.forensic_api.cross_annotation_integrator (cross_annotation_integrator.py:139): CrossAnnotationIntegrator: Hintergrundpolling gestartet (3600s Intervall)
2026-05-25 18:58:01 [INFO    ] forensic.server.http_server (http_server.py:293): ForensicHTTPServer initialisiert: http://127.0.0.2:8080 (socket-backlog=50, sse-max=20)
2026-05-25 18:58:01 [INFO    ] forensic (main.py:402): Server bereit: http://127.0.0.2:8080 | v0.6.253 Build 253 (2026-05-24)
2026-05-25 18:58:01 [INFO    ] forensic (main.py:407): Ermittlung: user_id=2948078 ('uid_2948078'), Modus='cli'
2026-05-25 18:58:01 [INFO    ] forensic (main.py:462): Watchdog gestartet (Intervall: 30s, Dump: 'logs/freeze_dump.txt')
2026-05-25 18:58:01 [INFO    ] forensic.server.http_server (http_server.py:304): Server läuft. Strg+C zum Beenden.
2026-05-25 18:58:11 [DEBUG   ] forensic.server.router (router.py:104): Router: GET / (ajax=False)
2026-05-25 18:58:11 [DEBUG   ] forensic.db.forensic_db (forensic_db.py:277): Seite gefunden: '/' [GET] → page_id=57, context=user, fetch_failed=False
2026-05-25 18:58:11 [DEBUG   ] forensic.server.head_extractor (head_extractor.py:283): Head extrahiert: title='Alice In Wonderland', base=None, 1 CSS, 1 inline-style(s), refresh_removed=False
2026-05-25 18:58:11 [DEBUG   ] forensic.server.shell_handler (shell_handler.py:136): Shell: ausgeliefert für '/' (context=user, fetch_failed=False)
2026-05-25 18:58:11 [DEBUG   ] forensic.server.http_server (http_server.py:115): HTTP "GET / HTTP/1.1" 200 -
2026-05-25 18:58:11 [DEBUG   ] forensic.server.router (router.py:104): Router: GET /_forensic/toolbar.css (ajax=False)
2026-05-25 18:58:11 [DEBUG   ] forensic.server.router (router.py:104): Router: GET /_forensic/toolbar.js (ajax=False)
2026-05-25 18:58:11 [DEBUG   ] forensic.forensic_api.static (static.py:139): Static: '/_forensic/toolbar.css' ausgeliefert (64673 bytes)
2026-05-25 18:58:11 [DEBUG   ] forensic.server.http_server (http_server.py:115): HTTP "GET /_forensic/toolbar.css?v=253 HTTP/1.1" 200 -
2026-05-25 18:58:11 [DEBUG   ] forensic.forensic_api.static (static.py:139): Static: '/_forensic/toolbar.js' ausgeliefert (297398 bytes)
2026-05-25 18:58:11 [DEBUG   ] forensic.server.http_server (http_server.py:115): HTTP "GET /_forensic/toolbar.js?v=253 HTTP/1.1" 200 -
2026-05-25 18:58:11 [DEBUG   ] forensic.server.router (router.py:104): Router: POST /_forensic/windows (ajax=True)
2026-05-25 18:58:11 [DEBUG   ] forensic.server.router (router.py:104): Router: GET /_forensic/page (ajax=True)
2026-05-25 18:58:11 [DEBUG   ] forensic.server.router (router.py:104): Router: GET /_forensic/status (ajax=True)
2026-05-25 18:58:11 [DEBUG   ] forensic.forensic_api.windows (windows.py:186): /_forensic/windows POST: Fenster '55ebea68-3a13-40ff-931d-93582500fe9d' (Rolle 'main') registriert
2026-05-25 18:58:11 [DEBUG   ] forensic.server.http_server (http_server.py:115): HTTP "POST /_forensic/windows HTTP/1.1" 200 -
2026-05-25 18:58:11 [DEBUG   ] forensic.forensic_api.page (page.py:120): /_forensic/page: url='/' fragment=None original_method=GET
2026-05-25 18:58:11 [DEBUG   ] forensic.db.forensic_db (forensic_db.py:277): Seite gefunden: '/' [GET] → page_id=57, context=user, fetch_failed=False
2026-05-25 18:58:11 [DEBUG   ] forensic.server.head_extractor (head_extractor.py:283): Head extrahiert: title='Alice In Wonderland', base=None, 1 CSS, 1 inline-style(s), refresh_removed=False
2026-05-25 18:58:11 [DEBUG   ] forensic.server.http_server (http_server.py:115): HTTP "GET /_forensic/status HTTP/1.1" 200 -
2026-05-25 18:58:11 [DEBUG   ] forensic.server.blob_handler (blob_handler.py:254): BlobHandler: '/' → page_id=57, context=user, failed=False
2026-05-25 18:58:11 [DEBUG   ] forensic.forensic_api.status (status.py:120): /_forensic/status ausgeliefert
2026-05-25 18:58:11 [DEBUG   ] forensic.server.http_server (http_server.py:115): HTTP "GET /_forensic/page?url=%2F HTTP/1.1" 200 -
2026-05-25 18:58:11 [DEBUG   ] forensic.server.router (router.py:104): Router: GET /_forensic/events (ajax=False)
2026-05-25 18:58:11 [DEBUG   ] forensic.server.http_server (http_server.py:115): HTTP "GET /_forensic/events HTTP/1.1" 200 -
2026-05-25 18:58:11 [DEBUG   ] forensic.server.router (router.py:104): Router: GET /forum/style/index.css (ajax=False)
2026-05-25 18:58:11 [DEBUG   ] forensic.db.assets_db (assets_db.py:221): Asset nicht in assets_<uid>.db: '/forum/style/index.css'
2026-05-25 18:58:11 [DEBUG   ] forensic.server.router (router.py:104): Router: GET /_forensic/aliases (ajax=True)
2026-05-25 18:58:11 [DEBUG   ] forensic.server.asset_handler (asset_handler.py:117): Asset aus default.db: '/forum/style/index.css'
2026-05-25 18:58:11 [DEBUG   ] forensic.server.asset_handler (asset_handler.py:87): Asset ausgeliefert: '/forum/style/index.css' (text/css, 27192 bytes)
2026-05-25 18:58:11 [DEBUG   ] forensic.server.http_server (http_server.py:115): HTTP "GET /forum/style/index.css HTTP/1.1" 200 -
2026-05-25 18:58:11 [DEBUG   ] forensic.server.http_server (http_server.py:115): HTTP "GET /_forensic/aliases HTTP/1.1" 200 -
2026-05-25 18:58:11 [DEBUG   ] forensic.server.router (router.py:104): Router: GET /_forensic/trace_sequence (ajax=True)
2026-05-25 18:58:11 [DEBUG   ] forensic.forensic_api.aliases (aliases.py:92): /_forensic/aliases GET: 0 Aliasse
2026-05-25 18:58:11 [DEBUG   ] forensic.server.router (router.py:104): Router: GET /_forensic/annotations (ajax=True)
2026-05-25 18:58:11 [DEBUG   ] forensic.server.router (router.py:104): Router: GET /forum/img/avatars/1488.jpg (ajax=False)
2026-05-25 18:58:11 [DEBUG   ] forensic.server.asset_handler (asset_handler.py:111): Asset aus assets_<uid>.db: '/forum/img/avatars/1488.jpg'
2026-05-25 18:58:11 [DEBUG   ] forensic.server.asset_handler (asset_handler.py:87): Asset ausgeliefert: '/forum/img/avatars/1488.jpg' (image/jpeg, 7571 bytes)
2026-05-25 18:58:11 [DEBUG   ] forensic.server.http_server (http_server.py:115): HTTP "GET /forum/img/avatars/1488.jpg HTTP/1.1" 200 -
2026-05-25 18:58:11 [DEBUG   ] forensic.forensic_api.annotations (annotations.py:160): Annotationen geliefert: url='/', count=0
2026-05-25 18:58:11 [DEBUG   ] forensic.server.router (router.py:104): Router: GET /forum/img/smilies/hello.gif (ajax=False)
2026-05-25 18:58:11 [DEBUG   ] forensic.server.http_server (http_server.py:115): HTTP "GET /_forensic/annotations?url=%2F HTTP/1.1" 200 -
2026-05-25 18:58:11 [DEBUG   ] forensic.server.asset_handler (asset_handler.py:111): Asset aus assets_<uid>.db: '/forum/img/smilies/hello.gif'
2026-05-25 18:58:11 [DEBUG   ] forensic.server.asset_handler (asset_handler.py:87): Asset ausgeliefert: '/forum/img/smilies/hello.gif' (image/gif, 1108 bytes)
2026-05-25 18:58:11 [DEBUG   ] forensic.server.http_server (http_server.py:115): HTTP "GET /forum/img/smilies/hello.gif HTTP/1.1" 200 -
2026-05-25 18:58:11 [DEBUG   ] forensic.db.forensic_db (forensic_db.py:478): get_forum_base_url(): 'http://alice4n4kd5gga3xqggygi6r7q7l7bb2wg5lcykh22ilxomk2jmpcbyd.onion'
2026-05-25 18:58:11 [DEBUG   ] forensic.server.router (router.py:104): Router: GET /forum/style/images/icons_button.png (ajax=False)
2026-05-25 18:58:11 [DEBUG   ] forensic.server.router (router.py:104): Router: GET /forum/style/images/icon_delete_cookies.gif (ajax=False)
2026-05-25 18:58:11 [DEBUG   ] forensic.db.assets_db (assets_db.py:221): Asset nicht in assets_<uid>.db: '/forum/style/images/icons_button.png'
2026-05-25 18:58:11 [DEBUG   ] forensic.db.assets_db (assets_db.py:221): Asset nicht in assets_<uid>.db: '/forum/style/images/icon_delete_cookies.gif'
2026-05-25 18:58:11 [DEBUG   ] forensic.server.asset_handler (asset_handler.py:117): Asset aus default.db: '/forum/style/images/icons_button.png'
2026-05-25 18:58:11 [DEBUG   ] forensic.server.asset_handler (asset_handler.py:87): Asset ausgeliefert: '/forum/style/images/icons_button.png' (image/png, 8037 bytes)
2026-05-25 18:58:11 [DEBUG   ] forensic.server.http_server (http_server.py:115): HTTP "GET /forum/style/images/icons_button.png HTTP/1.1" 200 -
2026-05-25 18:58:11 [DEBUG   ] forensic.server.asset_handler (asset_handler.py:117): Asset aus default.db: '/forum/style/images/icon_delete_cookies.gif'
2026-05-25 18:58:11 [DEBUG   ] forensic.server.asset_handler (asset_handler.py:87): Asset ausgeliefert: '/forum/style/images/icon_delete_cookies.gif' (image/gif, 108 bytes)
2026-05-25 18:58:11 [DEBUG   ] forensic.server.http_server (http_server.py:115): HTTP "GET /forum/style/images/icon_delete_cookies.gif HTTP/1.1" 200 -
2026-05-25 18:58:11 [DEBUG   ] forensic.server.router (router.py:104): Router: GET /favicon.ico (ajax=False)
2026-05-25 18:58:11 [DEBUG   ] forensic.db.forensic_db (forensic_db.py:264): Seite nicht im Scope: '/favicon.ico' (method=GET)
2026-05-25 18:58:11 [DEBUG   ] forensic.server.shell_handler (shell_handler.py:133): Shell: NOT_IN_SCOPE für '/favicon.ico'
2026-05-25 18:58:11 [DEBUG   ] forensic.server.http_server (http_server.py:115): HTTP "GET /favicon.ico HTTP/1.1" 404 -
2026-05-25 18:58:12 [DEBUG   ] forensic.forensic_api.trace_sequence (trace_sequence.py:115): /_forensic/trace_sequence: 521 Einträge
2026-05-25 18:58:12 [DEBUG   ] forensic.server.http_server (http_server.py:115): HTTP "GET /_forensic/trace_sequence HTTP/1.1" 200 -
2026-05-25 18:58:19 [DEBUG   ] forensic.server.router (router.py:104): Router: GET /_forensic/report (ajax=False)
2026-05-25 18:58:19 [DEBUG   ] forensic.server.http_server (http_server.py:115): HTTP "GET /_forensic/report HTTP/1.1" 200 -
2026-05-25 18:58:19 [DEBUG   ] forensic.forensic_api.report (report.py:445): /_forensic/report (HTML) ausgeliefert: user_id=2948078
2026-05-25 18:58:19 [DEBUG   ] forensic.server.router (router.py:104): Router: GET /_forensic/userinfo.css (ajax=False)
2026-05-25 18:58:19 [DEBUG   ] forensic.server.router (router.py:104): Router: GET /_forensic/static/editor/editor.bundle.js (ajax=False)
2026-05-25 18:58:19 [DEBUG   ] forensic.server.router (router.py:104): Router: GET /_forensic/placeholder_chips.js (ajax=False)
2026-05-25 18:58:19 [DEBUG   ] forensic.server.router (router.py:104): Router: GET /_forensic/report.css (ajax=False)
2026-05-25 18:58:19 [DEBUG   ] forensic.server.router (router.py:104): Router: GET /_forensic/debug_events.js (ajax=False)
2026-05-25 18:58:19 [DEBUG   ] forensic.forensic_api.static (static.py:139): Static: '/_forensic/userinfo.css' ausgeliefert (47040 bytes)
2026-05-25 18:58:19 [DEBUG   ] forensic.server.http_server (http_server.py:115): HTTP "GET /_forensic/userinfo.css HTTP/1.1" 200 -
2026-05-25 18:58:19 [DEBUG   ] forensic.forensic_api.static (static.py:203): Editor-Asset: 'editor.bundle.js' ausgeliefert (367283 bytes)
2026-05-25 18:58:19 [DEBUG   ] forensic.server.http_server (http_server.py:115): HTTP "GET /_forensic/static/editor/editor.bundle.js HTTP/1.1" 200 -
2026-05-25 18:58:19 [DEBUG   ] forensic.forensic_api.static (static.py:139): Static: '/_forensic/report.css' ausgeliefert (90467 bytes)
2026-05-25 18:58:19 [DEBUG   ] forensic.forensic_api.static (static.py:139): Static: '/_forensic/debug_events.js' ausgeliefert (10500 bytes)
2026-05-25 18:58:19 [DEBUG   ] forensic.server.http_server (http_server.py:115): HTTP "GET /_forensic/report.css HTTP/1.1" 200 -
2026-05-25 18:58:19 [DEBUG   ] forensic.forensic_api.static (static.py:139): Static: '/_forensic/placeholder_chips.js' ausgeliefert (20569 bytes)
2026-05-25 18:58:19 [DEBUG   ] forensic.server.http_server (http_server.py:115): HTTP "GET /_forensic/debug_events.js HTTP/1.1" 200 -
2026-05-25 18:58:19 [DEBUG   ] forensic.server.http_server (http_server.py:115): HTTP "GET /_forensic/placeholder_chips.js HTTP/1.1" 200 -
2026-05-25 18:58:19 [DEBUG   ] forensic.server.router (router.py:104): Router: GET /_forensic/placeholder_wizard.js (ajax=False)
2026-05-25 18:58:19 [DEBUG   ] forensic.forensic_api.static (static.py:139): Static: '/_forensic/placeholder_wizard.js' ausgeliefert (28398 bytes)
2026-05-25 18:58:19 [DEBUG   ] forensic.server.http_server (http_server.py:115): HTTP "GET /_forensic/placeholder_wizard.js HTTP/1.1" 200 -
2026-05-25 18:58:19 [DEBUG   ] forensic.server.router (router.py:104): Router: GET /_forensic/module_panel.js (ajax=False)
2026-05-25 18:58:19 [DEBUG   ] forensic.forensic_api.static (static.py:139): Static: '/_forensic/module_panel.js' ausgeliefert (56737 bytes)
2026-05-25 18:58:19 [DEBUG   ] forensic.server.http_server (http_server.py:115): HTTP "GET /_forensic/module_panel.js HTTP/1.1" 200 -
2026-05-25 18:58:19 [DEBUG   ] forensic.server.router (router.py:104): Router: GET /_forensic/annotation_sidebar.js (ajax=False)
2026-05-25 18:58:19 [DEBUG   ] forensic.server.router (router.py:104): Router: GET /_forensic/comment_thread.js (ajax=False)
2026-05-25 18:58:19 [DEBUG   ] forensic.forensic_api.static (static.py:139): Static: '/_forensic/comment_thread.js' ausgeliefert (17543 bytes)
2026-05-25 18:58:19 [DEBUG   ] forensic.server.http_server (http_server.py:115): HTTP "GET /_forensic/comment_thread.js HTTP/1.1" 200 -
2026-05-25 18:58:19 [DEBUG   ] forensic.forensic_api.static (static.py:139): Static: '/_forensic/annotation_sidebar.js' ausgeliefert (30187 bytes)
2026-05-25 18:58:19 [DEBUG   ] forensic.server.router (router.py:104): Router: GET /_forensic/report_editor.js (ajax=False)
2026-05-25 18:58:19 [DEBUG   ] forensic.server.http_server (http_server.py:115): HTTP "GET /_forensic/annotation_sidebar.js HTTP/1.1" 200 -
2026-05-25 18:58:19 [DEBUG   ] forensic.server.router (router.py:104): Router: GET /_forensic/userinfo.js (ajax=False)
2026-05-25 18:58:19 [DEBUG   ] forensic.forensic_api.static (static.py:139): Static: '/_forensic/userinfo.js' ausgeliefert (51136 bytes)
2026-05-25 18:58:19 [DEBUG   ] forensic.server.http_server (http_server.py:115): HTTP "GET /_forensic/userinfo.js HTTP/1.1" 200 -
2026-05-25 18:58:19 [DEBUG   ] forensic.forensic_api.static (static.py:139): Static: '/_forensic/report_editor.js' ausgeliefert (162525 bytes)
2026-05-25 18:58:19 [DEBUG   ] forensic.server.http_server (http_server.py:115): HTTP "GET /_forensic/report_editor.js HTTP/1.1" 200 -
2026-05-25 18:58:19 [DEBUG   ] forensic.server.router (router.py:104): Router: GET /_forensic/version (ajax=True)
2026-05-25 18:58:19 [DEBUG   ] forensic.server.http_server (http_server.py:115): HTTP "GET /_forensic/version HTTP/1.1" 200 -
2026-05-25 18:58:30 [DEBUG   ] forensic.server.router (router.py:104): Router: GET /_forensic/report.css (ajax=False)
2026-05-25 18:58:30 [DEBUG   ] forensic.server.router (router.py:104): Router: GET /_forensic/userinfo.css (ajax=False)
2026-05-25 18:58:30 [DEBUG   ] forensic.forensic_api.static (static.py:139): Static: '/_forensic/userinfo.css' ausgeliefert (47040 bytes)
2026-05-25 18:58:30 [DEBUG   ] forensic.server.http_server (http_server.py:115): HTTP "GET /_forensic/userinfo.css HTTP/1.1" 200 -
2026-05-25 18:58:30 [DEBUG   ] forensic.forensic_api.static (static.py:139): Static: '/_forensic/report.css' ausgeliefert (90467 bytes)
2026-05-25 18:58:30 [DEBUG   ] forensic.server.http_server (http_server.py:115): HTTP "GET /_forensic/report.css HTTP/1.1" 200 -
2026-05-25 18:58:30 [DEBUG   ] forensic.server.router (router.py:104): Router: GET /.well-known/appspecific/com.chrome.devtools.json (ajax=False)
2026-05-25 18:58:30 [DEBUG   ] forensic.db.forensic_db (forensic_db.py:264): Seite nicht im Scope: '/.well-known/appspecific/com.chrome.devtools.json' (method=GET)
2026-05-25 18:58:30 [DEBUG   ] forensic.server.shell_handler (shell_handler.py:133): Shell: NOT_IN_SCOPE für '/.well-known/appspecific/com.chrome.devtools.json'
2026-05-25 18:58:30 [DEBUG   ] forensic.server.http_server (http_server.py:115): HTTP "GET /.well-known/appspecific/com.chrome.devtools.json HTTP/1.1" 404 -
2026-05-25 18:58:30 [DEBUG   ] forensic.server.router (router.py:104): Router: GET /_forensic/static/editor/editor.bundle.js.map (ajax=False)
2026-05-25 18:58:30 [DEBUG   ] forensic.forensic_api.static (static.py:203): Editor-Asset: 'editor.bundle.js.map' ausgeliefert (939250 bytes)
2026-05-25 18:58:30 [DEBUG   ] forensic.server.http_server (http_server.py:115): HTTP "GET /_forensic/static/editor/editor.bundle.js.map HTTP/1.1" 200 -
2026-05-25 18:58:31 [DEBUG   ] forensic (main.py:447): Watchdog: Heartbeat (Dump: 'logs/freeze_dump.txt')
2026-05-25 18:58:41 [DEBUG   ] forensic.server.router (router.py:104): Router: POST /_forensic/windows (ajax=True)
2026-05-25 18:58:41 [DEBUG   ] forensic.forensic_api.windows (windows.py:186): /_forensic/windows POST: Fenster '55ebea68-3a13-40ff-931d-93582500fe9d' (Rolle 'main') registriert
2026-05-25 18:58:41 [DEBUG   ] forensic.server.http_server (http_server.py:115): HTTP "POST /_forensic/windows HTTP/1.1" 200 -
2026-05-25 18:59:01 [DEBUG   ] forensic (main.py:447): Watchdog: Heartbeat (Dump: 'logs/freeze_dump.txt')
2026-05-25 18:59:11 [DEBUG   ] forensic.server.router (router.py:104): Router: POST /_forensic/windows (ajax=True)
2026-05-25 18:59:11 [DEBUG   ] forensic.forensic_api.windows (windows.py:186): /_forensic/windows POST: Fenster '55ebea68-3a13-40ff-931d-93582500fe9d' (Rolle 'main') registriert
2026-05-25 18:59:11 [DEBUG   ] forensic.server.http_server (http_server.py:115): HTTP "POST /_forensic/windows HTTP/1.1" 200 -
2026-05-25 18:59:31 [DEBUG   ] forensic (main.py:447): Watchdog: Heartbeat (Dump: 'logs/freeze_dump.txt')
2026-05-25 18:59:41 [DEBUG   ] forensic.server.router (router.py:104): Router: POST /_forensic/windows (ajax=True)
2026-05-25 18:59:41 [DEBUG   ] forensic.forensic_api.windows (windows.py:186): /_forensic/windows POST: Fenster '55ebea68-3a13-40ff-931d-93582500fe9d' (Rolle 'main') registriert
2026-05-25 18:59:41 [DEBUG   ] forensic.server.http_server (http_server.py:115): HTTP "POST /_forensic/windows HTTP/1.1" 200 -
2026-05-25 19:00:01 [DEBUG   ] forensic (main.py:447): Watchdog: Heartbeat (Dump: 'logs/freeze_dump.txt')
2026-05-25 19:00:11 [DEBUG   ] forensic.server.router (router.py:104): Router: POST /_forensic/windows (ajax=True)
2026-05-25 19:00:11 [DEBUG   ] forensic.forensic_api.windows (windows.py:186): /_forensic/windows POST: Fenster '55ebea68-3a13-40ff-931d-93582500fe9d' (Rolle 'main') registriert
2026-05-25 19:00:11 [DEBUG   ] forensic.server.http_server (http_server.py:115): HTTP "POST /_forensic/windows HTTP/1.1" 200 -
2026-05-25 19:00:31 [DEBUG   ] forensic (main.py:447): Watchdog: Heartbeat (Dump: 'logs/freeze_dump.txt')
2026-05-25 19:00:41 [DEBUG   ] forensic.server.router (router.py:104): Router: POST /_forensic/windows (ajax=True)
2026-05-25 19:00:41 [DEBUG   ] forensic.forensic_api.windows (windows.py:186): /_forensic/windows POST: Fenster '55ebea68-3a13-40ff-931d-93582500fe9d' (Rolle 'main') registriert
2026-05-25 19:00:41 [DEBUG   ] forensic.server.http_server (http_server.py:115): HTTP "POST /_forensic/windows HTTP/1.1" 200 -
2026-05-25 19:01:02 [DEBUG   ] forensic (main.py:447): Watchdog: Heartbeat (Dump: 'logs/freeze_dump.txt')
2026-05-25 19:01:11 [DEBUG   ] forensic.server.router (router.py:104): Router: POST /_forensic/windows (ajax=True)
2026-05-25 19:01:11 [DEBUG   ] forensic.forensic_api.windows (windows.py:186): /_forensic/windows POST: Fenster '55ebea68-3a13-40ff-931d-93582500fe9d' (Rolle 'main') registriert
2026-05-25 19:01:11 [DEBUG   ] forensic.server.http_server (http_server.py:115): HTTP "POST /_forensic/windows HTTP/1.1" 200 -
2026-05-25 19:01:32 [DEBUG   ] forensic (main.py:447): Watchdog: Heartbeat (Dump: 'logs/freeze_dump.txt')
2026-05-25 19:01:41 [DEBUG   ] forensic.server.router (router.py:104): Router: POST /_forensic/windows (ajax=True)
2026-05-25 19:01:41 [DEBUG   ] forensic.forensic_api.windows (windows.py:186): /_forensic/windows POST: Fenster '55ebea68-3a13-40ff-931d-93582500fe9d' (Rolle 'main') registriert
2026-05-25 19:01:41 [DEBUG   ] forensic.server.http_server (http_server.py:115): HTTP "POST /_forensic/windows HTTP/1.1" 200 -
2026-05-25 19:02:02 [DEBUG   ] forensic (main.py:447): Watchdog: Heartbeat (Dump: 'logs/freeze_dump.txt')
2026-05-25 19:02:11 [DEBUG   ] forensic.server.router (router.py:104): Router: POST /_forensic/windows (ajax=True)
2026-05-25 19:02:11 [DEBUG   ] forensic.forensic_api.windows (windows.py:186): /_forensic/windows POST: Fenster '55ebea68-3a13-40ff-931d-93582500fe9d' (Rolle 'main') registriert
2026-05-25 19:02:11 [DEBUG   ] forensic.server.http_server (http_server.py:115): HTTP "POST /_forensic/windows HTTP/1.1" 200 -
2026-05-25 19:02:32 [DEBUG   ] forensic (main.py:447): Watchdog: Heartbeat (Dump: 'logs/freeze_dump.txt')
2026-05-25 19:02:41 [DEBUG   ] forensic.server.router (router.py:104): Router: POST /_forensic/windows (ajax=True)
2026-05-25 19:02:41 [DEBUG   ] forensic.forensic_api.windows (windows.py:186): /_forensic/windows POST: Fenster '55ebea68-3a13-40ff-931d-93582500fe9d' (Rolle 'main') registriert
2026-05-25 19:02:41 [DEBUG   ] forensic.server.http_server (http_server.py:115): HTTP "POST /_forensic/windows HTTP/1.1" 200 -
2026-05-25 19:03:02 [DEBUG   ] forensic (main.py:447): Watchdog: Heartbeat (Dump: 'logs/freeze_dump.txt')
2026-05-25 19:03:11 [DEBUG   ] forensic.server.router (router.py:104): Router: POST /_forensic/windows (ajax=True)
2026-05-25 19:03:11 [DEBUG   ] forensic.forensic_api.windows (windows.py:186): /_forensic/windows POST: Fenster '55ebea68-3a13-40ff-931d-93582500fe9d' (Rolle 'main') registriert
2026-05-25 19:03:11 [DEBUG   ] forensic.server.http_server (http_server.py:115): HTTP "POST /_forensic/windows HTTP/1.1" 200 -
2026-05-25 19:03:32 [DEBUG   ] forensic (main.py:447): Watchdog: Heartbeat (Dump: 'logs/freeze_dump.txt')
2026-05-25 19:03:41 [DEBUG   ] forensic.server.router (router.py:104): Router: POST /_forensic/windows (ajax=True)
2026-05-25 19:03:41 [DEBUG   ] forensic.forensic_api.windows (windows.py:186): /_forensic/windows POST: Fenster '55ebea68-3a13-40ff-931d-93582500fe9d' (Rolle 'main') registriert
2026-05-25 19:03:41 [DEBUG   ] forensic.server.http_server (http_server.py:115): HTTP "POST /_forensic/windows HTTP/1.1" 200 -
2026-05-25 19:04:02 [DEBUG   ] forensic (main.py:447): Watchdog: Heartbeat (Dump: 'logs/freeze_dump.txt')
2026-05-25 19:04:11 [DEBUG   ] forensic.server.router (router.py:104): Router: POST /_forensic/windows (ajax=True)
2026-05-25 19:04:11 [DEBUG   ] forensic.forensic_api.windows (windows.py:186): /_forensic/windows POST: Fenster '55ebea68-3a13-40ff-931d-93582500fe9d' (Rolle 'main') registriert
2026-05-25 19:04:11 [DEBUG   ] forensic.server.http_server (http_server.py:115): HTTP "POST /_forensic/windows HTTP/1.1" 200 -
2026-05-25 19:04:32 [DEBUG   ] forensic (main.py:447): Watchdog: Heartbeat (Dump: 'logs/freeze_dump.txt')
2026-05-25 19:04:41 [DEBUG   ] forensic.server.router (router.py:104): Router: POST /_forensic/windows (ajax=True)
2026-05-25 19:04:41 [DEBUG   ] forensic.forensic_api.windows (windows.py:186): /_forensic/windows POST: Fenster '55ebea68-3a13-40ff-931d-93582500fe9d' (Rolle 'main') registriert
2026-05-25 19:04:41 [DEBUG   ] forensic.server.http_server (http_server.py:115): HTTP "POST /_forensic/windows HTTP/1.1" 200 -
2026-05-25 19:05:02 [DEBUG   ] forensic (main.py:447): Watchdog: Heartbeat (Dump: 'logs/freeze_dump.txt')
2026-05-25 19:05:11 [DEBUG   ] forensic.server.router (router.py:104): Router: POST /_forensic/windows (ajax=True)
2026-05-25 19:05:11 [DEBUG   ] forensic.forensic_api.windows (windows.py:186): /_forensic/windows POST: Fenster '55ebea68-3a13-40ff-931d-93582500fe9d' (Rolle 'main') registriert
2026-05-25 19:05:11 [DEBUG   ] forensic.server.http_server (http_server.py:115): HTTP "POST /_forensic/windows HTTP/1.1" 200 -
2026-05-25 19:05:32 [DEBUG   ] forensic (main.py:447): Watchdog: Heartbeat (Dump: 'logs/freeze_dump.txt')
2026-05-25 19:05:41 [DEBUG   ] forensic.server.router (router.py:104): Router: POST /_forensic/windows (ajax=True)
2026-05-25 19:05:41 [DEBUG   ] forensic.forensic_api.windows (windows.py:186): /_forensic/windows POST: Fenster '55ebea68-3a13-40ff-931d-93582500fe9d' (Rolle 'main') registriert
2026-05-25 19:05:41 [DEBUG   ] forensic.server.http_server (http_server.py:115): HTTP "POST /_forensic/windows HTTP/1.1" 200 -
2026-05-25 19:06:02 [DEBUG   ] forensic (main.py:447): Watchdog: Heartbeat (Dump: 'logs/freeze_dump.txt')
2026-05-25 19:06:11 [DEBUG   ] forensic.server.router (router.py:104): Router: POST /_forensic/windows (ajax=True)
2026-05-25 19:06:11 [DEBUG   ] forensic.forensic_api.windows (windows.py:186): /_forensic/windows POST: Fenster '55ebea68-3a13-40ff-931d-93582500fe9d' (Rolle 'main') registriert
2026-05-25 19:06:11 [DEBUG   ] forensic.server.http_server (http_server.py:115): HTTP "POST /_forensic/windows HTTP/1.1" 200 -
2026-05-25 19:06:32 [DEBUG   ] forensic (main.py:447): Watchdog: Heartbeat (Dump: 'logs/freeze_dump.txt')
2026-05-25 19:06:41 [DEBUG   ] forensic.server.router (router.py:104): Router: POST /_forensic/windows (ajax=True)
2026-05-25 19:06:41 [DEBUG   ] forensic.forensic_api.windows (windows.py:186): /_forensic/windows POST: Fenster '55ebea68-3a13-40ff-931d-93582500fe9d' (Rolle 'main') registriert
2026-05-25 19:06:41 [DEBUG   ] forensic.server.http_server (http_server.py:115): HTTP "POST /_forensic/windows HTTP/1.1" 200 -
2026-05-25 19:07:02 [DEBUG   ] forensic (main.py:447): Watchdog: Heartbeat (Dump: 'logs/freeze_dump.txt')
2026-05-25 19:07:11 [DEBUG   ] forensic.server.router (router.py:104): Router: POST /_forensic/windows (ajax=True)
2026-05-25 19:07:11 [DEBUG   ] forensic.forensic_api.windows (windows.py:186): /_forensic/windows POST: Fenster '55ebea68-3a13-40ff-931d-93582500fe9d' (Rolle 'main') registriert
2026-05-25 19:07:11 [DEBUG   ] forensic.server.http_server (http_server.py:115): HTTP "POST /_forensic/windows HTTP/1.1" 200 -
2026-05-25 19:07:32 [DEBUG   ] forensic (main.py:447): Watchdog: Heartbeat (Dump: 'logs/freeze_dump.txt')
2026-05-25 19:07:41 [DEBUG   ] forensic.server.router (router.py:104): Router: POST /_forensic/windows (ajax=True)
2026-05-25 19:07:41 [DEBUG   ] forensic.forensic_api.windows (windows.py:186): /_forensic/windows POST: Fenster '55ebea68-3a13-40ff-931d-93582500fe9d' (Rolle 'main') registriert
2026-05-25 19:07:41 [DEBUG   ] forensic.server.http_server (http_server.py:115): HTTP "POST /_forensic/windows HTTP/1.1" 200 -
2026-05-25 19:08:02 [DEBUG   ] forensic (main.py:447): Watchdog: Heartbeat (Dump: 'logs/freeze_dump.txt')
2026-05-25 19:08:11 [DEBUG   ] forensic.server.router (router.py:104): Router: POST /_forensic/windows (ajax=True)
2026-05-25 19:08:11 [DEBUG   ] forensic.forensic_api.windows (windows.py:186): /_forensic/windows POST: Fenster '55ebea68-3a13-40ff-931d-93582500fe9d' (Rolle 'main') registriert
2026-05-25 19:08:11 [DEBUG   ] forensic.server.http_server (http_server.py:115): HTTP "POST /_forensic/windows HTTP/1.1" 200 -
2026-05-25 19:08:32 [DEBUG   ] forensic (main.py:447): Watchdog: Heartbeat (Dump: 'logs/freeze_dump.txt')
2026-05-25 19:08:41 [DEBUG   ] forensic.server.router (router.py:104): Router: POST /_forensic/windows (ajax=True)
2026-05-25 19:08:41 [DEBUG   ] forensic.forensic_api.windows (windows.py:186): /_forensic/windows POST: Fenster '55ebea68-3a13-40ff-931d-93582500fe9d' (Rolle 'main') registriert
2026-05-25 19:08:41 [DEBUG   ] forensic.server.http_server (http_server.py:115): HTTP "POST /_forensic/windows HTTP/1.1" 200 -
2026-05-25 19:09:02 [DEBUG   ] forensic (main.py:447): Watchdog: Heartbeat (Dump: 'logs/freeze_dump.txt')
2026-05-25 19:09:11 [DEBUG   ] forensic.server.router (router.py:104): Router: POST /_forensic/windows (ajax=True)
2026-05-25 19:09:11 [DEBUG   ] forensic.forensic_api.windows (windows.py:186): /_forensic/windows POST: Fenster '55ebea68-3a13-40ff-931d-93582500fe9d' (Rolle 'main') registriert
2026-05-25 19:09:11 [DEBUG   ] forensic.server.http_server (http_server.py:115): HTTP "POST /_forensic/windows HTTP/1.1" 200 -
2026-05-25 19:09:32 [DEBUG   ] forensic (main.py:447): Watchdog: Heartbeat (Dump: 'logs/freeze_dump.txt')
2026-05-25 19:09:41 [DEBUG   ] forensic.server.router (router.py:104): Router: POST /_forensic/windows (ajax=True)
2026-05-25 19:09:41 [DEBUG   ] forensic.forensic_api.windows (windows.py:186): /_forensic/windows POST: Fenster '55ebea68-3a13-40ff-931d-93582500fe9d' (Rolle 'main') registriert
2026-05-25 19:09:41 [DEBUG   ] forensic.server.http_server (http_server.py:115): HTTP "POST /_forensic/windows HTTP/1.1" 200 -
2026-05-25 19:10:02 [DEBUG   ] forensic (main.py:447): Watchdog: Heartbeat (Dump: 'logs/freeze_dump.txt')
2026-05-25 19:10:11 [DEBUG   ] forensic.server.router (router.py:104): Router: POST /_forensic/windows (ajax=True)
2026-05-25 19:10:11 [DEBUG   ] forensic.forensic_api.windows (windows.py:186): /_forensic/windows POST: Fenster '55ebea68-3a13-40ff-931d-93582500fe9d' (Rolle 'main') registriert
2026-05-25 19:10:11 [DEBUG   ] forensic.server.http_server (http_server.py:115): HTTP "POST /_forensic/windows HTTP/1.1" 200 -
2026-05-25 19:10:32 [DEBUG   ] forensic (main.py:447): Watchdog: Heartbeat (Dump: 'logs/freeze_dump.txt')
2026-05-25 19:10:41 [DEBUG   ] forensic.server.router (router.py:104): Router: POST /_forensic/windows (ajax=True)
2026-05-25 19:10:41 [DEBUG   ] forensic.forensic_api.windows (windows.py:186): /_forensic/windows POST: Fenster '55ebea68-3a13-40ff-931d-93582500fe9d' (Rolle 'main') registriert
2026-05-25 19:10:41 [DEBUG   ] forensic.server.http_server (http_server.py:115): HTTP "POST /_forensic/windows HTTP/1.1" 200 -
2026-05-25 19:11:02 [DEBUG   ] forensic (main.py:447): Watchdog: Heartbeat (Dump: 'logs/freeze_dump.txt')
2026-05-25 19:11:11 [DEBUG   ] forensic.server.router (router.py:104): Router: POST /_forensic/windows (ajax=True)
2026-05-25 19:11:11 [DEBUG   ] forensic.forensic_api.windows (windows.py:186): /_forensic/windows POST: Fenster '55ebea68-3a13-40ff-931d-93582500fe9d' (Rolle 'main') registriert
2026-05-25 19:11:11 [DEBUG   ] forensic.server.http_server (http_server.py:115): HTTP "POST /_forensic/windows HTTP/1.1" 200 -
2026-05-25 19:11:32 [DEBUG   ] forensic (main.py:447): Watchdog: Heartbeat (Dump: 'logs/freeze_dump.txt')
2026-05-25 19:11:41 [DEBUG   ] forensic.server.router (router.py:104): Router: POST /_forensic/windows (ajax=True)
2026-05-25 19:11:41 [DEBUG   ] forensic.forensic_api.windows (windows.py:186): /_forensic/windows POST: Fenster '55ebea68-3a13-40ff-931d-93582500fe9d' (Rolle 'main') registriert
2026-05-25 19:11:41 [DEBUG   ] forensic.server.http_server (http_server.py:115): HTTP "POST /_forensic/windows HTTP/1.1" 200 -
2026-05-25 19:12:02 [DEBUG   ] forensic (main.py:447): Watchdog: Heartbeat (Dump: 'logs/freeze_dump.txt')
2026-05-25 19:12:11 [DEBUG   ] forensic.server.router (router.py:104): Router: POST /_forensic/windows (ajax=True)
2026-05-25 19:12:11 [DEBUG   ] forensic.forensic_api.windows (windows.py:186): /_forensic/windows POST: Fenster '55ebea68-3a13-40ff-931d-93582500fe9d' (Rolle 'main') registriert
2026-05-25 19:12:11 [DEBUG   ] forensic.server.http_server (http_server.py:115): HTTP "POST /_forensic/windows HTTP/1.1" 200 -
2026-05-25 19:12:32 [DEBUG   ] forensic (main.py:447): Watchdog: Heartbeat (Dump: 'logs/freeze_dump.txt')
2026-05-25 19:12:41 [DEBUG   ] forensic.server.router (router.py:104): Router: POST /_forensic/windows (ajax=True)
2026-05-25 19:12:41 [DEBUG   ] forensic.forensic_api.windows (windows.py:186): /_forensic/windows POST: Fenster '55ebea68-3a13-40ff-931d-93582500fe9d' (Rolle 'main') registriert
2026-05-25 19:12:41 [DEBUG   ] forensic.server.http_server (http_server.py:115): HTTP "POST /_forensic/windows HTTP/1.1" 200 -
2026-05-25 19:13:02 [DEBUG   ] forensic (main.py:447): Watchdog: Heartbeat (Dump: 'logs/freeze_dump.txt')
2026-05-25 19:13:11 [DEBUG   ] forensic.server.router (router.py:104): Router: POST /_forensic/windows (ajax=True)
2026-05-25 19:13:11 [DEBUG   ] forensic.forensic_api.windows (windows.py:186): /_forensic/windows POST: Fenster '55ebea68-3a13-40ff-931d-93582500fe9d' (Rolle 'main') registriert
2026-05-25 19:13:11 [DEBUG   ] forensic.server.http_server (http_server.py:115): HTTP "POST /_forensic/windows HTTP/1.1" 200 -
2026-05-25 19:13:32 [DEBUG   ] forensic (main.py:447): Watchdog: Heartbeat (Dump: 'logs/freeze_dump.txt')
2026-05-25 19:13:41 [DEBUG   ] forensic.server.router (router.py:104): Router: POST /_forensic/windows (ajax=True)
2026-05-25 19:13:41 [DEBUG   ] forensic.forensic_api.windows (windows.py:186): /_forensic/windows POST: Fenster '55ebea68-3a13-40ff-931d-93582500fe9d' (Rolle 'main') registriert
2026-05-25 19:13:41 [DEBUG   ] forensic.server.http_server (http_server.py:115): HTTP "POST /_forensic/windows HTTP/1.1" 200 -
2026-05-25 19:14:02 [DEBUG   ] forensic (main.py:447): Watchdog: Heartbeat (Dump: 'logs/freeze_dump.txt')
2026-05-25 19:14:11 [DEBUG   ] forensic.server.router (router.py:104): Router: POST /_forensic/windows (ajax=True)
2026-05-25 19:14:11 [DEBUG   ] forensic.forensic_api.windows (windows.py:186): /_forensic/windows POST: Fenster '55ebea68-3a13-40ff-931d-93582500fe9d' (Rolle 'main') registriert
2026-05-25 19:14:11 [DEBUG   ] forensic.server.http_server (http_server.py:115): HTTP "POST /_forensic/windows HTTP/1.1" 200 -
2026-05-25 19:14:32 [DEBUG   ] forensic (main.py:447): Watchdog: Heartbeat (Dump: 'logs/freeze_dump.txt')
2026-05-25 19:14:41 [DEBUG   ] forensic.server.router (router.py:104): Router: POST /_forensic/windows (ajax=True)
2026-05-25 19:14:41 [DEBUG   ] forensic.forensic_api.windows (windows.py:186): /_forensic/windows POST: Fenster '55ebea68-3a13-40ff-931d-93582500fe9d' (Rolle 'main') registriert
2026-05-25 19:14:41 [DEBUG   ] forensic.server.http_server (http_server.py:115): HTTP "POST /_forensic/windows HTTP/1.1" 200 -
2026-05-25 19:15:02 [DEBUG   ] forensic (main.py:447): Watchdog: Heartbeat (Dump: 'logs/freeze_dump.txt')
2026-05-25 19:15:11 [DEBUG   ] forensic.server.router (router.py:104): Router: POST /_forensic/windows (ajax=True)
2026-05-25 19:15:11 [DEBUG   ] forensic.forensic_api.windows (windows.py:186): /_forensic/windows POST: Fenster '55ebea68-3a13-40ff-931d-93582500fe9d' (Rolle 'main') registriert
2026-05-25 19:15:11 [DEBUG   ] forensic.server.http_server (http_server.py:115): HTTP "POST /_forensic/windows HTTP/1.1" 200 -
2026-05-25 19:15:32 [DEBUG   ] forensic (main.py:447): Watchdog: Heartbeat (Dump: 'logs/freeze_dump.txt')
2026-05-25 19:15:41 [DEBUG   ] forensic.server.router (router.py:104): Router: POST /_forensic/windows (ajax=True)
2026-05-25 19:15:41 [DEBUG   ] forensic.forensic_api.windows (windows.py:186): /_forensic/windows POST: Fenster '55ebea68-3a13-40ff-931d-93582500fe9d' (Rolle 'main') registriert
2026-05-25 19:15:41 [DEBUG   ] forensic.server.http_server (http_server.py:115): HTTP "POST /_forensic/windows HTTP/1.1" 200 -
2026-05-25 19:16:02 [DEBUG   ] forensic (main.py:447): Watchdog: Heartbeat (Dump: 'logs/freeze_dump.txt')
2026-05-25 19:16:11 [DEBUG   ] forensic.server.router (router.py:104): Router: POST /_forensic/windows (ajax=True)
2026-05-25 19:16:11 [DEBUG   ] forensic.forensic_api.windows (windows.py:186): /_forensic/windows POST: Fenster '55ebea68-3a13-40ff-931d-93582500fe9d' (Rolle 'main') registriert
2026-05-25 19:16:11 [DEBUG   ] forensic.server.http_server (http_server.py:115): HTTP "POST /_forensic/windows HTTP/1.1" 200 -
2026-05-25 19:16:32 [DEBUG   ] forensic (main.py:447): Watchdog: Heartbeat (Dump: 'logs/freeze_dump.txt')
2026-05-25 19:16:41 [DEBUG   ] forensic.server.router (router.py:104): Router: POST /_forensic/windows (ajax=True)
2026-05-25 19:16:41 [DEBUG   ] forensic.forensic_api.windows (windows.py:186): /_forensic/windows POST: Fenster '55ebea68-3a13-40ff-931d-93582500fe9d' (Rolle 'main') registriert
2026-05-25 19:16:41 [DEBUG   ] forensic.server.http_server (http_server.py:115): HTTP "POST /_forensic/windows HTTP/1.1" 200 -
2026-05-25 19:17:02 [DEBUG   ] forensic (main.py:447): Watchdog: Heartbeat (Dump: 'logs/freeze_dump.txt')
2026-05-25 19:17:11 [DEBUG   ] forensic.server.router (router.py:104): Router: POST /_forensic/windows (ajax=True)
2026-05-25 19:17:11 [DEBUG   ] forensic.forensic_api.windows (windows.py:186): /_forensic/windows POST: Fenster '55ebea68-3a13-40ff-931d-93582500fe9d' (Rolle 'main') registriert
2026-05-25 19:17:11 [DEBUG   ] forensic.server.http_server (http_server.py:115): HTTP "POST /_forensic/windows HTTP/1.1" 200 -
2026-05-25 19:17:32 [DEBUG   ] forensic (main.py:447): Watchdog: Heartbeat (Dump: 'logs/freeze_dump.txt')
2026-05-25 19:17:41 [DEBUG   ] forensic.server.router (router.py:104): Router: POST /_forensic/windows (ajax=True)
2026-05-25 19:17:41 [DEBUG   ] forensic.forensic_api.windows (windows.py:186): /_forensic/windows POST: Fenster '55ebea68-3a13-40ff-931d-93582500fe9d' (Rolle 'main') registriert
2026-05-25 19:17:41 [DEBUG   ] forensic.server.http_server (http_server.py:115): HTTP "POST /_forensic/windows HTTP/1.1" 200 -
2026-05-25 19:18:02 [DEBUG   ] forensic (main.py:447): Watchdog: Heartbeat (Dump: 'logs/freeze_dump.txt')
2026-05-25 19:18:11 [DEBUG   ] forensic.server.router (router.py:104): Router: POST /_forensic/windows (ajax=True)
2026-05-25 19:18:11 [DEBUG   ] forensic.forensic_api.windows (windows.py:186): /_forensic/windows POST: Fenster '55ebea68-3a13-40ff-931d-93582500fe9d' (Rolle 'main') registriert
2026-05-25 19:18:11 [DEBUG   ] forensic.server.http_server (http_server.py:115): HTTP "POST /_forensic/windows HTTP/1.1" 200 -
2026-05-25 19:18:32 [DEBUG   ] forensic (main.py:447): Watchdog: Heartbeat (Dump: 'logs/freeze_dump.txt')
2026-05-25 19:18:41 [DEBUG   ] forensic.server.router (router.py:104): Router: POST /_forensic/windows (ajax=True)
2026-05-25 19:18:41 [DEBUG   ] forensic.forensic_api.windows (windows.py:186): /_forensic/windows POST: Fenster '55ebea68-3a13-40ff-931d-93582500fe9d' (Rolle 'main') registriert
2026-05-25 19:18:41 [DEBUG   ] forensic.server.http_server (http_server.py:115): HTTP "POST /_forensic/windows HTTP/1.1" 200 -
2026-05-25 19:19:02 [DEBUG   ] forensic (main.py:447): Watchdog: Heartbeat (Dump: 'logs/freeze_dump.txt')
2026-05-25 19:19:11 [DEBUG   ] forensic.server.router (router.py:104): Router: POST /_forensic/windows (ajax=True)
2026-05-25 19:19:11 [DEBUG   ] forensic.forensic_api.windows (windows.py:186): /_forensic/windows POST: Fenster '55ebea68-3a13-40ff-931d-93582500fe9d' (Rolle 'main') registriert
2026-05-25 19:19:11 [DEBUG   ] forensic.server.http_server (http_server.py:115): HTTP "POST /_forensic/windows HTTP/1.1" 200 -
2026-05-25 19:19:32 [DEBUG   ] forensic (main.py:447): Watchdog: Heartbeat (Dump: 'logs/freeze_dump.txt')
2026-05-25 19:19:41 [DEBUG   ] forensic.server.router (router.py:104): Router: POST /_forensic/windows (ajax=True)
2026-05-25 19:19:41 [DEBUG   ] forensic.forensic_api.windows (windows.py:186): /_forensic/windows POST: Fenster '55ebea68-3a13-40ff-931d-93582500fe9d' (Rolle 'main') registriert
2026-05-25 19:19:41 [DEBUG   ] forensic.server.http_server (http_server.py:115): HTTP "POST /_forensic/windows HTTP/1.1" 200 -
2026-05-25 19:20:02 [DEBUG   ] forensic (main.py:447): Watchdog: Heartbeat (Dump: 'logs/freeze_dump.txt')
2026-05-25 19:20:11 [DEBUG   ] forensic.server.router (router.py:104): Router: POST /_forensic/windows (ajax=True)
2026-05-25 19:20:11 [DEBUG   ] forensic.forensic_api.windows (windows.py:186): /_forensic/windows POST: Fenster '55ebea68-3a13-40ff-931d-93582500fe9d' (Rolle 'main') registriert
2026-05-25 19:20:11 [DEBUG   ] forensic.server.http_server (http_server.py:115): HTTP "POST /_forensic/windows HTTP/1.1" 200 -
2026-05-25 19:20:32 [DEBUG   ] forensic (main.py:447): Watchdog: Heartbeat (Dump: 'logs/freeze_dump.txt')
2026-05-25 19:20:41 [DEBUG   ] forensic.server.router (router.py:104): Router: POST /_forensic/windows (ajax=True)
2026-05-25 19:20:41 [DEBUG   ] forensic.forensic_api.windows (windows.py:186): /_forensic/windows POST: Fenster '55ebea68-3a13-40ff-931d-93582500fe9d' (Rolle 'main') registriert
2026-05-25 19:20:41 [DEBUG   ] forensic.server.http_server (http_server.py:115): HTTP "POST /_forensic/windows HTTP/1.1" 200 -
2026-05-25 19:21:02 [DEBUG   ] forensic (main.py:447): Watchdog: Heartbeat (Dump: 'logs/freeze_dump.txt')
2026-05-25 19:21:11 [DEBUG   ] forensic.server.router (router.py:104): Router: POST /_forensic/windows (ajax=True)
2026-05-25 19:21:11 [DEBUG   ] forensic.forensic_api.windows (windows.py:186): /_forensic/windows POST: Fenster '55ebea68-3a13-40ff-931d-93582500fe9d' (Rolle 'main') registriert
2026-05-25 19:21:11 [DEBUG   ] forensic.server.http_server (http_server.py:115): HTTP "POST /_forensic/windows HTTP/1.1" 200 -
2026-05-25 19:21:32 [DEBUG   ] forensic (main.py:447): Watchdog: Heartbeat (Dump: 'logs/freeze_dump.txt')
2026-05-25 19:21:41 [DEBUG   ] forensic.server.router (router.py:104): Router: POST /_forensic/windows (ajax=True)
2026-05-25 19:21:41 [DEBUG   ] forensic.forensic_api.windows (windows.py:186): /_forensic/windows POST: Fenster '55ebea68-3a13-40ff-931d-93582500fe9d' (Rolle 'main') registriert
2026-05-25 19:21:41 [DEBUG   ] forensic.server.http_server (http_server.py:115): HTTP "POST /_forensic/windows HTTP/1.1" 200 -
2026-05-25 19:22:02 [DEBUG   ] forensic (main.py:447): Watchdog: Heartbeat (Dump: 'logs/freeze_dump.txt')
2026-05-25 19:22:11 [DEBUG   ] forensic.server.router (router.py:104): Router: POST /_forensic/windows (ajax=True)
2026-05-25 19:22:11 [DEBUG   ] forensic.forensic_api.windows (windows.py:186): /_forensic/windows POST: Fenster '55ebea68-3a13-40ff-931d-93582500fe9d' (Rolle 'main') registriert
2026-05-25 19:22:11 [DEBUG   ] forensic.server.http_server (http_server.py:115): HTTP "POST /_forensic/windows HTTP/1.1" 200 -
2026-05-25 19:22:32 [DEBUG   ] forensic (main.py:447): Watchdog: Heartbeat (Dump: 'logs/freeze_dump.txt')
2026-05-25 19:22:41 [DEBUG   ] forensic.server.router (router.py:104): Router: POST /_forensic/windows (ajax=True)
2026-05-25 19:22:41 [DEBUG   ] forensic.forensic_api.windows (windows.py:186): /_forensic/windows POST: Fenster '55ebea68-3a13-40ff-931d-93582500fe9d' (Rolle 'main') registriert
2026-05-25 19:22:41 [DEBUG   ] forensic.server.http_server (http_server.py:115): HTTP "POST /_forensic/windows HTTP/1.1" 200 -
2026-05-25 19:23:02 [DEBUG   ] forensic (main.py:447): Watchdog: Heartbeat (Dump: 'logs/freeze_dump.txt')
2026-05-25 19:23:11 [DEBUG   ] forensic.server.router (router.py:104): Router: POST /_forensic/windows (ajax=True)
2026-05-25 19:23:11 [DEBUG   ] forensic.forensic_api.windows (windows.py:186): /_forensic/windows POST: Fenster '55ebea68-3a13-40ff-931d-93582500fe9d' (Rolle 'main') registriert
2026-05-25 19:23:11 [DEBUG   ] forensic.server.http_server (http_server.py:115): HTTP "POST /_forensic/windows HTTP/1.1" 200 -
2026-05-25 19:23:32 [DEBUG   ] forensic (main.py:447): Watchdog: Heartbeat (Dump: 'logs/freeze_dump.txt')
2026-05-25 19:23:41 [DEBUG   ] forensic.server.router (router.py:104): Router: POST /_forensic/windows (ajax=True)
2026-05-25 19:23:41 [DEBUG   ] forensic.forensic_api.windows (windows.py:186): /_forensic/windows POST: Fenster '55ebea68-3a13-40ff-931d-93582500fe9d' (Rolle 'main') registriert
2026-05-25 19:23:41 [DEBUG   ] forensic.server.http_server (http_server.py:115): HTTP "POST /_forensic/windows HTTP/1.1" 200 -
2026-05-25 19:24:02 [DEBUG   ] forensic (main.py:447): Watchdog: Heartbeat (Dump: 'logs/freeze_dump.txt')
2026-05-25 19:24:11 [DEBUG   ] forensic.server.router (router.py:104): Router: POST /_forensic/windows (ajax=True)
2026-05-25 19:24:11 [DEBUG   ] forensic.forensic_api.windows (windows.py:186): /_forensic/windows POST: Fenster '55ebea68-3a13-40ff-931d-93582500fe9d' (Rolle 'main') registriert
2026-05-25 19:24:11 [DEBUG   ] forensic.server.http_server (http_server.py:115): HTTP "POST /_forensic/windows HTTP/1.1" 200 -
2026-05-25 19:24:32 [DEBUG   ] forensic (main.py:447): Watchdog: Heartbeat (Dump: 'logs/freeze_dump.txt')
2026-05-25 19:24:41 [DEBUG   ] forensic.server.router (router.py:104): Router: POST /_forensic/windows (ajax=True)
2026-05-25 19:24:41 [DEBUG   ] forensic.forensic_api.windows (windows.py:186): /_forensic/windows POST: Fenster '55ebea68-3a13-40ff-931d-93582500fe9d' (Rolle 'main') registriert
2026-05-25 19:24:41 [DEBUG   ] forensic.server.http_server (http_server.py:115): HTTP "POST /_forensic/windows HTTP/1.1" 200 -
2026-05-25 19:25:02 [DEBUG   ] forensic (main.py:447): Watchdog: Heartbeat (Dump: 'logs/freeze_dump.txt')
2026-05-25 19:25:11 [DEBUG   ] forensic.server.router (router.py:104): Router: POST /_forensic/windows (ajax=True)
2026-05-25 19:25:11 [DEBUG   ] forensic.forensic_api.windows (windows.py:186): /_forensic/windows POST: Fenster '55ebea68-3a13-40ff-931d-93582500fe9d' (Rolle 'main') registriert
2026-05-25 19:25:11 [DEBUG   ] forensic.server.http_server (http_server.py:115): HTTP "POST /_forensic/windows HTTP/1.1" 200 -
2026-05-25 19:25:32 [DEBUG   ] forensic (main.py:447): Watchdog: Heartbeat (Dump: 'logs/freeze_dump.txt')
2026-05-25 19:25:41 [DEBUG   ] forensic.server.router (router.py:104): Router: POST /_forensic/windows (ajax=True)
2026-05-25 19:25:41 [DEBUG   ] forensic.forensic_api.windows (windows.py:186): /_forensic/windows POST: Fenster '55ebea68-3a13-40ff-931d-93582500fe9d' (Rolle 'main') registriert
2026-05-25 19:25:41 [DEBUG   ] forensic.server.http_server (http_server.py:115): HTTP "POST /_forensic/windows HTTP/1.1" 200 -
2026-05-25 19:26:02 [DEBUG   ] forensic (main.py:447): Watchdog: Heartbeat (Dump: 'logs/freeze_dump.txt')
2026-05-25 19:26:11 [DEBUG   ] forensic.server.router (router.py:104): Router: POST /_forensic/windows (ajax=True)
2026-05-25 19:26:11 [DEBUG   ] forensic.forensic_api.windows (windows.py:186): /_forensic/windows POST: Fenster '55ebea68-3a13-40ff-931d-93582500fe9d' (Rolle 'main') registriert
2026-05-25 19:26:11 [DEBUG   ] forensic.server.http_server (http_server.py:115): HTTP "POST /_forensic/windows HTTP/1.1" 200 -
2026-05-25 19:26:32 [DEBUG   ] forensic (main.py:447): Watchdog: Heartbeat (Dump: 'logs/freeze_dump.txt')
2026-05-25 19:26:41 [DEBUG   ] forensic.server.router (router.py:104): Router: POST /_forensic/windows (ajax=True)
2026-05-25 19:26:41 [DEBUG   ] forensic.forensic_api.windows (windows.py:186): /_forensic/windows POST: Fenster '55ebea68-3a13-40ff-931d-93582500fe9d' (Rolle 'main') registriert
2026-05-25 19:26:41 [DEBUG   ] forensic.server.http_server (http_server.py:115): HTTP "POST /_forensic/windows HTTP/1.1" 200 -
2026-05-25 19:27:02 [DEBUG   ] forensic (main.py:447): Watchdog: Heartbeat (Dump: 'logs/freeze_dump.txt')
2026-05-25 19:27:11 [DEBUG   ] forensic.server.router (router.py:104): Router: POST /_forensic/windows (ajax=True)
2026-05-25 19:27:11 [DEBUG   ] forensic.forensic_api.windows (windows.py:186): /_forensic/windows POST: Fenster '55ebea68-3a13-40ff-931d-93582500fe9d' (Rolle 'main') registriert
2026-05-25 19:27:11 [DEBUG   ] forensic.server.http_server (http_server.py:115): HTTP "POST /_forensic/windows HTTP/1.1" 200 -
2026-05-25 19:27:32 [DEBUG   ] forensic (main.py:447): Watchdog: Heartbeat (Dump: 'logs/freeze_dump.txt')
2026-05-25 19:27:41 [DEBUG   ] forensic.server.router (router.py:104): Router: POST /_forensic/windows (ajax=True)
2026-05-25 19:27:41 [DEBUG   ] forensic.forensic_api.windows (windows.py:186): /_forensic/windows POST: Fenster '55ebea68-3a13-40ff-931d-93582500fe9d' (Rolle 'main') registriert
2026-05-25 19:27:41 [DEBUG   ] forensic.server.http_server (http_server.py:115): HTTP "POST /_forensic/windows HTTP/1.1" 200 -
2026-05-25 19:28:02 [DEBUG   ] forensic (main.py:447): Watchdog: Heartbeat (Dump: 'logs/freeze_dump.txt')
2026-05-25 19:28:11 [DEBUG   ] forensic.server.router (router.py:104): Router: POST /_forensic/windows (ajax=True)
2026-05-25 19:28:11 [DEBUG   ] forensic.forensic_api.windows (windows.py:186): /_forensic/windows POST: Fenster '55ebea68-3a13-40ff-931d-93582500fe9d' (Rolle 'main') registriert
2026-05-25 19:28:11 [DEBUG   ] forensic.server.http_server (http_server.py:115): HTTP "POST /_forensic/windows HTTP/1.1" 200 -
2026-05-25 19:28:32 [DEBUG   ] forensic (main.py:447): Watchdog: Heartbeat (Dump: 'logs/freeze_dump.txt')
2026-05-25 19:28:41 [DEBUG   ] forensic.server.router (router.py:104): Router: POST /_forensic/windows (ajax=True)
2026-05-25 19:28:41 [DEBUG   ] forensic.forensic_api.windows (windows.py:186): /_forensic/windows POST: Fenster '55ebea68-3a13-40ff-931d-93582500fe9d' (Rolle 'main') registriert
2026-05-25 19:28:41 [DEBUG   ] forensic.server.http_server (http_server.py:115): HTTP "POST /_forensic/windows HTTP/1.1" 200 -
2026-05-25 19:29:02 [DEBUG   ] forensic (main.py:447): Watchdog: Heartbeat (Dump: 'logs/freeze_dump.txt')
2026-05-25 19:29:11 [DEBUG   ] forensic.server.router (router.py:104): Router: POST /_forensic/windows (ajax=True)
2026-05-25 19:29:11 [DEBUG   ] forensic.forensic_api.windows (windows.py:186): /_forensic/windows POST: Fenster '55ebea68-3a13-40ff-931d-93582500fe9d' (Rolle 'main') registriert
2026-05-25 19:29:11 [DEBUG   ] forensic.server.http_server (http_server.py:115): HTTP "POST /_forensic/windows HTTP/1.1" 200 -
2026-05-25 19:29:32 [DEBUG   ] forensic (main.py:447): Watchdog: Heartbeat (Dump: 'logs/freeze_dump.txt')
2026-05-25 19:29:41 [DEBUG   ] forensic.server.router (router.py:104): Router: POST /_forensic/windows (ajax=True)
2026-05-25 19:29:41 [DEBUG   ] forensic.forensic_api.windows (windows.py:186): /_forensic/windows POST: Fenster '55ebea68-3a13-40ff-931d-93582500fe9d' (Rolle 'main') registriert
2026-05-25 19:29:41 [DEBUG   ] forensic.server.http_server (http_server.py:115): HTTP "POST /_forensic/windows HTTP/1.1" 200 -
2026-05-25 19:30:02 [DEBUG   ] forensic (main.py:447): Watchdog: Heartbeat (Dump: 'logs/freeze_dump.txt')
2026-05-25 19:30:11 [DEBUG   ] forensic.server.router (router.py:104): Router: POST /_forensic/windows (ajax=True)
2026-05-25 19:30:11 [DEBUG   ] forensic.forensic_api.windows (windows.py:186): /_forensic/windows POST: Fenster '55ebea68-3a13-40ff-931d-93582500fe9d' (Rolle 'main') registriert
2026-05-25 19:30:11 [DEBUG   ] forensic.server.http_server (http_server.py:115): HTTP "POST /_forensic/windows HTTP/1.1" 200 -
2026-05-25 19:30:32 [DEBUG   ] forensic (main.py:447): Watchdog: Heartbeat (Dump: 'logs/freeze_dump.txt')
2026-05-25 19:30:41 [DEBUG   ] forensic.server.router (router.py:104): Router: POST /_forensic/windows (ajax=True)
2026-05-25 19:30:41 [DEBUG   ] forensic.forensic_api.windows (windows.py:186): /_forensic/windows POST: Fenster '55ebea68-3a13-40ff-931d-93582500fe9d' (Rolle 'main') registriert
2026-05-25 19:30:41 [DEBUG   ] forensic.server.http_server (http_server.py:115): HTTP "POST /_forensic/windows HTTP/1.1" 200 -
2026-05-25 19:31:02 [DEBUG   ] forensic (main.py:447): Watchdog: Heartbeat (Dump: 'logs/freeze_dump.txt')
2026-05-25 19:31:11 [DEBUG   ] forensic.server.router (router.py:104): Router: POST /_forensic/windows (ajax=True)
2026-05-25 19:31:11 [DEBUG   ] forensic.forensic_api.windows (windows.py:186): /_forensic/windows POST: Fenster '55ebea68-3a13-40ff-931d-93582500fe9d' (Rolle 'main') registriert
2026-05-25 19:31:11 [DEBUG   ] forensic.server.http_server (http_server.py:115): HTTP "POST /_forensic/windows HTTP/1.1" 200 -
2026-05-25 19:31:32 [DEBUG   ] forensic (main.py:447): Watchdog: Heartbeat (Dump: 'logs/freeze_dump.txt')
2026-05-25 19:31:41 [DEBUG   ] forensic.server.router (router.py:104): Router: POST /_forensic/windows (ajax=True)
2026-05-25 19:31:41 [DEBUG   ] forensic.forensic_api.windows (windows.py:186): /_forensic/windows POST: Fenster '55ebea68-3a13-40ff-931d-93582500fe9d' (Rolle 'main') registriert
2026-05-25 19:31:41 [DEBUG   ] forensic.server.http_server (http_server.py:115): HTTP "POST /_forensic/windows HTTP/1.1" 200 -
2026-05-25 19:32:02 [DEBUG   ] forensic (main.py:447): Watchdog: Heartbeat (Dump: 'logs/freeze_dump.txt')
2026-05-25 19:32:11 [DEBUG   ] forensic.server.router (router.py:104): Router: POST /_forensic/windows (ajax=True)
2026-05-25 19:32:11 [DEBUG   ] forensic.forensic_api.windows (windows.py:186): /_forensic/windows POST: Fenster '55ebea68-3a13-40ff-931d-93582500fe9d' (Rolle 'main') registriert
2026-05-25 19:32:11 [DEBUG   ] forensic.server.http_server (http_server.py:115): HTTP "POST /_forensic/windows HTTP/1.1" 200 -
2026-05-25 19:32:32 [DEBUG   ] forensic (main.py:447): Watchdog: Heartbeat (Dump: 'logs/freeze_dump.txt')
2026-05-25 19:32:41 [DEBUG   ] forensic.server.router (router.py:104): Router: POST /_forensic/windows (ajax=True)
2026-05-25 19:32:41 [DEBUG   ] forensic.forensic_api.windows (windows.py:186): /_forensic/windows POST: Fenster '55ebea68-3a13-40ff-931d-93582500fe9d' (Rolle 'main') registriert
2026-05-25 19:32:41 [DEBUG   ] forensic.server.http_server (http_server.py:115): HTTP "POST /_forensic/windows HTTP/1.1" 200 -
2026-05-25 19:33:02 [DEBUG   ] forensic (main.py:447): Watchdog: Heartbeat (Dump: 'logs/freeze_dump.txt')
2026-05-25 19:33:11 [DEBUG   ] forensic.server.router (router.py:104): Router: POST /_forensic/windows (ajax=True)
2026-05-25 19:33:11 [DEBUG   ] forensic.forensic_api.windows (windows.py:186): /_forensic/windows POST: Fenster '55ebea68-3a13-40ff-931d-93582500fe9d' (Rolle 'main') registriert
2026-05-25 19:33:11 [DEBUG   ] forensic.server.http_server (http_server.py:115): HTTP "POST /_forensic/windows HTTP/1.1" 200 -
2026-05-25 19:33:32 [DEBUG   ] forensic (main.py:447): Watchdog: Heartbeat (Dump: 'logs/freeze_dump.txt')
2026-05-25 19:33:41 [DEBUG   ] forensic.server.router (router.py:104): Router: POST /_forensic/windows (ajax=True)
2026-05-25 19:33:41 [DEBUG   ] forensic.forensic_api.windows (windows.py:186): /_forensic/windows POST: Fenster '55ebea68-3a13-40ff-931d-93582500fe9d' (Rolle 'main') registriert
2026-05-25 19:33:41 [DEBUG   ] forensic.server.http_server (http_server.py:115): HTTP "POST /_forensic/windows HTTP/1.1" 200 -
2026-05-25 19:34:02 [DEBUG   ] forensic (main.py:447): Watchdog: Heartbeat (Dump: 'logs/freeze_dump.txt')
2026-05-25 19:34:11 [DEBUG   ] forensic.server.router (router.py:104): Router: POST /_forensic/windows (ajax=True)
2026-05-25 19:34:11 [DEBUG   ] forensic.forensic_api.windows (windows.py:186): /_forensic/windows POST: Fenster '55ebea68-3a13-40ff-931d-93582500fe9d' (Rolle 'main') registriert
2026-05-25 19:34:11 [DEBUG   ] forensic.server.http_server (http_server.py:115): HTTP "POST /_forensic/windows HTTP/1.1" 200 -
2026-05-25 19:34:32 [DEBUG   ] forensic (main.py:447): Watchdog: Heartbeat (Dump: 'logs/freeze_dump.txt')
2026-05-25 19:34:41 [DEBUG   ] forensic.server.router (router.py:104): Router: POST /_forensic/windows (ajax=True)
2026-05-25 19:34:41 [DEBUG   ] forensic.forensic_api.windows (windows.py:186): /_forensic/windows POST: Fenster '55ebea68-3a13-40ff-931d-93582500fe9d' (Rolle 'main') registriert
2026-05-25 19:34:41 [DEBUG   ] forensic.server.http_server (http_server.py:115): HTTP "POST /_forensic/windows HTTP/1.1" 200 -
2026-05-25 19:35:02 [DEBUG   ] forensic (main.py:447): Watchdog: Heartbeat (Dump: 'logs/freeze_dump.txt')
2026-05-25 19:35:11 [DEBUG   ] forensic.server.router (router.py:104): Router: POST /_forensic/windows (ajax=True)
2026-05-25 19:35:11 [DEBUG   ] forensic.forensic_api.windows (windows.py:186): /_forensic/windows POST: Fenster '55ebea68-3a13-40ff-931d-93582500fe9d' (Rolle 'main') registriert
2026-05-25 19:35:11 [DEBUG   ] forensic.server.http_server (http_server.py:115): HTTP "POST /_forensic/windows HTTP/1.1" 200 -
2026-05-25 19:35:32 [DEBUG   ] forensic (main.py:447): Watchdog: Heartbeat (Dump: 'logs/freeze_dump.txt')
2026-05-25 19:35:41 [DEBUG   ] forensic.server.router (router.py:104): Router: POST /_forensic/windows (ajax=True)
2026-05-25 19:35:41 [DEBUG   ] forensic.forensic_api.windows (windows.py:186): /_forensic/windows POST: Fenster '55ebea68-3a13-40ff-931d-93582500fe9d' (Rolle 'main') registriert
2026-05-25 19:35:41 [DEBUG   ] forensic.server.http_server (http_server.py:115): HTTP "POST /_forensic/windows HTTP/1.1" 200 -
2026-05-25 19:36:02 [DEBUG   ] forensic (main.py:447): Watchdog: Heartbeat (Dump: 'logs/freeze_dump.txt')
2026-05-25 19:36:11 [DEBUG   ] forensic.server.router (router.py:104): Router: POST /_forensic/windows (ajax=True)
2026-05-25 19:36:11 [DEBUG   ] forensic.forensic_api.windows (windows.py:186): /_forensic/windows POST: Fenster '55ebea68-3a13-40ff-931d-93582500fe9d' (Rolle 'main') registriert
2026-05-25 19:36:11 [DEBUG   ] forensic.server.http_server (http_server.py:115): HTTP "POST /_forensic/windows HTTP/1.1" 200 -
2026-05-25 19:36:32 [DEBUG   ] forensic (main.py:447): Watchdog: Heartbeat (Dump: 'logs/freeze_dump.txt')
2026-05-25 19:36:41 [DEBUG   ] forensic.server.router (router.py:104): Router: POST /_forensic/windows (ajax=True)
2026-05-25 19:36:41 [DEBUG   ] forensic.forensic_api.windows (windows.py:186): /_forensic/windows POST: Fenster '55ebea68-3a13-40ff-931d-93582500fe9d' (Rolle 'main') registriert
2026-05-25 19:36:41 [DEBUG   ] forensic.server.http_server (http_server.py:115): HTTP "POST /_forensic/windows HTTP/1.1" 200 -
2026-05-25 19:37:02 [DEBUG   ] forensic (main.py:447): Watchdog: Heartbeat (Dump: 'logs/freeze_dump.txt')
2026-05-25 19:37:11 [DEBUG   ] forensic.server.router (router.py:104): Router: POST /_forensic/windows (ajax=True)
2026-05-25 19:37:11 [DEBUG   ] forensic.forensic_api.windows (windows.py:186): /_forensic/windows POST: Fenster '55ebea68-3a13-40ff-931d-93582500fe9d' (Rolle 'main') registriert
2026-05-25 19:37:11 [DEBUG   ] forensic.server.http_server (http_server.py:115): HTTP "POST /_forensic/windows HTTP/1.1" 200 -
2026-05-25 19:37:32 [DEBUG   ] forensic (main.py:447): Watchdog: Heartbeat (Dump: 'logs/freeze_dump.txt')
2026-05-25 19:37:41 [DEBUG   ] forensic.server.router (router.py:104): Router: POST /_forensic/windows (ajax=True)
2026-05-25 19:37:41 [DEBUG   ] forensic.forensic_api.windows (windows.py:186): /_forensic/windows POST: Fenster '55ebea68-3a13-40ff-931d-93582500fe9d' (Rolle 'main') registriert
2026-05-25 19:37:41 [DEBUG   ] forensic.server.http_server (http_server.py:115): HTTP "POST /_forensic/windows HTTP/1.1" 200 -
2026-05-25 19:38:02 [DEBUG   ] forensic (main.py:447): Watchdog: Heartbeat (Dump: 'logs/freeze_dump.txt')
2026-05-25 19:38:11 [DEBUG   ] forensic.server.router (router.py:104): Router: POST /_forensic/windows (ajax=True)
2026-05-25 19:38:11 [DEBUG   ] forensic.forensic_api.windows (windows.py:186): /_forensic/windows POST: Fenster '55ebea68-3a13-40ff-931d-93582500fe9d' (Rolle 'main') registriert
2026-05-25 19:38:11 [DEBUG   ] forensic.server.http_server (http_server.py:115): HTTP "POST /_forensic/windows HTTP/1.1" 200 -
2026-05-25 19:38:32 [DEBUG   ] forensic (main.py:447): Watchdog: Heartbeat (Dump: 'logs/freeze_dump.txt')
2026-05-25 19:38:41 [DEBUG   ] forensic.server.router (router.py:104): Router: POST /_forensic/windows (ajax=True)
2026-05-25 19:38:41 [DEBUG   ] forensic.forensic_api.windows (windows.py:186): /_forensic/windows POST: Fenster '55ebea68-3a13-40ff-931d-93582500fe9d' (Rolle 'main') registriert
2026-05-25 19:38:41 [DEBUG   ] forensic.server.http_server (http_server.py:115): HTTP "POST /_forensic/windows HTTP/1.1" 200 -
2026-05-25 19:39:02 [DEBUG   ] forensic (main.py:447): Watchdog: Heartbeat (Dump: 'logs/freeze_dump.txt')
2026-05-25 19:39:11 [DEBUG   ] forensic.server.router (router.py:104): Router: POST /_forensic/windows (ajax=True)
2026-05-25 19:39:11 [DEBUG   ] forensic.forensic_api.windows (windows.py:186): /_forensic/windows POST: Fenster '55ebea68-3a13-40ff-931d-93582500fe9d' (Rolle 'main') registriert
2026-05-25 19:39:11 [DEBUG   ] forensic.server.http_server (http_server.py:115): HTTP "POST /_forensic/windows HTTP/1.1" 200 -
2026-05-25 19:39:32 [DEBUG   ] forensic (main.py:447): Watchdog: Heartbeat (Dump: 'logs/freeze_dump.txt')
2026-05-25 19:39:41 [DEBUG   ] forensic.server.router (router.py:104): Router: POST /_forensic/windows (ajax=True)
2026-05-25 19:39:41 [DEBUG   ] forensic.forensic_api.windows (windows.py:186): /_forensic/windows POST: Fenster '55ebea68-3a13-40ff-931d-93582500fe9d' (Rolle 'main') registriert
2026-05-25 19:39:41 [DEBUG   ] forensic.server.http_server (http_server.py:115): HTTP "POST /_forensic/windows HTTP/1.1" 200 -
2026-05-25 19:40:02 [DEBUG   ] forensic (main.py:447): Watchdog: Heartbeat (Dump: 'logs/freeze_dump.txt')
2026-05-25 19:40:11 [DEBUG   ] forensic.server.router (router.py:104): Router: POST /_forensic/windows (ajax=True)
2026-05-25 19:40:11 [DEBUG   ] forensic.forensic_api.windows (windows.py:186): /_forensic/windows POST: Fenster '55ebea68-3a13-40ff-931d-93582500fe9d' (Rolle 'main') registriert
2026-05-25 19:40:11 [DEBUG   ] forensic.server.http_server (http_server.py:115): HTTP "POST /_forensic/windows HTTP/1.1" 200 -
2026-05-25 19:40:32 [DEBUG   ] forensic (main.py:447): Watchdog: Heartbeat (Dump: 'logs/freeze_dump.txt')
2026-05-25 19:40:41 [DEBUG   ] forensic.server.router (router.py:104): Router: POST /_forensic/windows (ajax=True)
2026-05-25 19:40:41 [DEBUG   ] forensic.forensic_api.windows (windows.py:186): /_forensic/windows POST: Fenster '55ebea68-3a13-40ff-931d-93582500fe9d' (Rolle 'main') registriert
2026-05-25 19:40:41 [DEBUG   ] forensic.server.http_server (http_server.py:115): HTTP "POST /_forensic/windows HTTP/1.1" 200 -
2026-05-25 19:41:02 [DEBUG   ] forensic (main.py:447): Watchdog: Heartbeat (Dump: 'logs/freeze_dump.txt')
2026-05-25 19:41:11 [DEBUG   ] forensic.server.router (router.py:104): Router: POST /_forensic/windows (ajax=True)
2026-05-25 19:41:11 [DEBUG   ] forensic.forensic_api.windows (windows.py:186): /_forensic/windows POST: Fenster '55ebea68-3a13-40ff-931d-93582500fe9d' (Rolle 'main') registriert
2026-05-25 19:41:11 [DEBUG   ] forensic.server.http_server (http_server.py:115): HTTP "POST /_forensic/windows HTTP/1.1" 200 -
2026-05-25 19:41:32 [DEBUG   ] forensic (main.py:447): Watchdog: Heartbeat (Dump: 'logs/freeze_dump.txt')
2026-05-25 19:41:41 [DEBUG   ] forensic.server.router (router.py:104): Router: POST /_forensic/windows (ajax=True)
2026-05-25 19:41:41 [DEBUG   ] forensic.forensic_api.windows (windows.py:186): /_forensic/windows POST: Fenster '55ebea68-3a13-40ff-931d-93582500fe9d' (Rolle 'main') registriert
2026-05-25 19:41:41 [DEBUG   ] forensic.server.http_server (http_server.py:115): HTTP "POST /_forensic/windows HTTP/1.1" 200 -
2026-05-25 19:42:02 [DEBUG   ] forensic (main.py:447): Watchdog: Heartbeat (Dump: 'logs/freeze_dump.txt')
2026-05-25 19:42:11 [DEBUG   ] forensic.server.router (router.py:104): Router: POST /_forensic/windows (ajax=True)
2026-05-25 19:42:11 [DEBUG   ] forensic.forensic_api.windows (windows.py:186): /_forensic/windows POST: Fenster '55ebea68-3a13-40ff-931d-93582500fe9d' (Rolle 'main') registriert
2026-05-25 19:42:11 [DEBUG   ] forensic.server.http_server (http_server.py:115): HTTP "POST /_forensic/windows HTTP/1.1" 200 -
2026-05-25 19:42:32 [DEBUG   ] forensic (main.py:447): Watchdog: Heartbeat (Dump: 'logs/freeze_dump.txt')
2026-05-25 19:42:41 [DEBUG   ] forensic.server.router (router.py:104): Router: POST /_forensic/windows (ajax=True)
2026-05-25 19:42:41 [DEBUG   ] forensic.forensic_api.windows (windows.py:186): /_forensic/windows POST: Fenster '55ebea68-3a13-40ff-931d-93582500fe9d' (Rolle 'main') registriert
2026-05-25 19:42:41 [DEBUG   ] forensic.server.http_server (http_server.py:115): HTTP "POST /_forensic/windows HTTP/1.1" 200 -
2026-05-25 19:43:02 [DEBUG   ] forensic (main.py:447): Watchdog: Heartbeat (Dump: 'logs/freeze_dump.txt')
2026-05-25 19:43:11 [DEBUG   ] forensic.server.router (router.py:104): Router: POST /_forensic/windows (ajax=True)
2026-05-25 19:43:11 [DEBUG   ] forensic.forensic_api.windows (windows.py:186): /_forensic/windows POST: Fenster '55ebea68-3a13-40ff-931d-93582500fe9d' (Rolle 'main') registriert
2026-05-25 19:43:11 [DEBUG   ] forensic.server.http_server (http_server.py:115): HTTP "POST /_forensic/windows HTTP/1.1" 200 -
2026-05-25 19:43:32 [DEBUG   ] forensic (main.py:447): Watchdog: Heartbeat (Dump: 'logs/freeze_dump.txt')
2026-05-25 19:43:41 [DEBUG   ] forensic.server.router (router.py:104): Router: POST /_forensic/windows (ajax=True)
2026-05-25 19:43:41 [DEBUG   ] forensic.forensic_api.windows (windows.py:186): /_forensic/windows POST: Fenster '55ebea68-3a13-40ff-931d-93582500fe9d' (Rolle 'main') registriert
2026-05-25 19:43:41 [DEBUG   ] forensic.server.http_server (http_server.py:115): HTTP "POST /_forensic/windows HTTP/1.1" 200 -
2026-05-25 19:44:02 [DEBUG   ] forensic (main.py:447): Watchdog: Heartbeat (Dump: 'logs/freeze_dump.txt')
2026-05-25 19:44:11 [DEBUG   ] forensic.server.router (router.py:104): Router: POST /_forensic/windows (ajax=True)
2026-05-25 19:44:11 [DEBUG   ] forensic.forensic_api.windows (windows.py:186): /_forensic/windows POST: Fenster '55ebea68-3a13-40ff-931d-93582500fe9d' (Rolle 'main') registriert
2026-05-25 19:44:11 [DEBUG   ] forensic.server.http_server (http_server.py:115): HTTP "POST /_forensic/windows HTTP/1.1" 200 -
2026-05-25 19:44:32 [DEBUG   ] forensic (main.py:447): Watchdog: Heartbeat (Dump: 'logs/freeze_dump.txt')
2026-05-25 19:44:41 [DEBUG   ] forensic.server.router (router.py:104): Router: POST /_forensic/windows (ajax=True)
2026-05-25 19:44:41 [DEBUG   ] forensic.forensic_api.windows (windows.py:186): /_forensic/windows POST: Fenster '55ebea68-3a13-40ff-931d-93582500fe9d' (Rolle 'main') registriert
2026-05-25 19:44:41 [DEBUG   ] forensic.server.http_server (http_server.py:115): HTTP "POST /_forensic/windows HTTP/1.1" 200 -
2026-05-25 19:45:02 [DEBUG   ] forensic (main.py:447): Watchdog: Heartbeat (Dump: 'logs/freeze_dump.txt')
2026-05-25 19:45:11 [DEBUG   ] forensic.server.router (router.py:104): Router: POST /_forensic/windows (ajax=True)
2026-05-25 19:45:11 [DEBUG   ] forensic.forensic_api.windows (windows.py:186): /_forensic/windows POST: Fenster '55ebea68-3a13-40ff-931d-93582500fe9d' (Rolle 'main') registriert
2026-05-25 19:45:11 [DEBUG   ] forensic.server.http_server (http_server.py:115): HTTP "POST /_forensic/windows HTTP/1.1" 200 -
2026-05-25 19:45:32 [DEBUG   ] forensic (main.py:447): Watchdog: Heartbeat (Dump: 'logs/freeze_dump.txt')
2026-05-25 19:45:41 [DEBUG   ] forensic.server.router (router.py:104): Router: POST /_forensic/windows (ajax=True)
2026-05-25 19:45:41 [DEBUG   ] forensic.forensic_api.windows (windows.py:186): /_forensic/windows POST: Fenster '55ebea68-3a13-40ff-931d-93582500fe9d' (Rolle 'main') registriert
2026-05-25 19:45:41 [DEBUG   ] forensic.server.http_server (http_server.py:115): HTTP "POST /_forensic/windows HTTP/1.1" 200 -
2026-05-25 19:46:02 [DEBUG   ] forensic (main.py:447): Watchdog: Heartbeat (Dump: 'logs/freeze_dump.txt')
2026-05-25 19:46:11 [DEBUG   ] forensic.server.router (router.py:104): Router: POST /_forensic/windows (ajax=True)
2026-05-25 19:46:11 [DEBUG   ] forensic.forensic_api.windows (windows.py:186): /_forensic/windows POST: Fenster '55ebea68-3a13-40ff-931d-93582500fe9d' (Rolle 'main') registriert
2026-05-25 19:46:11 [DEBUG   ] forensic.server.http_server (http_server.py:115): HTTP "POST /_forensic/windows HTTP/1.1" 200 -
2026-05-25 19:46:32 [DEBUG   ] forensic (main.py:447): Watchdog: Heartbeat (Dump: 'logs/freeze_dump.txt')
2026-05-25 19:46:41 [DEBUG   ] forensic.server.router (router.py:104): Router: POST /_forensic/windows (ajax=True)
2026-05-25 19:46:41 [DEBUG   ] forensic.forensic_api.windows (windows.py:186): /_forensic/windows POST: Fenster '55ebea68-3a13-40ff-931d-93582500fe9d' (Rolle 'main') registriert
2026-05-25 19:46:41 [DEBUG   ] forensic.server.http_server (http_server.py:115): HTTP "POST /_forensic/windows HTTP/1.1" 200 -
2026-05-25 19:47:02 [DEBUG   ] forensic (main.py:447): Watchdog: Heartbeat (Dump: 'logs/freeze_dump.txt')
2026-05-25 19:47:11 [DEBUG   ] forensic.server.router (router.py:104): Router: POST /_forensic/windows (ajax=True)
2026-05-25 19:47:11 [DEBUG   ] forensic.forensic_api.windows (windows.py:186): /_forensic/windows POST: Fenster '55ebea68-3a13-40ff-931d-93582500fe9d' (Rolle 'main') registriert
2026-05-25 19:47:11 [DEBUG   ] forensic.server.http_server (http_server.py:115): HTTP "POST /_forensic/windows HTTP/1.1" 200 -
2026-05-25 19:47:32 [DEBUG   ] forensic (main.py:447): Watchdog: Heartbeat (Dump: 'logs/freeze_dump.txt')
2026-05-25 19:47:41 [DEBUG   ] forensic.server.router (router.py:104): Router: POST /_forensic/windows (ajax=True)
2026-05-25 19:47:41 [DEBUG   ] forensic.forensic_api.windows (windows.py:186): /_forensic/windows POST: Fenster '55ebea68-3a13-40ff-931d-93582500fe9d' (Rolle 'main') registriert
2026-05-25 19:47:41 [DEBUG   ] forensic.server.http_server (http_server.py:115): HTTP "POST /_forensic/windows HTTP/1.1" 200 -
2026-05-25 19:48:02 [DEBUG   ] forensic (main.py:447): Watchdog: Heartbeat (Dump: 'logs/freeze_dump.txt')
2026-05-25 19:48:11 [DEBUG   ] forensic.server.router (router.py:104): Router: POST /_forensic/windows (ajax=True)
2026-05-25 19:48:11 [DEBUG   ] forensic.forensic_api.windows (windows.py:186): /_forensic/windows POST: Fenster '55ebea68-3a13-40ff-931d-93582500fe9d' (Rolle 'main') registriert
2026-05-25 19:48:11 [DEBUG   ] forensic.server.http_server (http_server.py:115): HTTP "POST /_forensic/windows HTTP/1.1" 200 -
2026-05-25 19:48:32 [DEBUG   ] forensic (main.py:447): Watchdog: Heartbeat (Dump: 'logs/freeze_dump.txt')
2026-05-25 19:48:41 [DEBUG   ] forensic.server.router (router.py:104): Router: POST /_forensic/windows (ajax=True)
2026-05-25 19:48:41 [DEBUG   ] forensic.forensic_api.windows (windows.py:186): /_forensic/windows POST: Fenster '55ebea68-3a13-40ff-931d-93582500fe9d' (Rolle 'main') registriert
2026-05-25 19:48:41 [DEBUG   ] forensic.server.http_server (http_server.py:115): HTTP "POST /_forensic/windows HTTP/1.1" 200 -
2026-05-25 19:49:02 [DEBUG   ] forensic (main.py:447): Watchdog: Heartbeat (Dump: 'logs/freeze_dump.txt')
2026-05-25 19:49:11 [DEBUG   ] forensic.server.router (router.py:104): Router: POST /_forensic/windows (ajax=True)
2026-05-25 19:49:11 [DEBUG   ] forensic.forensic_api.windows (windows.py:186): /_forensic/windows POST: Fenster '55ebea68-3a13-40ff-931d-93582500fe9d' (Rolle 'main') registriert
2026-05-25 19:49:11 [DEBUG   ] forensic.server.http_server (http_server.py:115): HTTP "POST /_forensic/windows HTTP/1.1" 200 -
2026-05-25 19:49:32 [DEBUG   ] forensic (main.py:447): Watchdog: Heartbeat (Dump: 'logs/freeze_dump.txt')
2026-05-25 19:49:41 [DEBUG   ] forensic.server.router (router.py:104): Router: POST /_forensic/windows (ajax=True)
2026-05-25 19:49:41 [DEBUG   ] forensic.forensic_api.windows (windows.py:186): /_forensic/windows POST: Fenster '55ebea68-3a13-40ff-931d-93582500fe9d' (Rolle 'main') registriert
2026-05-25 19:49:41 [DEBUG   ] forensic.server.http_server (http_server.py:115): HTTP "POST /_forensic/windows HTTP/1.1" 200 -
2026-05-25 19:50:02 [DEBUG   ] forensic (main.py:447): Watchdog: Heartbeat (Dump: 'logs/freeze_dump.txt')
2026-05-25 19:50:11 [DEBUG   ] forensic.server.router (router.py:104): Router: POST /_forensic/windows (ajax=True)
2026-05-25 19:50:11 [DEBUG   ] forensic.forensic_api.windows (windows.py:186): /_forensic/windows POST: Fenster '55ebea68-3a13-40ff-931d-93582500fe9d' (Rolle 'main') registriert
2026-05-25 19:50:11 [DEBUG   ] forensic.server.http_server (http_server.py:115): HTTP "POST /_forensic/windows HTTP/1.1" 200 -
2026-05-25 19:50:32 [DEBUG   ] forensic (main.py:447): Watchdog: Heartbeat (Dump: 'logs/freeze_dump.txt')
2026-05-25 19:50:41 [DEBUG   ] forensic.server.router (router.py:104): Router: POST /_forensic/windows (ajax=True)
2026-05-25 19:50:41 [DEBUG   ] forensic.forensic_api.windows (windows.py:186): /_forensic/windows POST: Fenster '55ebea68-3a13-40ff-931d-93582500fe9d' (Rolle 'main') registriert
2026-05-25 19:50:41 [DEBUG   ] forensic.server.http_server (http_server.py:115): HTTP "POST /_forensic/windows HTTP/1.1" 200 -
2026-05-25 19:51:02 [DEBUG   ] forensic (main.py:447): Watchdog: Heartbeat (Dump: 'logs/freeze_dump.txt')
2026-05-25 19:51:11 [DEBUG   ] forensic.server.router (router.py:104): Router: POST /_forensic/windows (ajax=True)
2026-05-25 19:51:11 [DEBUG   ] forensic.forensic_api.windows (windows.py:186): /_forensic/windows POST: Fenster '55ebea68-3a13-40ff-931d-93582500fe9d' (Rolle 'main') registriert
2026-05-25 19:51:11 [DEBUG   ] forensic.server.http_server (http_server.py:115): HTTP "POST /_forensic/windows HTTP/1.1" 200 -
2026-05-25 19:51:32 [DEBUG   ] forensic (main.py:447): Watchdog: Heartbeat (Dump: 'logs/freeze_dump.txt')
2026-05-25 19:51:41 [DEBUG   ] forensic.server.router (router.py:104): Router: POST /_forensic/windows (ajax=True)
2026-05-25 19:51:41 [DEBUG   ] forensic.forensic_api.windows (windows.py:186): /_forensic/windows POST: Fenster '55ebea68-3a13-40ff-931d-93582500fe9d' (Rolle 'main') registriert
2026-05-25 19:51:41 [DEBUG   ] forensic.server.http_server (http_server.py:115): HTTP "POST /_forensic/windows HTTP/1.1" 200 -
2026-05-25 19:52:02 [DEBUG   ] forensic (main.py:447): Watchdog: Heartbeat (Dump: 'logs/freeze_dump.txt')
2026-05-25 19:52:11 [DEBUG   ] forensic.server.router (router.py:104): Router: POST /_forensic/windows (ajax=True)
2026-05-25 19:52:11 [DEBUG   ] forensic.forensic_api.windows (windows.py:186): /_forensic/windows POST: Fenster '55ebea68-3a13-40ff-931d-93582500fe9d' (Rolle 'main') registriert
2026-05-25 19:52:11 [DEBUG   ] forensic.server.http_server (http_server.py:115): HTTP "POST /_forensic/windows HTTP/1.1" 200 -
2026-05-25 19:52:32 [DEBUG   ] forensic (main.py:447): Watchdog: Heartbeat (Dump: 'logs/freeze_dump.txt')
2026-05-25 19:52:41 [DEBUG   ] forensic.server.router (router.py:104): Router: POST /_forensic/windows (ajax=True)
2026-05-25 19:52:41 [DEBUG   ] forensic.forensic_api.windows (windows.py:186): /_forensic/windows POST: Fenster '55ebea68-3a13-40ff-931d-93582500fe9d' (Rolle 'main') registriert
2026-05-25 19:52:41 [DEBUG   ] forensic.server.http_server (http_server.py:115): HTTP "POST /_forensic/windows HTTP/1.1" 200 -
2026-05-25 19:53:02 [DEBUG   ] forensic (main.py:447): Watchdog: Heartbeat (Dump: 'logs/freeze_dump.txt')
2026-05-25 19:53:11 [DEBUG   ] forensic.server.router (router.py:104): Router: POST /_forensic/windows (ajax=True)
2026-05-25 19:53:11 [DEBUG   ] forensic.forensic_api.windows (windows.py:186): /_forensic/windows POST: Fenster '55ebea68-3a13-40ff-931d-93582500fe9d' (Rolle 'main') registriert
2026-05-25 19:53:11 [DEBUG   ] forensic.server.http_server (http_server.py:115): HTTP "POST /_forensic/windows HTTP/1.1" 200 -
2026-05-25 19:53:32 [DEBUG   ] forensic (main.py:447): Watchdog: Heartbeat (Dump: 'logs/freeze_dump.txt')
2026-05-25 19:53:41 [DEBUG   ] forensic.server.router (router.py:104): Router: POST /_forensic/windows (ajax=True)
2026-05-25 19:53:41 [DEBUG   ] forensic.forensic_api.windows (windows.py:186): /_forensic/windows POST: Fenster '55ebea68-3a13-40ff-931d-93582500fe9d' (Rolle 'main') registriert
2026-05-25 19:53:41 [DEBUG   ] forensic.server.http_server (http_server.py:115): HTTP "POST /_forensic/windows HTTP/1.1" 200 -
2026-05-25 19:54:02 [DEBUG   ] forensic (main.py:447): Watchdog: Heartbeat (Dump: 'logs/freeze_dump.txt')
2026-05-25 19:54:11 [DEBUG   ] forensic.server.router (router.py:104): Router: POST /_forensic/windows (ajax=True)
2026-05-25 19:54:11 [DEBUG   ] forensic.forensic_api.windows (windows.py:186): /_forensic/windows POST: Fenster '55ebea68-3a13-40ff-931d-93582500fe9d' (Rolle 'main') registriert
2026-05-25 19:54:11 [DEBUG   ] forensic.server.http_server (http_server.py:115): HTTP "POST /_forensic/windows HTTP/1.1" 200 -
2026-05-25 19:54:32 [DEBUG   ] forensic (main.py:447): Watchdog: Heartbeat (Dump: 'logs/freeze_dump.txt')
2026-05-25 19:54:41 [DEBUG   ] forensic.server.router (router.py:104): Router: POST /_forensic/windows (ajax=True)
2026-05-25 19:54:41 [DEBUG   ] forensic.forensic_api.windows (windows.py:186): /_forensic/windows POST: Fenster '55ebea68-3a13-40ff-931d-93582500fe9d' (Rolle 'main') registriert
2026-05-25 19:54:41 [DEBUG   ] forensic.server.http_server (http_server.py:115): HTTP "POST /_forensic/windows HTTP/1.1" 200 -
2026-05-25 19:55:02 [DEBUG   ] forensic (main.py:447): Watchdog: Heartbeat (Dump: 'logs/freeze_dump.txt')
2026-05-25 19:55:11 [DEBUG   ] forensic.server.router (router.py:104): Router: POST /_forensic/windows (ajax=True)
2026-05-25 19:55:11 [DEBUG   ] forensic.forensic_api.windows (windows.py:186): /_forensic/windows POST: Fenster '55ebea68-3a13-40ff-931d-93582500fe9d' (Rolle 'main') registriert
2026-05-25 19:55:11 [DEBUG   ] forensic.server.http_server (http_server.py:115): HTTP "POST /_forensic/windows HTTP/1.1" 200 -
2026-05-25 19:55:32 [DEBUG   ] forensic (main.py:447): Watchdog: Heartbeat (Dump: 'logs/freeze_dump.txt')
2026-05-25 19:55:41 [DEBUG   ] forensic.server.router (router.py:104): Router: POST /_forensic/windows (ajax=True)
2026-05-25 19:55:41 [DEBUG   ] forensic.forensic_api.windows (windows.py:186): /_forensic/windows POST: Fenster '55ebea68-3a13-40ff-931d-93582500fe9d' (Rolle 'main') registriert
2026-05-25 19:55:41 [DEBUG   ] forensic.server.http_server (http_server.py:115): HTTP "POST /_forensic/windows HTTP/1.1" 200 -
2026-05-25 19:56:02 [DEBUG   ] forensic (main.py:447): Watchdog: Heartbeat (Dump: 'logs/freeze_dump.txt')
2026-05-25 19:56:11 [DEBUG   ] forensic.server.router (router.py:104): Router: POST /_forensic/windows (ajax=True)
2026-05-25 19:56:11 [DEBUG   ] forensic.forensic_api.windows (windows.py:186): /_forensic/windows POST: Fenster '55ebea68-3a13-40ff-931d-93582500fe9d' (Rolle 'main') registriert
2026-05-25 19:56:11 [DEBUG   ] forensic.server.http_server (http_server.py:115): HTTP "POST /_forensic/windows HTTP/1.1" 200 -
2026-05-25 19:56:32 [DEBUG   ] forensic (main.py:447): Watchdog: Heartbeat (Dump: 'logs/freeze_dump.txt')
2026-05-25 19:56:41 [DEBUG   ] forensic.server.router (router.py:104): Router: POST /_forensic/windows (ajax=True)
2026-05-25 19:56:41 [DEBUG   ] forensic.forensic_api.windows (windows.py:186): /_forensic/windows POST: Fenster '55ebea68-3a13-40ff-931d-93582500fe9d' (Rolle 'main') registriert
2026-05-25 19:56:41 [DEBUG   ] forensic.server.http_server (http_server.py:115): HTTP "POST /_forensic/windows HTTP/1.1" 200 -
2026-05-25 19:57:02 [DEBUG   ] forensic (main.py:447): Watchdog: Heartbeat (Dump: 'logs/freeze_dump.txt')
2026-05-25 19:57:11 [DEBUG   ] forensic.server.router (router.py:104): Router: POST /_forensic/windows (ajax=True)
2026-05-25 19:57:11 [DEBUG   ] forensic.forensic_api.windows (windows.py:186): /_forensic/windows POST: Fenster '55ebea68-3a13-40ff-931d-93582500fe9d' (Rolle 'main') registriert
2026-05-25 19:57:11 [DEBUG   ] forensic.server.http_server (http_server.py:115): HTTP "POST /_forensic/windows HTTP/1.1" 200 -
2026-05-25 19:57:32 [DEBUG   ] forensic (main.py:447): Watchdog: Heartbeat (Dump: 'logs/freeze_dump.txt')
2026-05-25 19:57:41 [DEBUG   ] forensic.server.router (router.py:104): Router: POST /_forensic/windows (ajax=True)
2026-05-25 19:57:41 [DEBUG   ] forensic.forensic_api.windows (windows.py:186): /_forensic/windows POST: Fenster '55ebea68-3a13-40ff-931d-93582500fe9d' (Rolle 'main') registriert
2026-05-25 19:57:41 [DEBUG   ] forensic.server.http_server (http_server.py:115): HTTP "POST /_forensic/windows HTTP/1.1" 200 -
2026-05-25 19:58:01 [DEBUG   ] forensic.forensic_api.cross_annotation_integrator (cross_annotation_integrator.py:96): CrossAnnotationIntegrator: keine ausstehenden Eintraege fuer uid=2948078
2026-05-25 19:58:02 [DEBUG   ] forensic (main.py:447): Watchdog: Heartbeat (Dump: 'logs/freeze_dump.txt')
2026-05-25 19:58:11 [DEBUG   ] forensic.server.router (router.py:104): Router: POST /_forensic/windows (ajax=True)
2026-05-25 19:58:11 [DEBUG   ] forensic.forensic_api.windows (windows.py:186): /_forensic/windows POST: Fenster '55ebea68-3a13-40ff-931d-93582500fe9d' (Rolle 'main') registriert
2026-05-25 19:58:11 [DEBUG   ] forensic.server.http_server (http_server.py:115): HTTP "POST /_forensic/windows HTTP/1.1" 200 -
2026-05-25 19:58:32 [DEBUG   ] forensic (main.py:447): Watchdog: Heartbeat (Dump: 'logs/freeze_dump.txt')
2026-05-25 19:58:41 [DEBUG   ] forensic.server.router (router.py:104): Router: POST /_forensic/windows (ajax=True)
2026-05-25 19:58:41 [DEBUG   ] forensic.forensic_api.windows (windows.py:186): /_forensic/windows POST: Fenster '55ebea68-3a13-40ff-931d-93582500fe9d' (Rolle 'main') registriert
2026-05-25 19:58:41 [DEBUG   ] forensic.server.http_server (http_server.py:115): HTTP "POST /_forensic/windows HTTP/1.1" 200 -
2026-05-25 19:59:02 [DEBUG   ] forensic (main.py:447): Watchdog: Heartbeat (Dump: 'logs/freeze_dump.txt')
2026-05-25 19:59:11 [DEBUG   ] forensic.server.router (router.py:104): Router: POST /_forensic/windows (ajax=True)
2026-05-25 19:59:11 [DEBUG   ] forensic.forensic_api.windows (windows.py:186): /_forensic/windows POST: Fenster '55ebea68-3a13-40ff-931d-93582500fe9d' (Rolle 'main') registriert
2026-05-25 19:59:11 [DEBUG   ] forensic.server.http_server (http_server.py:115): HTTP "POST /_forensic/windows HTTP/1.1" 200 -
2026-05-25 19:59:32 [DEBUG   ] forensic (main.py:447): Watchdog: Heartbeat (Dump: 'logs/freeze_dump.txt')
2026-05-25 19:59:41 [DEBUG   ] forensic.server.router (router.py:104): Router: POST /_forensic/windows (ajax=True)
2026-05-25 19:59:41 [DEBUG   ] forensic.forensic_api.windows (windows.py:186): /_forensic/windows POST: Fenster '55ebea68-3a13-40ff-931d-93582500fe9d' (Rolle 'main') registriert
2026-05-25 19:59:41 [DEBUG   ] forensic.server.http_server (http_server.py:115): HTTP "POST /_forensic/windows HTTP/1.1" 200 -
2026-05-25 20:00:02 [DEBUG   ] forensic (main.py:447): Watchdog: Heartbeat (Dump: 'logs/freeze_dump.txt')
2026-05-25 20:00:11 [DEBUG   ] forensic.server.router (router.py:104): Router: POST /_forensic/windows (ajax=True)
2026-05-25 20:00:11 [DEBUG   ] forensic.forensic_api.windows (windows.py:186): /_forensic/windows POST: Fenster '55ebea68-3a13-40ff-931d-93582500fe9d' (Rolle 'main') registriert
2026-05-25 20:00:11 [DEBUG   ] forensic.server.http_server (http_server.py:115): HTTP "POST /_forensic/windows HTTP/1.1" 200 -
2026-05-25 20:00:32 [DEBUG   ] forensic (main.py:447): Watchdog: Heartbeat (Dump: 'logs/freeze_dump.txt')
2026-05-25 20:00:41 [DEBUG   ] forensic.server.router (router.py:104): Router: POST /_forensic/windows (ajax=True)
2026-05-25 20:00:41 [DEBUG   ] forensic.forensic_api.windows (windows.py:186): /_forensic/windows POST: Fenster '55ebea68-3a13-40ff-931d-93582500fe9d' (Rolle 'main') registriert
2026-05-25 20:00:41 [DEBUG   ] forensic.server.http_server (http_server.py:115): HTTP "POST /_forensic/windows HTTP/1.1" 200 -
2026-05-25 20:01:02 [DEBUG   ] forensic (main.py:447): Watchdog: Heartbeat (Dump: 'logs/freeze_dump.txt')
2026-05-25 20:01:11 [DEBUG   ] forensic.server.router (router.py:104): Router: POST /_forensic/windows (ajax=True)
2026-05-25 20:01:11 [DEBUG   ] forensic.forensic_api.windows (windows.py:186): /_forensic/windows POST: Fenster '55ebea68-3a13-40ff-931d-93582500fe9d' (Rolle 'main') registriert
2026-05-25 20:01:11 [DEBUG   ] forensic.server.http_server (http_server.py:115): HTTP "POST /_forensic/windows HTTP/1.1" 200 -
2026-05-25 20:01:32 [DEBUG   ] forensic (main.py:447): Watchdog: Heartbeat (Dump: 'logs/freeze_dump.txt')
2026-05-25 20:01:41 [DEBUG   ] forensic.server.router (router.py:104): Router: POST /_forensic/windows (ajax=True)
2026-05-25 20:01:41 [DEBUG   ] forensic.forensic_api.windows (windows.py:186): /_forensic/windows POST: Fenster '55ebea68-3a13-40ff-931d-93582500fe9d' (Rolle 'main') registriert
2026-05-25 20:01:41 [DEBUG   ] forensic.server.http_server (http_server.py:115): HTTP "POST /_forensic/windows HTTP/1.1" 200 -
2026-05-25 20:02:02 [DEBUG   ] forensic (main.py:447): Watchdog: Heartbeat (Dump: 'logs/freeze_dump.txt')
2026-05-25 20:02:11 [DEBUG   ] forensic.server.router (router.py:104): Router: POST /_forensic/windows (ajax=True)
2026-05-25 20:02:11 [DEBUG   ] forensic.forensic_api.windows (windows.py:186): /_forensic/windows POST: Fenster '55ebea68-3a13-40ff-931d-93582500fe9d' (Rolle 'main') registriert
2026-05-25 20:02:11 [DEBUG   ] forensic.server.http_server (http_server.py:115): HTTP "POST /_forensic/windows HTTP/1.1" 200 -
2026-05-25 20:02:32 [DEBUG   ] forensic (main.py:447): Watchdog: Heartbeat (Dump: 'logs/freeze_dump.txt')
2026-05-25 20:02:41 [DEBUG   ] forensic.server.router (router.py:104): Router: POST /_forensic/windows (ajax=True)
2026-05-25 20:02:41 [DEBUG   ] forensic.forensic_api.windows (windows.py:186): /_forensic/windows POST: Fenster '55ebea68-3a13-40ff-931d-93582500fe9d' (Rolle 'main') registriert
2026-05-25 20:02:41 [DEBUG   ] forensic.server.http_server (http_server.py:115): HTTP "POST /_forensic/windows HTTP/1.1" 200 -
2026-05-25 20:03:02 [DEBUG   ] forensic (main.py:447): Watchdog: Heartbeat (Dump: 'logs/freeze_dump.txt')
2026-05-25 20:03:11 [DEBUG   ] forensic.server.router (router.py:104): Router: POST /_forensic/windows (ajax=True)
2026-05-25 20:03:11 [DEBUG   ] forensic.forensic_api.windows (windows.py:186): /_forensic/windows POST: Fenster '55ebea68-3a13-40ff-931d-93582500fe9d' (Rolle 'main') registriert
2026-05-25 20:03:11 [DEBUG   ] forensic.server.http_server (http_server.py:115): HTTP "POST /_forensic/windows HTTP/1.1" 200 -
2026-05-25 20:03:32 [DEBUG   ] forensic (main.py:447): Watchdog: Heartbeat (Dump: 'logs/freeze_dump.txt')
2026-05-25 20:03:41 [DEBUG   ] forensic.server.router (router.py:104): Router: POST /_forensic/windows (ajax=True)
2026-05-25 20:03:41 [DEBUG   ] forensic.forensic_api.windows (windows.py:186): /_forensic/windows POST: Fenster '55ebea68-3a13-40ff-931d-93582500fe9d' (Rolle 'main') registriert
2026-05-25 20:03:41 [DEBUG   ] forensic.server.http_server (http_server.py:115): HTTP "POST /_forensic/windows HTTP/1.1" 200 -
2026-05-25 20:04:02 [DEBUG   ] forensic (main.py:447): Watchdog: Heartbeat (Dump: 'logs/freeze_dump.txt')
2026-05-25 20:04:11 [DEBUG   ] forensic.server.router (router.py:104): Router: POST /_forensic/windows (ajax=True)
2026-05-25 20:04:11 [DEBUG   ] forensic.forensic_api.windows (windows.py:186): /_forensic/windows POST: Fenster '55ebea68-3a13-40ff-931d-93582500fe9d' (Rolle 'main') registriert
2026-05-25 20:04:11 [DEBUG   ] forensic.server.http_server (http_server.py:115): HTTP "POST /_forensic/windows HTTP/1.1" 200 -
2026-05-25 20:04:32 [DEBUG   ] forensic (main.py:447): Watchdog: Heartbeat (Dump: 'logs/freeze_dump.txt')
2026-05-25 20:04:41 [DEBUG   ] forensic.server.router (router.py:104): Router: POST /_forensic/windows (ajax=True)
2026-05-25 20:04:41 [DEBUG   ] forensic.forensic_api.windows (windows.py:186): /_forensic/windows POST: Fenster '55ebea68-3a13-40ff-931d-93582500fe9d' (Rolle 'main') registriert
2026-05-25 20:04:41 [DEBUG   ] forensic.server.http_server (http_server.py:115): HTTP "POST /_forensic/windows HTTP/1.1" 200 -
2026-05-25 20:05:02 [DEBUG   ] forensic (main.py:447): Watchdog: Heartbeat (Dump: 'logs/freeze_dump.txt')
2026-05-25 20:05:11 [DEBUG   ] forensic.server.router (router.py:104): Router: POST /_forensic/windows (ajax=True)
2026-05-25 20:05:11 [DEBUG   ] forensic.forensic_api.windows (windows.py:186): /_forensic/windows POST: Fenster '55ebea68-3a13-40ff-931d-93582500fe9d' (Rolle 'main') registriert
2026-05-25 20:05:11 [DEBUG   ] forensic.server.http_server (http_server.py:115): HTTP "POST /_forensic/windows HTTP/1.1" 200 -
2026-05-25 20:05:32 [DEBUG   ] forensic (main.py:447): Watchdog: Heartbeat (Dump: 'logs/freeze_dump.txt')
2026-05-25 20:05:41 [DEBUG   ] forensic.server.router (router.py:104): Router: POST /_forensic/windows (ajax=True)
2026-05-25 20:05:41 [DEBUG   ] forensic.forensic_api.windows (windows.py:186): /_forensic/windows POST: Fenster '55ebea68-3a13-40ff-931d-93582500fe9d' (Rolle 'main') registriert
2026-05-25 20:05:41 [DEBUG   ] forensic.server.http_server (http_server.py:115): HTTP "POST /_forensic/windows HTTP/1.1" 200 -
2026-05-25 20:06:02 [DEBUG   ] forensic (main.py:447): Watchdog: Heartbeat (Dump: 'logs/freeze_dump.txt')
2026-05-25 20:06:11 [DEBUG   ] forensic.server.router (router.py:104): Router: POST /_forensic/windows (ajax=True)
2026-05-25 20:06:11 [DEBUG   ] forensic.forensic_api.windows (windows.py:186): /_forensic/windows POST: Fenster '55ebea68-3a13-40ff-931d-93582500fe9d' (Rolle 'main') registriert
2026-05-25 20:06:11 [DEBUG   ] forensic.server.http_server (http_server.py:115): HTTP "POST /_forensic/windows HTTP/1.1" 200 -
2026-05-25 20:06:32 [DEBUG   ] forensic (main.py:447): Watchdog: Heartbeat (Dump: 'logs/freeze_dump.txt')
2026-05-25 20:06:41 [DEBUG   ] forensic.server.router (router.py:104): Router: POST /_forensic/windows (ajax=True)
2026-05-25 20:06:41 [DEBUG   ] forensic.forensic_api.windows (windows.py:186): /_forensic/windows POST: Fenster '55ebea68-3a13-40ff-931d-93582500fe9d' (Rolle 'main') registriert
2026-05-25 20:06:41 [DEBUG   ] forensic.server.http_server (http_server.py:115): HTTP "POST /_forensic/windows HTTP/1.1" 200 -
2026-05-25 20:07:02 [DEBUG   ] forensic (main.py:447): Watchdog: Heartbeat (Dump: 'logs/freeze_dump.txt')
2026-05-25 20:07:11 [DEBUG   ] forensic.server.router (router.py:104): Router: POST /_forensic/windows (ajax=True)
2026-05-25 20:07:11 [DEBUG   ] forensic.forensic_api.windows (windows.py:186): /_forensic/windows POST: Fenster '55ebea68-3a13-40ff-931d-93582500fe9d' (Rolle 'main') registriert
2026-05-25 20:07:11 [DEBUG   ] forensic.server.http_server (http_server.py:115): HTTP "POST /_forensic/windows HTTP/1.1" 200 -
2026-05-25 20:07:32 [DEBUG   ] forensic (main.py:447): Watchdog: Heartbeat (Dump: 'logs/freeze_dump.txt')
2026-05-25 20:07:41 [DEBUG   ] forensic.server.router (router.py:104): Router: POST /_forensic/windows (ajax=True)
2026-05-25 20:07:41 [DEBUG   ] forensic.forensic_api.windows (windows.py:186): /_forensic/windows POST: Fenster '55ebea68-3a13-40ff-931d-93582500fe9d' (Rolle 'main') registriert
2026-05-25 20:07:41 [DEBUG   ] forensic.server.http_server (http_server.py:115): HTTP "POST /_forensic/windows HTTP/1.1" 200 -
2026-05-25 20:08:02 [DEBUG   ] forensic (main.py:447): Watchdog: Heartbeat (Dump: 'logs/freeze_dump.txt')
2026-05-25 20:08:11 [DEBUG   ] forensic.server.router (router.py:104): Router: POST /_forensic/windows (ajax=True)
2026-05-25 20:08:11 [DEBUG   ] forensic.forensic_api.windows (windows.py:186): /_forensic/windows POST: Fenster '55ebea68-3a13-40ff-931d-93582500fe9d' (Rolle 'main') registriert
2026-05-25 20:08:11 [DEBUG   ] forensic.server.http_server (http_server.py:115): HTTP "POST /_forensic/windows HTTP/1.1" 200 -
2026-05-25 20:08:32 [DEBUG   ] forensic (main.py:447): Watchdog: Heartbeat (Dump: 'logs/freeze_dump.txt')
2026-05-25 20:08:41 [DEBUG   ] forensic.server.router (router.py:104): Router: POST /_forensic/windows (ajax=True)
2026-05-25 20:08:41 [DEBUG   ] forensic.forensic_api.windows (windows.py:186): /_forensic/windows POST: Fenster '55ebea68-3a13-40ff-931d-93582500fe9d' (Rolle 'main') registriert
2026-05-25 20:08:41 [DEBUG   ] forensic.server.http_server (http_server.py:115): HTTP "POST /_forensic/windows HTTP/1.1" 200 -
2026-05-25 20:09:02 [DEBUG   ] forensic (main.py:447): Watchdog: Heartbeat (Dump: 'logs/freeze_dump.txt')
2026-05-25 20:09:11 [DEBUG   ] forensic.server.router (router.py:104): Router: POST /_forensic/windows (ajax=True)
2026-05-25 20:09:11 [DEBUG   ] forensic.forensic_api.windows (windows.py:186): /_forensic/windows POST: Fenster '55ebea68-3a13-40ff-931d-93582500fe9d' (Rolle 'main') registriert
2026-05-25 20:09:11 [DEBUG   ] forensic.server.http_server (http_server.py:115): HTTP "POST /_forensic/windows HTTP/1.1" 200 -
2026-05-25 20:09:32 [DEBUG   ] forensic (main.py:447): Watchdog: Heartbeat (Dump: 'logs/freeze_dump.txt')
2026-05-25 20:09:41 [DEBUG   ] forensic.server.router (router.py:104): Router: POST /_forensic/windows (ajax=True)
2026-05-25 20:09:41 [DEBUG   ] forensic.forensic_api.windows (windows.py:186): /_forensic/windows POST: Fenster '55ebea68-3a13-40ff-931d-93582500fe9d' (Rolle 'main') registriert
2026-05-25 20:09:41 [DEBUG   ] forensic.server.http_server (http_server.py:115): HTTP "POST /_forensic/windows HTTP/1.1" 200 -
2026-05-25 20:10:02 [DEBUG   ] forensic (main.py:447): Watchdog: Heartbeat (Dump: 'logs/freeze_dump.txt')
2026-05-25 20:10:11 [DEBUG   ] forensic.server.router (router.py:104): Router: POST /_forensic/windows (ajax=True)
2026-05-25 20:10:11 [DEBUG   ] forensic.forensic_api.windows (windows.py:186): /_forensic/windows POST: Fenster '55ebea68-3a13-40ff-931d-93582500fe9d' (Rolle 'main') registriert
2026-05-25 20:10:11 [DEBUG   ] forensic.server.http_server (http_server.py:115): HTTP "POST /_forensic/windows HTTP/1.1" 200 -
2026-05-25 20:10:32 [DEBUG   ] forensic (main.py:447): Watchdog: Heartbeat (Dump: 'logs/freeze_dump.txt')
2026-05-25 20:10:41 [DEBUG   ] forensic.server.router (router.py:104): Router: POST /_forensic/windows (ajax=True)
2026-05-25 20:10:41 [DEBUG   ] forensic.forensic_api.windows (windows.py:186): /_forensic/windows POST: Fenster '55ebea68-3a13-40ff-931d-93582500fe9d' (Rolle 'main') registriert
2026-05-25 20:10:41 [DEBUG   ] forensic.server.http_server (http_server.py:115): HTTP "POST /_forensic/windows HTTP/1.1" 200 -
2026-05-25 20:11:02 [DEBUG   ] forensic (main.py:447): Watchdog: Heartbeat (Dump: 'logs/freeze_dump.txt')
2026-05-25 20:11:11 [DEBUG   ] forensic.server.router (router.py:104): Router: POST /_forensic/windows (ajax=True)
2026-05-25 20:11:11 [DEBUG   ] forensic.forensic_api.windows (windows.py:186): /_forensic/windows POST: Fenster '55ebea68-3a13-40ff-931d-93582500fe9d' (Rolle 'main') registriert
2026-05-25 20:11:11 [DEBUG   ] forensic.server.http_server (http_server.py:115): HTTP "POST /_forensic/windows HTTP/1.1" 200 -
2026-05-25 20:11:32 [DEBUG   ] forensic (main.py:447): Watchdog: Heartbeat (Dump: 'logs/freeze_dump.txt')
2026-05-25 20:11:41 [DEBUG   ] forensic.server.router (router.py:104): Router: POST /_forensic/windows (ajax=True)
2026-05-25 20:11:41 [DEBUG   ] forensic.forensic_api.windows (windows.py:186): /_forensic/windows POST: Fenster '55ebea68-3a13-40ff-931d-93582500fe9d' (Rolle 'main') registriert
2026-05-25 20:11:41 [DEBUG   ] forensic.server.http_server (http_server.py:115): HTTP "POST /_forensic/windows HTTP/1.1" 200 -
2026-05-25 20:12:02 [DEBUG   ] forensic (main.py:447): Watchdog: Heartbeat (Dump: 'logs/freeze_dump.txt')
2026-05-25 20:12:11 [DEBUG   ] forensic.server.router (router.py:104): Router: POST /_forensic/windows (ajax=True)
2026-05-25 20:12:11 [DEBUG   ] forensic.forensic_api.windows (windows.py:186): /_forensic/windows POST: Fenster '55ebea68-3a13-40ff-931d-93582500fe9d' (Rolle 'main') registriert
2026-05-25 20:12:11 [DEBUG   ] forensic.server.http_server (http_server.py:115): HTTP "POST /_forensic/windows HTTP/1.1" 200 -
2026-05-25 20:12:32 [DEBUG   ] forensic (main.py:447): Watchdog: Heartbeat (Dump: 'logs/freeze_dump.txt')
2026-05-25 20:12:41 [DEBUG   ] forensic.server.router (router.py:104): Router: POST /_forensic/windows (ajax=True)
2026-05-25 20:12:41 [DEBUG   ] forensic.forensic_api.windows (windows.py:186): /_forensic/windows POST: Fenster '55ebea68-3a13-40ff-931d-93582500fe9d' (Rolle 'main') registriert
2026-05-25 20:12:41 [DEBUG   ] forensic.server.http_server (http_server.py:115): HTTP "POST /_forensic/windows HTTP/1.1" 200 -
2026-05-25 20:13:02 [DEBUG   ] forensic (main.py:447): Watchdog: Heartbeat (Dump: 'logs/freeze_dump.txt')
2026-05-25 20:13:11 [DEBUG   ] forensic.server.router (router.py:104): Router: POST /_forensic/windows (ajax=True)
2026-05-25 20:13:11 [DEBUG   ] forensic.forensic_api.windows (windows.py:186): /_forensic/windows POST: Fenster '55ebea68-3a13-40ff-931d-93582500fe9d' (Rolle 'main') registriert
2026-05-25 20:13:11 [DEBUG   ] forensic.server.http_server (http_server.py:115): HTTP "POST /_forensic/windows HTTP/1.1" 200 -
2026-05-25 20:13:32 [DEBUG   ] forensic (main.py:447): Watchdog: Heartbeat (Dump: 'logs/freeze_dump.txt')
2026-05-25 20:13:41 [DEBUG   ] forensic.server.router (router.py:104): Router: POST /_forensic/windows (ajax=True)
2026-05-25 20:13:41 [DEBUG   ] forensic.forensic_api.windows (windows.py:186): /_forensic/windows POST: Fenster '55ebea68-3a13-40ff-931d-93582500fe9d' (Rolle 'main') registriert
2026-05-25 20:13:41 [DEBUG   ] forensic.server.http_server (http_server.py:115): HTTP "POST /_forensic/windows HTTP/1.1" 200 -
2026-05-25 20:14:02 [DEBUG   ] forensic (main.py:447): Watchdog: Heartbeat (Dump: 'logs/freeze_dump.txt')
2026-05-25 20:14:11 [DEBUG   ] forensic.server.router (router.py:104): Router: POST /_forensic/windows (ajax=True)
2026-05-25 20:14:11 [DEBUG   ] forensic.forensic_api.windows (windows.py:186): /_forensic/windows POST: Fenster '55ebea68-3a13-40ff-931d-93582500fe9d' (Rolle 'main') registriert
2026-05-25 20:14:11 [DEBUG   ] forensic.server.http_server (http_server.py:115): HTTP "POST /_forensic/windows HTTP/1.1" 200 -
2026-05-25 20:14:32 [DEBUG   ] forensic (main.py:447): Watchdog: Heartbeat (Dump: 'logs/freeze_dump.txt')
2026-05-25 20:14:41 [DEBUG   ] forensic.server.router (router.py:104): Router: POST /_forensic/windows (ajax=True)
2026-05-25 20:14:41 [DEBUG   ] forensic.forensic_api.windows (windows.py:186): /_forensic/windows POST: Fenster '55ebea68-3a13-40ff-931d-93582500fe9d' (Rolle 'main') registriert
2026-05-25 20:14:41 [DEBUG   ] forensic.server.http_server (http_server.py:115): HTTP "POST /_forensic/windows HTTP/1.1" 200 -
2026-05-25 20:15:02 [DEBUG   ] forensic (main.py:447): Watchdog: Heartbeat (Dump: 'logs/freeze_dump.txt')
2026-05-25 20:15:11 [DEBUG   ] forensic.server.router (router.py:104): Router: POST /_forensic/windows (ajax=True)
2026-05-25 20:15:11 [DEBUG   ] forensic.forensic_api.windows (windows.py:186): /_forensic/windows POST: Fenster '55ebea68-3a13-40ff-931d-93582500fe9d' (Rolle 'main') registriert
2026-05-25 20:15:11 [DEBUG   ] forensic.server.http_server (http_server.py:115): HTTP "POST /_forensic/windows HTTP/1.1" 200 -
2026-05-25 20:15:32 [DEBUG   ] forensic (main.py:447): Watchdog: Heartbeat (Dump: 'logs/freeze_dump.txt')
2026-05-25 20:15:41 [DEBUG   ] forensic.server.router (router.py:104): Router: POST /_forensic/windows (ajax=True)
2026-05-25 20:15:41 [DEBUG   ] forensic.forensic_api.windows (windows.py:186): /_forensic/windows POST: Fenster '55ebea68-3a13-40ff-931d-93582500fe9d' (Rolle 'main') registriert
2026-05-25 20:15:41 [DEBUG   ] forensic.server.http_server (http_server.py:115): HTTP "POST /_forensic/windows HTTP/1.1" 200 -
2026-05-25 20:16:02 [DEBUG   ] forensic (main.py:447): Watchdog: Heartbeat (Dump: 'logs/freeze_dump.txt')
2026-05-25 20:16:11 [DEBUG   ] forensic.server.router (router.py:104): Router: POST /_forensic/windows (ajax=True)
2026-05-25 20:16:11 [DEBUG   ] forensic.forensic_api.windows (windows.py:186): /_forensic/windows POST: Fenster '55ebea68-3a13-40ff-931d-93582500fe9d' (Rolle 'main') registriert
2026-05-25 20:16:11 [DEBUG   ] forensic.server.http_server (http_server.py:115): HTTP "POST /_forensic/windows HTTP/1.1" 200 -
2026-05-25 20:16:32 [DEBUG   ] forensic (main.py:447): Watchdog: Heartbeat (Dump: 'logs/freeze_dump.txt')
2026-05-25 20:16:41 [DEBUG   ] forensic.server.router (router.py:104): Router: POST /_forensic/windows (ajax=True)
2026-05-25 20:16:41 [DEBUG   ] forensic.forensic_api.windows (windows.py:186): /_forensic/windows POST: Fenster '55ebea68-3a13-40ff-931d-93582500fe9d' (Rolle 'main') registriert
2026-05-25 20:16:41 [DEBUG   ] forensic.server.http_server (http_server.py:115): HTTP "POST /_forensic/windows HTTP/1.1" 200 -
2026-05-25 20:17:02 [DEBUG   ] forensic (main.py:447): Watchdog: Heartbeat (Dump: 'logs/freeze_dump.txt')
2026-05-25 20:17:11 [DEBUG   ] forensic.server.router (router.py:104): Router: POST /_forensic/windows (ajax=True)
2026-05-25 20:17:11 [DEBUG   ] forensic.forensic_api.windows (windows.py:186): /_forensic/windows POST: Fenster '55ebea68-3a13-40ff-931d-93582500fe9d' (Rolle 'main') registriert
2026-05-25 20:17:11 [DEBUG   ] forensic.server.http_server (http_server.py:115): HTTP "POST /_forensic/windows HTTP/1.1" 200 -
2026-05-25 20:17:32 [DEBUG   ] forensic (main.py:447): Watchdog: Heartbeat (Dump: 'logs/freeze_dump.txt')
2026-05-25 20:17:41 [DEBUG   ] forensic.server.router (router.py:104): Router: POST /_forensic/windows (ajax=True)
2026-05-25 20:17:41 [DEBUG   ] forensic.forensic_api.windows (windows.py:186): /_forensic/windows POST: Fenster '55ebea68-3a13-40ff-931d-93582500fe9d' (Rolle 'main') registriert
2026-05-25 20:17:41 [DEBUG   ] forensic.server.http_server (http_server.py:115): HTTP "POST /_forensic/windows HTTP/1.1" 200 -
2026-05-25 20:17:52 [DEBUG   ] forensic.server.router (router.py:104): Router: GET /_forensic/report (ajax=False)
2026-05-25 20:17:52 [DEBUG   ] forensic.server.http_server (http_server.py:115): HTTP "GET /_forensic/report HTTP/1.1" 200 -
2026-05-25 20:17:52 [DEBUG   ] forensic.forensic_api.report (report.py:445): /_forensic/report (HTML) ausgeliefert: user_id=2948078
2026-05-25 20:17:52 [DEBUG   ] forensic.server.router (router.py:104): Router: GET /_forensic/userinfo.css (ajax=False)
2026-05-25 20:17:52 [DEBUG   ] forensic.server.router (router.py:104): Router: GET /_forensic/report.css (ajax=False)
2026-05-25 20:17:52 [DEBUG   ] forensic.forensic_api.static (static.py:139): Static: '/_forensic/userinfo.css' ausgeliefert (47040 bytes)
2026-05-25 20:17:52 [DEBUG   ] forensic.server.http_server (http_server.py:115): HTTP "GET /_forensic/userinfo.css HTTP/1.1" 200 -
2026-05-25 20:17:52 [DEBUG   ] forensic.forensic_api.static (static.py:139): Static: '/_forensic/report.css' ausgeliefert (90467 bytes)
2026-05-25 20:17:52 [DEBUG   ] forensic.server.http_server (http_server.py:115): HTTP "GET /_forensic/report.css HTTP/1.1" 200 -
2026-05-25 20:17:52 [DEBUG   ] forensic.server.router (router.py:104): Router: GET /_forensic/static/editor/editor.bundle.js (ajax=False)
2026-05-25 20:17:52 [DEBUG   ] forensic.forensic_api.static (static.py:203): Editor-Asset: 'editor.bundle.js' ausgeliefert (367283 bytes)
2026-05-25 20:17:52 [DEBUG   ] forensic.server.router (router.py:104): Router: GET /_forensic/debug_events.js (ajax=False)
2026-05-25 20:17:52 [DEBUG   ] forensic.server.router (router.py:104): Router: GET /_forensic/placeholder_wizard.js (ajax=False)
2026-05-25 20:17:52 [DEBUG   ] forensic.server.router (router.py:104): Router: GET /_forensic/placeholder_chips.js (ajax=False)
2026-05-25 20:17:52 [DEBUG   ] forensic.server.router (router.py:104): Router: GET /_forensic/module_panel.js (ajax=False)
2026-05-25 20:17:52 [DEBUG   ] forensic.forensic_api.static (static.py:139): Static: '/_forensic/placeholder_wizard.js' ausgeliefert (28398 bytes)
2026-05-25 20:17:52 [DEBUG   ] forensic.server.http_server (http_server.py:115): HTTP "GET /_forensic/placeholder_wizard.js HTTP/1.1" 200 -
2026-05-25 20:17:52 [DEBUG   ] forensic.server.http_server (http_server.py:115): HTTP "GET /_forensic/static/editor/editor.bundle.js HTTP/1.1" 200 -
2026-05-25 20:17:52 [DEBUG   ] forensic.forensic_api.static (static.py:139): Static: '/_forensic/placeholder_chips.js' ausgeliefert (20569 bytes)
2026-05-25 20:17:52 [DEBUG   ] forensic.server.http_server (http_server.py:115): HTTP "GET /_forensic/placeholder_chips.js HTTP/1.1" 200 -
2026-05-25 20:17:52 [DEBUG   ] forensic.forensic_api.static (static.py:139): Static: '/_forensic/debug_events.js' ausgeliefert (10500 bytes)
2026-05-25 20:17:52 [DEBUG   ] forensic.forensic_api.static (static.py:139): Static: '/_forensic/module_panel.js' ausgeliefert (56737 bytes)
2026-05-25 20:17:52 [DEBUG   ] forensic.server.http_server (http_server.py:115): HTTP "GET /_forensic/debug_events.js HTTP/1.1" 200 -
2026-05-25 20:17:52 [DEBUG   ] forensic.server.http_server (http_server.py:115): HTTP "GET /_forensic/module_panel.js HTTP/1.1" 200 -
2026-05-25 20:17:52 [DEBUG   ] forensic.server.router (router.py:104): Router: GET /_forensic/annotation_sidebar.js (ajax=False)
2026-05-25 20:17:52 [DEBUG   ] forensic.forensic_api.static (static.py:139): Static: '/_forensic/annotation_sidebar.js' ausgeliefert (30187 bytes)
2026-05-25 20:17:52 [DEBUG   ] forensic.server.http_server (http_server.py:115): HTTP "GET /_forensic/annotation_sidebar.js HTTP/1.1" 200 -
2026-05-25 20:17:52 [DEBUG   ] forensic.server.router (router.py:104): Router: GET /_forensic/comment_thread.js (ajax=False)
2026-05-25 20:17:52 [DEBUG   ] forensic.forensic_api.static (static.py:139): Static: '/_forensic/comment_thread.js' ausgeliefert (17543 bytes)
2026-05-25 20:17:52 [DEBUG   ] forensic.server.http_server (http_server.py:115): HTTP "GET /_forensic/comment_thread.js HTTP/1.1" 200 -
2026-05-25 20:17:52 [DEBUG   ] forensic.server.router (router.py:104): Router: GET /_forensic/report_editor.js (ajax=False)
2026-05-25 20:17:52 [DEBUG   ] forensic.forensic_api.static (static.py:139): Static: '/_forensic/report_editor.js' ausgeliefert (162525 bytes)
2026-05-25 20:17:52 [DEBUG   ] forensic.server.http_server (http_server.py:115): HTTP "GET /_forensic/report_editor.js HTTP/1.1" 200 -
2026-05-25 20:17:52 [DEBUG   ] forensic.server.router (router.py:104): Router: GET /.well-known/appspecific/com.chrome.devtools.json (ajax=False)
2026-05-25 20:17:52 [DEBUG   ] forensic.server.router (router.py:104): Router: GET /_forensic/userinfo.js (ajax=False)
2026-05-25 20:17:52 [DEBUG   ] forensic.forensic_api.static (static.py:139): Static: '/_forensic/userinfo.js' ausgeliefert (51136 bytes)
2026-05-25 20:17:52 [DEBUG   ] forensic.server.http_server (http_server.py:115): HTTP "GET /_forensic/userinfo.js HTTP/1.1" 200 -
2026-05-25 20:17:52 [DEBUG   ] forensic.db.forensic_db (forensic_db.py:264): Seite nicht im Scope: '/.well-known/appspecific/com.chrome.devtools.json' (method=GET)
2026-05-25 20:17:52 [DEBUG   ] forensic.server.shell_handler (shell_handler.py:133): Shell: NOT_IN_SCOPE für '/.well-known/appspecific/com.chrome.devtools.json'
2026-05-25 20:17:52 [DEBUG   ] forensic.server.http_server (http_server.py:115): HTTP "GET /.well-known/appspecific/com.chrome.devtools.json HTTP/1.1" 404 -
2026-05-25 20:17:52 [DEBUG   ] forensic.server.router (router.py:104): Router: GET /_forensic/static/editor/editor.bundle.js.map (ajax=False)
2026-05-25 20:17:52 [DEBUG   ] forensic.forensic_api.static (static.py:203): Editor-Asset: 'editor.bundle.js.map' ausgeliefert (939250 bytes)
2026-05-25 20:17:52 [DEBUG   ] forensic.server.http_server (http_server.py:115): HTTP "GET /_forensic/static/editor/editor.bundle.js.map HTTP/1.1" 200 -
2026-05-25 20:17:52 [DEBUG   ] forensic.server.router (router.py:104): Router: GET /_forensic/version (ajax=True)
2026-05-25 20:17:52 [DEBUG   ] forensic.server.http_server (http_server.py:115): HTTP "GET /_forensic/version HTTP/1.1" 200 -
2026-05-25 20:17:52 [DEBUG   ] forensic.server.router (router.py:104): Router: GET /favicon.ico (ajax=False)
2026-05-25 20:17:52 [DEBUG   ] forensic.db.forensic_db (forensic_db.py:264): Seite nicht im Scope: '/favicon.ico' (method=GET)
2026-05-25 20:17:52 [DEBUG   ] forensic.server.shell_handler (shell_handler.py:133): Shell: NOT_IN_SCOPE für '/favicon.ico'
2026-05-25 20:17:52 [DEBUG   ] forensic.server.http_server (http_server.py:115): HTTP "GET /favicon.ico HTTP/1.1" 404 -
2026-05-25 20:18:02 [DEBUG   ] forensic (main.py:447): Watchdog: Heartbeat (Dump: 'logs/freeze_dump.txt')
2026-05-25 20:18:11 [DEBUG   ] forensic.server.router (router.py:104): Router: POST /_forensic/windows (ajax=True)
2026-05-25 20:18:11 [DEBUG   ] forensic.forensic_api.windows (windows.py:186): /_forensic/windows POST: Fenster '55ebea68-3a13-40ff-931d-93582500fe9d' (Rolle 'main') registriert
2026-05-25 20:18:11 [DEBUG   ] forensic.server.http_server (http_server.py:115): HTTP "POST /_forensic/windows HTTP/1.1" 200 -
2026-05-25 20:18:32 [DEBUG   ] forensic (main.py:447): Watchdog: Heartbeat (Dump: 'logs/freeze_dump.txt')
2026-05-25 20:18:41 [DEBUG   ] forensic.server.router (router.py:104): Router: POST /_forensic/windows (ajax=True)
2026-05-25 20:18:41 [DEBUG   ] forensic.forensic_api.windows (windows.py:186): /_forensic/windows POST: Fenster '55ebea68-3a13-40ff-931d-93582500fe9d' (Rolle 'main') registriert
2026-05-25 20:18:41 [DEBUG   ] forensic.server.http_server (http_server.py:115): HTTP "POST /_forensic/windows HTTP/1.1" 200 -
2026-05-25 20:19:02 [DEBUG   ] forensic (main.py:447): Watchdog: Heartbeat (Dump: 'logs/freeze_dump.txt')
2026-05-25 20:19:11 [DEBUG   ] forensic.server.router (router.py:104): Router: POST /_forensic/windows (ajax=True)
2026-05-25 20:19:11 [DEBUG   ] forensic.forensic_api.windows (windows.py:186): /_forensic/windows POST: Fenster '55ebea68-3a13-40ff-931d-93582500fe9d' (Rolle 'main') registriert
2026-05-25 20:19:11 [DEBUG   ] forensic.server.http_server (http_server.py:115): HTTP "POST /_forensic/windows HTTP/1.1" 200 -
2026-05-25 20:19:32 [DEBUG   ] forensic (main.py:447): Watchdog: Heartbeat (Dump: 'logs/freeze_dump.txt')
2026-05-25 20:19:41 [DEBUG   ] forensic.server.router (router.py:104): Router: POST /_forensic/windows (ajax=True)
2026-05-25 20:19:41 [DEBUG   ] forensic.forensic_api.windows (windows.py:186): /_forensic/windows POST: Fenster '55ebea68-3a13-40ff-931d-93582500fe9d' (Rolle 'main') registriert
2026-05-25 20:19:41 [DEBUG   ] forensic.server.http_server (http_server.py:115): HTTP "POST /_forensic/windows HTTP/1.1" 200 -
2026-05-25 20:20:02 [DEBUG   ] forensic (main.py:447): Watchdog: Heartbeat (Dump: 'logs/freeze_dump.txt')
2026-05-25 20:20:11 [DEBUG   ] forensic.server.router (router.py:104): Router: POST /_forensic/windows (ajax=True)
2026-05-25 20:20:11 [DEBUG   ] forensic.forensic_api.windows (windows.py:186): /_forensic/windows POST: Fenster '55ebea68-3a13-40ff-931d-93582500fe9d' (Rolle 'main') registriert
2026-05-25 20:20:11 [DEBUG   ] forensic.server.http_server (http_server.py:115): HTTP "POST /_forensic/windows HTTP/1.1" 200 -
2026-05-25 20:20:32 [DEBUG   ] forensic (main.py:447): Watchdog: Heartbeat (Dump: 'logs/freeze_dump.txt')
2026-05-25 20:20:41 [DEBUG   ] forensic.server.router (router.py:104): Router: POST /_forensic/windows (ajax=True)
2026-05-25 20:20:41 [DEBUG   ] forensic.forensic_api.windows (windows.py:186): /_forensic/windows POST: Fenster '55ebea68-3a13-40ff-931d-93582500fe9d' (Rolle 'main') registriert
2026-05-25 20:20:41 [DEBUG   ] forensic.server.http_server (http_server.py:115): HTTP "POST /_forensic/windows HTTP/1.1" 200 -
2026-05-25 20:21:02 [DEBUG   ] forensic (main.py:447): Watchdog: Heartbeat (Dump: 'logs/freeze_dump.txt')
2026-05-25 20:21:11 [DEBUG   ] forensic.server.router (router.py:104): Router: POST /_forensic/windows (ajax=True)
2026-05-25 20:21:11 [DEBUG   ] forensic.forensic_api.windows (windows.py:186): /_forensic/windows POST: Fenster '55ebea68-3a13-40ff-931d-93582500fe9d' (Rolle 'main') registriert
2026-05-25 20:21:11 [DEBUG   ] forensic.server.http_server (http_server.py:115): HTTP "POST /_forensic/windows HTTP/1.1" 200 -
2026-05-25 20:21:32 [DEBUG   ] forensic (main.py:447): Watchdog: Heartbeat (Dump: 'logs/freeze_dump.txt')
2026-05-25 20:21:41 [DEBUG   ] forensic.server.router (router.py:104): Router: POST /_forensic/windows (ajax=True)
2026-05-25 20:21:41 [DEBUG   ] forensic.forensic_api.windows (windows.py:186): /_forensic/windows POST: Fenster '55ebea68-3a13-40ff-931d-93582500fe9d' (Rolle 'main') registriert
2026-05-25 20:21:41 [DEBUG   ] forensic.server.http_server (http_server.py:115): HTTP "POST /_forensic/windows HTTP/1.1" 200 -
2026-05-25 20:22:02 [DEBUG   ] forensic (main.py:447): Watchdog: Heartbeat (Dump: 'logs/freeze_dump.txt')
2026-05-25 20:22:11 [DEBUG   ] forensic.server.router (router.py:104): Router: POST /_forensic/windows (ajax=True)
2026-05-25 20:22:11 [DEBUG   ] forensic.forensic_api.windows (windows.py:186): /_forensic/windows POST: Fenster '55ebea68-3a13-40ff-931d-93582500fe9d' (Rolle 'main') registriert
2026-05-25 20:22:11 [DEBUG   ] forensic.server.http_server (http_server.py:115): HTTP "POST /_forensic/windows HTTP/1.1" 200 -
2026-05-25 20:22:32 [DEBUG   ] forensic (main.py:447): Watchdog: Heartbeat (Dump: 'logs/freeze_dump.txt')
2026-05-25 20:22:41 [DEBUG   ] forensic.server.router (router.py:104): Router: POST /_forensic/windows (ajax=True)
2026-05-25 20:22:41 [DEBUG   ] forensic.forensic_api.windows (windows.py:186): /_forensic/windows POST: Fenster '55ebea68-3a13-40ff-931d-93582500fe9d' (Rolle 'main') registriert
2026-05-25 20:22:41 [DEBUG   ] forensic.server.http_server (http_server.py:115): HTTP "POST /_forensic/windows HTTP/1.1" 200 -
2026-05-25 20:23:02 [DEBUG   ] forensic (main.py:447): Watchdog: Heartbeat (Dump: 'logs/freeze_dump.txt')
2026-05-25 20:23:11 [DEBUG   ] forensic.server.router (router.py:104): Router: POST /_forensic/windows (ajax=True)
2026-05-25 20:23:11 [DEBUG   ] forensic.forensic_api.windows (windows.py:186): /_forensic/windows POST: Fenster '55ebea68-3a13-40ff-931d-93582500fe9d' (Rolle 'main') registriert
2026-05-25 20:23:11 [DEBUG   ] forensic.server.http_server (http_server.py:115): HTTP "POST /_forensic/windows HTTP/1.1" 200 -
2026-05-25 20:23:32 [DEBUG   ] forensic (main.py:447): Watchdog: Heartbeat (Dump: 'logs/freeze_dump.txt')
2026-05-25 20:23:41 [DEBUG   ] forensic.server.router (router.py:104): Router: POST /_forensic/windows (ajax=True)
2026-05-25 20:23:41 [DEBUG   ] forensic.forensic_api.windows (windows.py:186): /_forensic/windows POST: Fenster '55ebea68-3a13-40ff-931d-93582500fe9d' (Rolle 'main') registriert
2026-05-25 20:23:41 [DEBUG   ] forensic.server.http_server (http_server.py:115): HTTP "POST /_forensic/windows HTTP/1.1" 200 -
2026-05-25 20:24:02 [DEBUG   ] forensic (main.py:447): Watchdog: Heartbeat (Dump: 'logs/freeze_dump.txt')
2026-05-25 20:24:11 [DEBUG   ] forensic.server.router (router.py:104): Router: POST /_forensic/windows (ajax=True)
2026-05-25 20:24:11 [DEBUG   ] forensic.forensic_api.windows (windows.py:186): /_forensic/windows POST: Fenster '55ebea68-3a13-40ff-931d-93582500fe9d' (Rolle 'main') registriert
2026-05-25 20:24:11 [DEBUG   ] forensic.server.http_server (http_server.py:115): HTTP "POST /_forensic/windows HTTP/1.1" 200 -
2026-05-25 20:24:32 [DEBUG   ] forensic (main.py:447): Watchdog: Heartbeat (Dump: 'logs/freeze_dump.txt')
2026-05-25 20:24:41 [DEBUG   ] forensic.server.router (router.py:104): Router: POST /_forensic/windows (ajax=True)
2026-05-25 20:24:41 [DEBUG   ] forensic.forensic_api.windows (windows.py:186): /_forensic/windows POST: Fenster '55ebea68-3a13-40ff-931d-93582500fe9d' (Rolle 'main') registriert
2026-05-25 20:24:41 [DEBUG   ] forensic.server.http_server (http_server.py:115): HTTP "POST /_forensic/windows HTTP/1.1" 200 -
2026-05-25 20:25:02 [DEBUG   ] forensic (main.py:447): Watchdog: Heartbeat (Dump: 'logs/freeze_dump.txt')
2026-05-25 20:25:11 [DEBUG   ] forensic.server.router (router.py:104): Router: POST /_forensic/windows (ajax=True)
2026-05-25 20:25:11 [DEBUG   ] forensic.forensic_api.windows (windows.py:186): /_forensic/windows POST: Fenster '55ebea68-3a13-40ff-931d-93582500fe9d' (Rolle 'main') registriert
2026-05-25 20:25:11 [DEBUG   ] forensic.server.http_server (http_server.py:115): HTTP "POST /_forensic/windows HTTP/1.1" 200 -
2026-05-25 20:25:32 [DEBUG   ] forensic (main.py:447): Watchdog: Heartbeat (Dump: 'logs/freeze_dump.txt')
2026-05-25 20:25:41 [DEBUG   ] forensic.server.router (router.py:104): Router: POST /_forensic/windows (ajax=True)
2026-05-25 20:25:41 [DEBUG   ] forensic.forensic_api.windows (windows.py:186): /_forensic/windows POST: Fenster '55ebea68-3a13-40ff-931d-93582500fe9d' (Rolle 'main') registriert
2026-05-25 20:25:41 [DEBUG   ] forensic.server.http_server (http_server.py:115): HTTP "POST /_forensic/windows HTTP/1.1" 200 -
2026-05-25 20:26:02 [DEBUG   ] forensic (main.py:447): Watchdog: Heartbeat (Dump: 'logs/freeze_dump.txt')
2026-05-25 20:26:11 [DEBUG   ] forensic.server.router (router.py:104): Router: POST /_forensic/windows (ajax=True)
2026-05-25 20:26:11 [DEBUG   ] forensic.forensic_api.windows (windows.py:186): /_forensic/windows POST: Fenster '55ebea68-3a13-40ff-931d-93582500fe9d' (Rolle 'main') registriert
2026-05-25 20:26:11 [DEBUG   ] forensic.server.http_server (http_server.py:115): HTTP "POST /_forensic/windows HTTP/1.1" 200 -
2026-05-25 20:26:32 [DEBUG   ] forensic (main.py:447): Watchdog: Heartbeat (Dump: 'logs/freeze_dump.txt')
2026-05-25 20:26:41 [DEBUG   ] forensic.server.router (router.py:104): Router: POST /_forensic/windows (ajax=True)
2026-05-25 20:26:41 [DEBUG   ] forensic.forensic_api.windows (windows.py:186): /_forensic/windows POST: Fenster '55ebea68-3a13-40ff-931d-93582500fe9d' (Rolle 'main') registriert
2026-05-25 20:26:41 [DEBUG   ] forensic.server.http_server (http_server.py:115): HTTP "POST /_forensic/windows HTTP/1.1" 200 -
2026-05-25 20:27:02 [DEBUG   ] forensic (main.py:447): Watchdog: Heartbeat (Dump: 'logs/freeze_dump.txt')
2026-05-25 20:27:11 [DEBUG   ] forensic.server.router (router.py:104): Router: POST /_forensic/windows (ajax=True)
2026-05-25 20:27:11 [DEBUG   ] forensic.forensic_api.windows (windows.py:186): /_forensic/windows POST: Fenster '55ebea68-3a13-40ff-931d-93582500fe9d' (Rolle 'main') registriert
2026-05-25 20:27:11 [DEBUG   ] forensic.server.http_server (http_server.py:115): HTTP "POST /_forensic/windows HTTP/1.1" 200 -
2026-05-25 20:27:32 [DEBUG   ] forensic (main.py:447): Watchdog: Heartbeat (Dump: 'logs/freeze_dump.txt')
2026-05-25 20:27:41 [DEBUG   ] forensic.server.router (router.py:104): Router: POST /_forensic/windows (ajax=True)
2026-05-25 20:27:41 [DEBUG   ] forensic.forensic_api.windows (windows.py:186): /_forensic/windows POST: Fenster '55ebea68-3a13-40ff-931d-93582500fe9d' (Rolle 'main') registriert
2026-05-25 20:27:41 [DEBUG   ] forensic.server.http_server (http_server.py:115): HTTP "POST /_forensic/windows HTTP/1.1" 200 -
2026-05-25 20:28:02 [DEBUG   ] forensic (main.py:447): Watchdog: Heartbeat (Dump: 'logs/freeze_dump.txt')
2026-05-25 20:28:11 [DEBUG   ] forensic.server.router (router.py:104): Router: POST /_forensic/windows (ajax=True)
2026-05-25 20:28:11 [DEBUG   ] forensic.forensic_api.windows (windows.py:186): /_forensic/windows POST: Fenster '55ebea68-3a13-40ff-931d-93582500fe9d' (Rolle 'main') registriert
2026-05-25 20:28:11 [DEBUG   ] forensic.server.http_server (http_server.py:115): HTTP "POST /_forensic/windows HTTP/1.1" 200 -
2026-05-25 20:28:32 [DEBUG   ] forensic (main.py:447): Watchdog: Heartbeat (Dump: 'logs/freeze_dump.txt')
2026-05-25 20:28:41 [DEBUG   ] forensic.server.router (router.py:104): Router: POST /_forensic/windows (ajax=True)
2026-05-25 20:28:41 [DEBUG   ] forensic.forensic_api.windows (windows.py:186): /_forensic/windows POST: Fenster '55ebea68-3a13-40ff-931d-93582500fe9d' (Rolle 'main') registriert
2026-05-25 20:28:41 [DEBUG   ] forensic.server.http_server (http_server.py:115): HTTP "POST /_forensic/windows HTTP/1.1" 200 -
2026-05-25 20:29:02 [DEBUG   ] forensic (main.py:447): Watchdog: Heartbeat (Dump: 'logs/freeze_dump.txt')
2026-05-25 20:29:11 [DEBUG   ] forensic.server.router (router.py:104): Router: POST /_forensic/windows (ajax=True)
2026-05-25 20:29:11 [DEBUG   ] forensic.forensic_api.windows (windows.py:186): /_forensic/windows POST: Fenster '55ebea68-3a13-40ff-931d-93582500fe9d' (Rolle 'main') registriert
2026-05-25 20:29:11 [DEBUG   ] forensic.server.http_server (http_server.py:115): HTTP "POST /_forensic/windows HTTP/1.1" 200 -
2026-05-25 20:29:32 [DEBUG   ] forensic (main.py:447): Watchdog: Heartbeat (Dump: 'logs/freeze_dump.txt')
2026-05-25 20:29:41 [DEBUG   ] forensic.server.router (router.py:104): Router: POST /_forensic/windows (ajax=True)
2026-05-25 20:29:41 [DEBUG   ] forensic.forensic_api.windows (windows.py:186): /_forensic/windows POST: Fenster '55ebea68-3a13-40ff-931d-93582500fe9d' (Rolle 'main') registriert
2026-05-25 20:29:41 [DEBUG   ] forensic.server.http_server (http_server.py:115): HTTP "POST /_forensic/windows HTTP/1.1" 200 -
2026-05-25 20:30:02 [DEBUG   ] forensic (main.py:447): Watchdog: Heartbeat (Dump: 'logs/freeze_dump.txt')
2026-05-25 20:30:11 [DEBUG   ] forensic.server.router (router.py:104): Router: POST /_forensic/windows (ajax=True)
2026-05-25 20:30:11 [DEBUG   ] forensic.forensic_api.windows (windows.py:186): /_forensic/windows POST: Fenster '55ebea68-3a13-40ff-931d-93582500fe9d' (Rolle 'main') registriert
2026-05-25 20:30:11 [DEBUG   ] forensic.server.http_server (http_server.py:115): HTTP "POST /_forensic/windows HTTP/1.1" 200 -
2026-05-25 20:30:32 [DEBUG   ] forensic (main.py:447): Watchdog: Heartbeat (Dump: 'logs/freeze_dump.txt')
2026-05-25 20:30:41 [DEBUG   ] forensic.server.router (router.py:104): Router: POST /_forensic/windows (ajax=True)
2026-05-25 20:30:41 [DEBUG   ] forensic.forensic_api.windows (windows.py:186): /_forensic/windows POST: Fenster '55ebea68-3a13-40ff-931d-93582500fe9d' (Rolle 'main') registriert
2026-05-25 20:30:41 [DEBUG   ] forensic.server.http_server (http_server.py:115): HTTP "POST /_forensic/windows HTTP/1.1" 200 -
2026-05-25 20:31:02 [DEBUG   ] forensic (main.py:447): Watchdog: Heartbeat (Dump: 'logs/freeze_dump.txt')
2026-05-25 20:31:11 [DEBUG   ] forensic.server.router (router.py:104): Router: POST /_forensic/windows (ajax=True)
2026-05-25 20:31:11 [DEBUG   ] forensic.forensic_api.windows (windows.py:186): /_forensic/windows POST: Fenster '55ebea68-3a13-40ff-931d-93582500fe9d' (Rolle 'main') registriert
2026-05-25 20:31:11 [DEBUG   ] forensic.server.http_server (http_server.py:115): HTTP "POST /_forensic/windows HTTP/1.1" 200 -
2026-05-25 20:31:32 [DEBUG   ] forensic (main.py:447): Watchdog: Heartbeat (Dump: 'logs/freeze_dump.txt')
2026-05-25 20:31:41 [DEBUG   ] forensic.server.router (router.py:104): Router: POST /_forensic/windows (ajax=True)
2026-05-25 20:31:41 [DEBUG   ] forensic.forensic_api.windows (windows.py:186): /_forensic/windows POST: Fenster '55ebea68-3a13-40ff-931d-93582500fe9d' (Rolle 'main') registriert
2026-05-25 20:31:41 [DEBUG   ] forensic.server.http_server (http_server.py:115): HTTP "POST /_forensic/windows HTTP/1.1" 200 -
2026-05-25 20:32:02 [DEBUG   ] forensic (main.py:447): Watchdog: Heartbeat (Dump: 'logs/freeze_dump.txt')
2026-05-25 20:32:11 [DEBUG   ] forensic.server.router (router.py:104): Router: POST /_forensic/windows (ajax=True)
2026-05-25 20:32:11 [DEBUG   ] forensic.forensic_api.windows (windows.py:186): /_forensic/windows POST: Fenster '55ebea68-3a13-40ff-931d-93582500fe9d' (Rolle 'main') registriert
2026-05-25 20:32:11 [DEBUG   ] forensic.server.http_server (http_server.py:115): HTTP "POST /_forensic/windows HTTP/1.1" 200 -
2026-05-25 20:32:32 [DEBUG   ] forensic (main.py:447): Watchdog: Heartbeat (Dump: 'logs/freeze_dump.txt')
2026-05-25 20:32:41 [DEBUG   ] forensic.server.router (router.py:104): Router: POST /_forensic/windows (ajax=True)
2026-05-25 20:32:41 [DEBUG   ] forensic.forensic_api.windows (windows.py:186): /_forensic/windows POST: Fenster '55ebea68-3a13-40ff-931d-93582500fe9d' (Rolle 'main') registriert
2026-05-25 20:32:41 [DEBUG   ] forensic.server.http_server (http_server.py:115): HTTP "POST /_forensic/windows HTTP/1.1" 200 -
2026-05-25 20:33:02 [DEBUG   ] forensic (main.py:447): Watchdog: Heartbeat (Dump: 'logs/freeze_dump.txt')
2026-05-25 20:33:32 [DEBUG   ] forensic (main.py:447): Watchdog: Heartbeat (Dump: 'logs/freeze_dump.txt')
2026-05-25 20:33:50 [DEBUG   ] forensic.server.router (router.py:104): Router: POST /_forensic/windows (ajax=True)
2026-05-25 20:33:50 [DEBUG   ] forensic.forensic_api.windows (windows.py:186): /_forensic/windows POST: Fenster '55ebea68-3a13-40ff-931d-93582500fe9d' (Rolle 'main') registriert
2026-05-25 20:33:50 [DEBUG   ] forensic.server.http_server (http_server.py:115): HTTP "POST /_forensic/windows HTTP/1.1" 200 -
2026-05-25 20:34:02 [DEBUG   ] forensic (main.py:447): Watchdog: Heartbeat (Dump: 'logs/freeze_dump.txt')
2026-05-25 20:34:32 [DEBUG   ] forensic (main.py:447): Watchdog: Heartbeat (Dump: 'logs/freeze_dump.txt')
2026-05-25 20:34:50 [DEBUG   ] forensic.server.router (router.py:104): Router: POST /_forensic/windows (ajax=True)
2026-05-25 20:34:50 [DEBUG   ] forensic.forensic_api.windows (windows.py:186): /_forensic/windows POST: Fenster '55ebea68-3a13-40ff-931d-93582500fe9d' (Rolle 'main') registriert
2026-05-25 20:34:50 [DEBUG   ] forensic.server.http_server (http_server.py:115): HTTP "POST /_forensic/windows HTTP/1.1" 200 -
2026-05-25 20:35:02 [DEBUG   ] forensic (main.py:447): Watchdog: Heartbeat (Dump: 'logs/freeze_dump.txt')
2026-05-25 20:35:32 [DEBUG   ] forensic (main.py:447): Watchdog: Heartbeat (Dump: 'logs/freeze_dump.txt')
2026-05-25 20:35:50 [DEBUG   ] forensic.server.router (router.py:104): Router: POST /_forensic/windows (ajax=True)
2026-05-25 20:35:50 [DEBUG   ] forensic.forensic_api.windows (windows.py:186): /_forensic/windows POST: Fenster '55ebea68-3a13-40ff-931d-93582500fe9d' (Rolle 'main') registriert
2026-05-25 20:35:50 [DEBUG   ] forensic.server.http_server (http_server.py:115): HTTP "POST /_forensic/windows HTTP/1.1" 200 -
2026-05-25 20:36:02 [DEBUG   ] forensic (main.py:447): Watchdog: Heartbeat (Dump: 'logs/freeze_dump.txt')
2026-05-25 20:36:32 [DEBUG   ] forensic (main.py:447): Watchdog: Heartbeat (Dump: 'logs/freeze_dump.txt')
2026-05-25 20:36:50 [DEBUG   ] forensic.server.router (router.py:104): Router: POST /_forensic/windows (ajax=True)
2026-05-25 20:36:50 [DEBUG   ] forensic.forensic_api.windows (windows.py:186): /_forensic/windows POST: Fenster '55ebea68-3a13-40ff-931d-93582500fe9d' (Rolle 'main') registriert
2026-05-25 20:36:50 [DEBUG   ] forensic.server.http_server (http_server.py:115): HTTP "POST /_forensic/windows HTTP/1.1" 200 -
2026-05-25 20:37:02 [DEBUG   ] forensic (main.py:447): Watchdog: Heartbeat (Dump: 'logs/freeze_dump.txt')
2026-05-25 20:37:32 [DEBUG   ] forensic (main.py:447): Watchdog: Heartbeat (Dump: 'logs/freeze_dump.txt')
2026-05-25 20:37:35 [DEBUG   ] forensic.server.router (router.py:104): Router: POST /_forensic/windows (ajax=True)
2026-05-25 20:37:35 [DEBUG   ] forensic.forensic_api.windows (windows.py:186): /_forensic/windows POST: Fenster '55ebea68-3a13-40ff-931d-93582500fe9d' (Rolle 'main') registriert
2026-05-25 20:37:35 [DEBUG   ] forensic.server.http_server (http_server.py:115): HTTP "POST /_forensic/windows HTTP/1.1" 200 -
2026-05-25 20:37:41 [DEBUG   ] forensic.server.router (router.py:104): Router: POST /_forensic/windows (ajax=True)
2026-05-25 20:37:41 [DEBUG   ] forensic.forensic_api.windows (windows.py:186): /_forensic/windows POST: Fenster '55ebea68-3a13-40ff-931d-93582500fe9d' (Rolle 'main') registriert
2026-05-25 20:37:41 [DEBUG   ] forensic.server.http_server (http_server.py:115): HTTP "POST /_forensic/windows HTTP/1.1" 200 -
2026-05-25 20:38:02 [DEBUG   ] forensic (main.py:447): Watchdog: Heartbeat (Dump: 'logs/freeze_dump.txt')
2026-05-25 20:38:11 [DEBUG   ] forensic.server.router (router.py:104): Router: POST /_forensic/windows (ajax=True)
2026-05-25 20:38:11 [DEBUG   ] forensic.forensic_api.windows (windows.py:186): /_forensic/windows POST: Fenster '55ebea68-3a13-40ff-931d-93582500fe9d' (Rolle 'main') registriert
2026-05-25 20:38:11 [DEBUG   ] forensic.server.http_server (http_server.py:115): HTTP "POST /_forensic/windows HTTP/1.1" 200 -
2026-05-25 20:38:32 [DEBUG   ] forensic (main.py:447): Watchdog: Heartbeat (Dump: 'logs/freeze_dump.txt')
2026-05-25 20:38:41 [DEBUG   ] forensic.server.router (router.py:104): Router: POST /_forensic/windows (ajax=True)
2026-05-25 20:38:41 [DEBUG   ] forensic.forensic_api.windows (windows.py:186): /_forensic/windows POST: Fenster '55ebea68-3a13-40ff-931d-93582500fe9d' (Rolle 'main') registriert
2026-05-25 20:38:41 [DEBUG   ] forensic.server.http_server (http_server.py:115): HTTP "POST /_forensic/windows HTTP/1.1" 200 -
2026-05-25 20:39:02 [DEBUG   ] forensic (main.py:447): Watchdog: Heartbeat (Dump: 'logs/freeze_dump.txt')
2026-05-25 20:39:32 [DEBUG   ] forensic (main.py:447): Watchdog: Heartbeat (Dump: 'logs/freeze_dump.txt')
2026-05-25 20:39:50 [DEBUG   ] forensic.server.router (router.py:104): Router: POST /_forensic/windows (ajax=True)
2026-05-25 20:39:50 [DEBUG   ] forensic.forensic_api.windows (windows.py:186): /_forensic/windows POST: Fenster '55ebea68-3a13-40ff-931d-93582500fe9d' (Rolle 'main') registriert
2026-05-25 20:39:50 [DEBUG   ] forensic.server.http_server (http_server.py:115): HTTP "POST /_forensic/windows HTTP/1.1" 200 -
2026-05-25 20:40:02 [DEBUG   ] forensic (main.py:447): Watchdog: Heartbeat (Dump: 'logs/freeze_dump.txt')
2026-05-25 20:40:32 [DEBUG   ] forensic (main.py:447): Watchdog: Heartbeat (Dump: 'logs/freeze_dump.txt')
2026-05-25 20:40:50 [DEBUG   ] forensic.server.router (router.py:104): Router: POST /_forensic/windows (ajax=True)
2026-05-25 20:40:50 [DEBUG   ] forensic.forensic_api.windows (windows.py:186): /_forensic/windows POST: Fenster '55ebea68-3a13-40ff-931d-93582500fe9d' (Rolle 'main') registriert
2026-05-25 20:40:50 [DEBUG   ] forensic.server.http_server (http_server.py:115): HTTP "POST /_forensic/windows HTTP/1.1" 200 -
2026-05-25 20:41:02 [DEBUG   ] forensic (main.py:447): Watchdog: Heartbeat (Dump: 'logs/freeze_dump.txt')
2026-05-25 20:41:32 [DEBUG   ] forensic (main.py:447): Watchdog: Heartbeat (Dump: 'logs/freeze_dump.txt')
2026-05-25 20:41:50 [DEBUG   ] forensic.server.router (router.py:104): Router: POST /_forensic/windows (ajax=True)
2026-05-25 20:41:50 [DEBUG   ] forensic.forensic_api.windows (windows.py:186): /_forensic/windows POST: Fenster '55ebea68-3a13-40ff-931d-93582500fe9d' (Rolle 'main') registriert
2026-05-25 20:41:50 [DEBUG   ] forensic.server.http_server (http_server.py:115): HTTP "POST /_forensic/windows HTTP/1.1" 200 -
2026-05-25 20:42:02 [DEBUG   ] forensic (main.py:447): Watchdog: Heartbeat (Dump: 'logs/freeze_dump.txt')
2026-05-25 20:42:32 [DEBUG   ] forensic (main.py:447): Watchdog: Heartbeat (Dump: 'logs/freeze_dump.txt')
2026-05-25 20:42:50 [DEBUG   ] forensic.server.router (router.py:104): Router: POST /_forensic/windows (ajax=True)
2026-05-25 20:42:50 [DEBUG   ] forensic.forensic_api.windows (windows.py:186): /_forensic/windows POST: Fenster '55ebea68-3a13-40ff-931d-93582500fe9d' (Rolle 'main') registriert
2026-05-25 20:42:50 [DEBUG   ] forensic.server.http_server (http_server.py:115): HTTP "POST /_forensic/windows HTTP/1.1" 200 -
2026-05-25 20:43:02 [DEBUG   ] forensic (main.py:447): Watchdog: Heartbeat (Dump: 'logs/freeze_dump.txt')
