2026-05-09 21:25:40 [INFO    ] forensic (logger.py:158): Logging initialisiert — Level: DEBUG, Logdatei: /opt/aiw_webserver/logs/forensic_server.log
2026-05-09 21:25:40 [INFO    ] forensic (main.py:236): === Forensischer Webserver startet — Build 038 · 2026-04-18 ===
2026-05-09 21:25:40 [INFO    ] forensic (main.py:239): Config geladen: '/opt/aiw_webserver/config.yaml'
2026-05-09 21:25:40 [DEBUG   ] forensic.core.user_resolver (user_resolver.py:70): Systembenutzer ermittelt: 'paul' (Plattform: linux)
2026-05-09 21:25:40 [INFO    ] forensic (main.py:248): Systembenutzer: 'paul'
2026-05-09 21:25:40 [INFO    ] forensic.core.mode_resolver (mode_resolver.py:150): Startmodus: 'cli'
2026-05-09 21:25:40 [INFO    ] forensic.core.mode_resolver (mode_resolver.py:351): Modus 'cli': user_id=538299, username='uid_538299', forensic_db='/opt/aiw_webserver/data/forensic/forensic_538299.db'
2026-05-09 21:25:40 [INFO    ] forensic (main.py:271): Kontext: mode='cli', user_id=538299, username='uid_538299'
2026-05-09 21:25:40 [INFO    ] forensic (main.py:275): forensic_db : '/opt/aiw_webserver/data/forensic/forensic_538299.db'
2026-05-09 21:25:40 [INFO    ] forensic (main.py:276): evidence_db : '/opt/aiw_webserver/data/evidence/evidence_538299.db'
2026-05-09 21:25:40 [INFO    ] forensic (main.py:277): default_db  : '/opt/aiw_webserver/data/default.db'
2026-05-09 21:25:40 [INFO    ] forensic (main.py:278): coordinator : '/opt/aiw_webserver/data/coordinator.db'
2026-05-09 21:25:40 [INFO    ] forensic.core.startup_checks (startup_checks.py:123): Starte Voraussetzungsprüfungen...
2026-05-09 21:25:40 [DEBUG   ] forensic.core.startup_checks (startup_checks.py:164): Datei gefunden: forensic_db = '/opt/aiw_webserver/data/forensic/forensic_538299.db'
2026-05-09 21:25:40 [DEBUG   ] forensic.core.startup_checks (startup_checks.py:164): Datei gefunden: evidence_db = '/opt/aiw_webserver/data/evidence/evidence_538299.db'
2026-05-09 21:25:40 [DEBUG   ] forensic.core.startup_checks (startup_checks.py:180): default_db gefunden: '/opt/aiw_webserver/data/default.db'
2026-05-09 21:25:40 [DEBUG   ] forensic.core.startup_checks (startup_checks.py:206): coordinator_db gefunden: '/opt/aiw_webserver/data/coordinator.db'
2026-05-09 21:25:40 [DEBUG   ] forensic.core.startup_checks (startup_checks.py:254): Schema-Version geprüft: 1 (erwartet: 1) ✓
2026-05-09 21:25:41 [INFO    ] forensic.core.startup_checks (startup_checks.py:327): Integritätsprüfung forensic_db erfolgreich: SHA-256 = bf1506808669a92e... ✓
2026-05-09 21:25:41 [DEBUG   ] forensic.core.startup_checks (startup_checks.py:366): forensic_db READ-ONLY-Prüfung bestanden ✓
2026-05-09 21:25:41 [INFO    ] forensic.core.startup_checks (startup_checks.py:132): Alle Voraussetzungsprüfungen erfolgreich abgeschlossen.
2026-05-09 21:25:41 [INFO    ] forensic (main.py:293): Alle Startprüfungen bestanden.
2026-05-09 21:25:41 [DEBUG   ] forensic.core.hosts_manager (hosts_manager.py:135): HostsManager: forum_hostname nicht konfiguriert — no-op.
2026-05-09 21:25:41 [INFO    ] forensic.db.connection_manager (connection_manager.py:146): Öffne Datenbankverbindungen (Modus: 'cli', user_id: 538299)
2026-05-09 21:25:41 [DEBUG   ] forensic.db.connection_manager (connection_manager.py:189): Haupt-DB geöffnet: '/opt/aiw_webserver/data/evidence/evidence_538299.db'
2026-05-09 21:25:41 [DEBUG   ] forensic.db.connection_manager (connection_manager.py:519): ATTACH fdb (READ-ONLY via Authorizer): '/opt/aiw_webserver/data/forensic/forensic_538299.db'
2026-05-09 21:25:41 [DEBUG   ] forensic.db.connection_manager (connection_manager.py:519): ATTACH ddb (READ-ONLY via Authorizer): '/opt/aiw_webserver/data/default.db'
2026-05-09 21:25:41 [DEBUG   ] forensic.db.connection_manager (connection_manager.py:532): ATTACH cdb (READ-WRITE): '/opt/aiw_webserver/data/coordinator.db'
2026-05-09 21:25:41 [DEBUG   ] forensic.db.connection_manager (connection_manager.py:204): cdb angebunden: '/opt/aiw_webserver/data/coordinator.db'
2026-05-09 21:25:41 [DEBUG   ] forensic.db.connection_manager (connection_manager.py:519): ATTACH adb (READ-ONLY via Authorizer): '/opt/aiw_webserver/data/assets/assets_538299.db'
2026-05-09 21:25:41 [DEBUG   ] forensic.db.connection_manager (connection_manager.py:218): adb angebunden (READ-ONLY): '/opt/aiw_webserver/data/assets/assets_538299.db'
2026-05-09 21:25:41 [DEBUG   ] forensic.db.connection_manager (connection_manager.py:519): ATTACH tdb (READ-ONLY via Authorizer): '/opt/aiw_webserver/data/templates.db'
2026-05-09 21:25:41 [DEBUG   ] forensic.db.connection_manager (connection_manager.py:235): tdb angebunden (READ-ONLY): '/opt/aiw_webserver/data/templates.db'
2026-05-09 21:25:41 [DEBUG   ] forensic.db.forensic_db (forensic_db.py:456): get_forum_base_url(): 'http://alice4n4kd5gga3xqggygi6r7q7l7bb2wg5lcykh22ilxomk2jmpcbyd.onion'
2026-05-09 21:25:41 [DEBUG   ] forensic.db.forensic_db (forensic_db.py:221): blob_lookup TEMP VIEW angelegt (forum_base_url='http://alice4n4kd5gga3xqggygi6r7q7l7bb2wg5lcykh22ilxomk2jmpcbyd.onion')
2026-05-09 21:25:41 [DEBUG   ] forensic.db.forensic_db (forensic_db.py:456): get_forum_base_url(): 'http://alice4n4kd5gga3xqggygi6r7q7l7bb2wg5lcykh22ilxomk2jmpcbyd.onion'
2026-05-09 21:25:41 [DEBUG   ] forensic.db.default_db (default_db.py:121): ddb (default.db) korrekt angebunden und erreichbar
2026-05-09 21:25:41 [DEBUG   ] forensic.db.evidence_db (evidence_db.py:473): evidence_db Schema initialisiert (oder bereits vorhanden)
2026-05-09 21:25:41 [DEBUG   ] forensic.db.evidence_db (evidence_db.py:492): evidence_db Migration: 'annotations.selection_json' bereits vorhanden
2026-05-09 21:25:41 [DEBUG   ] forensic.db.evidence_db (evidence_db.py:492): evidence_db Migration: 'annotations.tags_json' bereits vorhanden
2026-05-09 21:25:41 [DEBUG   ] forensic.db.evidence_db (evidence_db.py:492): evidence_db Migration: 'annotations.local_id' bereits vorhanden
2026-05-09 21:25:41 [DEBUG   ] forensic.db.evidence_db (evidence_db.py:492): evidence_db Migration: 'annotations.post_id' bereits vorhanden
2026-05-09 21:25:41 [DEBUG   ] forensic.db.evidence_db (evidence_db.py:492): evidence_db Migration: 'annotations.created_by' bereits vorhanden
2026-05-09 21:25:41 [DEBUG   ] forensic.db.evidence_db (evidence_db.py:507): evidence_db Migration: annotations_local_id_uniq sichergestellt
2026-05-09 21:25:41 [DEBUG   ] forensic.db.assets_db (assets_db.py:155): adb (assets_<uid>.db) korrekt angebunden und erreichbar
2026-05-09 21:25:41 [DEBUG   ] forensic.db.templates_db (templates_db.py:102): TemplatesDb: tdb verfuegbar und initialisiert.
2026-05-09 21:25:41 [DEBUG   ] forensic.db.connection_manager (connection_manager.py:264): Authorizer deaktiviert — Schreibschutz via Dateisystem/startup_checks.
2026-05-09 21:25:41 [INFO    ] forensic.db.connection_manager (connection_manager.py:266): Alle Verbindungen aufgebaut (Normalmodus). forensic_db: 53 Seiten, evidence_db: 2 Annotationen
2026-05-09 21:25:41 [INFO    ] forensic (main.py:337): Alle Datenbankverbindungen aufgebaut.
2026-05-09 21:25:41 [INFO    ] forensic.server.http_server (http_server.py:292): ForensicHTTPServer initialisiert: http://127.0.0.2:8080 (socket-backlog=50, sse-max=20)
2026-05-09 21:25:41 [INFO    ] forensic (main.py:367): Server bereit: http://127.0.0.2:8080
2026-05-09 21:25:41 [INFO    ] forensic (main.py:368): Ermittlung: user_id=538299 ('uid_538299'), Modus='cli'
2026-05-09 21:25:41 [INFO    ] forensic (main.py:423): Watchdog gestartet (Intervall: 30s, Dump: 'logs/freeze_dump.txt')
2026-05-09 21:25:41 [INFO    ] forensic.server.http_server (http_server.py:303): Server läuft. Strg+C zum Beenden.
2026-05-09 21:25:43 [DEBUG   ] forensic.server.router (router.py:102): Router: GET /_forensic/report (ajax=False)
2026-05-09 21:25:43 [DEBUG   ] forensic.server.http_server (http_server.py:115): HTTP "GET /_forensic/report HTTP/1.1" 200 -
2026-05-09 21:25:43 [DEBUG   ] forensic.forensic_api.report (report.py:410): /_forensic/report (HTML) ausgeliefert: user_id=538299
2026-05-09 21:25:43 [DEBUG   ] forensic.server.router (router.py:102): Router: GET /_forensic/userinfo.css (ajax=False)
2026-05-09 21:25:43 [DEBUG   ] forensic.server.router (router.py:102): Router: GET /_forensic/report.css (ajax=False)
2026-05-09 21:25:43 [DEBUG   ] forensic.forensic_api.static (static.py:136): Static: '/_forensic/userinfo.css' ausgeliefert (43575 bytes)
2026-05-09 21:25:43 [DEBUG   ] forensic.forensic_api.static (static.py:136): Static: '/_forensic/report.css' ausgeliefert (85396 bytes)
2026-05-09 21:25:43 [DEBUG   ] forensic.server.http_server (http_server.py:115): HTTP "GET /_forensic/userinfo.css HTTP/1.1" 200 -
2026-05-09 21:25:43 [DEBUG   ] forensic.server.http_server (http_server.py:115): HTTP "GET /_forensic/report.css HTTP/1.1" 200 -
2026-05-09 21:25:43 [DEBUG   ] forensic.server.router (router.py:102): Router: GET /_forensic/placeholder_chips.js (ajax=False)
2026-05-09 21:25:43 [DEBUG   ] forensic.server.router (router.py:102): Router: GET /_forensic/module_panel.js (ajax=False)
2026-05-09 21:25:43 [DEBUG   ] forensic.server.router (router.py:102): Router: GET /_forensic/placeholder_wizard.js (ajax=False)
2026-05-09 21:25:43 [DEBUG   ] forensic.server.router (router.py:102): Router: GET /_forensic/annotation_sidebar.js (ajax=False)
2026-05-09 21:25:43 [DEBUG   ] forensic.forensic_api.static (static.py:136): Static: '/_forensic/placeholder_chips.js' ausgeliefert (20074 bytes)
2026-05-09 21:25:43 [DEBUG   ] forensic.forensic_api.static (static.py:136): Static: '/_forensic/placeholder_wizard.js' ausgeliefert (24076 bytes)
2026-05-09 21:25:43 [DEBUG   ] forensic.server.http_server (http_server.py:115): HTTP "GET /_forensic/placeholder_wizard.js HTTP/1.1" 200 -
2026-05-09 21:25:43 [DEBUG   ] forensic.server.router (router.py:102): Router: GET /_forensic/static/editor/editor.bundle.js (ajax=False)
2026-05-09 21:25:43 [DEBUG   ] forensic.forensic_api.static (static.py:136): Static: '/_forensic/annotation_sidebar.js' ausgeliefert (24113 bytes)
2026-05-09 21:25:43 [DEBUG   ] forensic.forensic_api.static (static.py:136): Static: '/_forensic/module_panel.js' ausgeliefert (43862 bytes)
2026-05-09 21:25:43 [DEBUG   ] forensic.server.router (router.py:102): Router: GET /_forensic/comment_thread.js (ajax=False)
2026-05-09 21:25:43 [DEBUG   ] forensic.server.http_server (http_server.py:115): HTTP "GET /_forensic/placeholder_chips.js HTTP/1.1" 200 -
2026-05-09 21:25:43 [DEBUG   ] forensic.forensic_api.static (static.py:195): Editor-Asset: 'editor.bundle.js' ausgeliefert (367120 bytes)
2026-05-09 21:25:43 [DEBUG   ] forensic.server.http_server (http_server.py:115): HTTP "GET /_forensic/static/editor/editor.bundle.js HTTP/1.1" 200 -
2026-05-09 21:25:43 [DEBUG   ] forensic.server.http_server (http_server.py:115): HTTP "GET /_forensic/annotation_sidebar.js HTTP/1.1" 200 -
2026-05-09 21:25:43 [DEBUG   ] forensic.forensic_api.static (static.py:136): Static: '/_forensic/comment_thread.js' ausgeliefert (16640 bytes)
2026-05-09 21:25:43 [DEBUG   ] forensic.server.http_server (http_server.py:115): HTTP "GET /_forensic/module_panel.js HTTP/1.1" 200 -
2026-05-09 21:25:43 [DEBUG   ] forensic.server.http_server (http_server.py:115): HTTP "GET /_forensic/comment_thread.js HTTP/1.1" 200 -
2026-05-09 21:25:43 [DEBUG   ] forensic.server.router (router.py:102): Router: GET /.well-known/appspecific/com.chrome.devtools.json (ajax=False)
2026-05-09 21:25:43 [DEBUG   ] forensic.db.forensic_db (forensic_db.py:264): Seite nicht im Scope: '/.well-known/appspecific/com.chrome.devtools.json' (method=GET)
2026-05-09 21:25:43 [DEBUG   ] forensic.server.shell_handler (shell_handler.py:119): Shell: NOT_IN_SCOPE für '/.well-known/appspecific/com.chrome.devtools.json'
2026-05-09 21:25:43 [DEBUG   ] forensic.server.router (router.py:102): Router: GET /_forensic/report_editor.js (ajax=False)
2026-05-09 21:25:43 [DEBUG   ] forensic.forensic_api.static (static.py:136): Static: '/_forensic/report_editor.js' ausgeliefert (91414 bytes)
2026-05-09 21:25:43 [DEBUG   ] forensic.server.http_server (http_server.py:115): HTTP "GET /_forensic/report_editor.js HTTP/1.1" 200 -
2026-05-09 21:25:43 [DEBUG   ] forensic.server.http_server (http_server.py:115): HTTP "GET /.well-known/appspecific/com.chrome.devtools.json HTTP/1.1" 404 -
2026-05-09 21:25:43 [DEBUG   ] forensic.server.router (router.py:102): Router: GET /_forensic/userinfo.js (ajax=False)
2026-05-09 21:25:43 [DEBUG   ] forensic.forensic_api.static (static.py:136): Static: '/_forensic/userinfo.js' ausgeliefert (69864 bytes)
2026-05-09 21:25:43 [DEBUG   ] forensic.server.http_server (http_server.py:115): HTTP "GET /_forensic/userinfo.js HTTP/1.1" 200 -
2026-05-09 21:25:43 [DEBUG   ] forensic.server.router (router.py:102): Router: GET /_forensic/events (ajax=False)
2026-05-09 21:25:43 [DEBUG   ] forensic.server.http_server (http_server.py:115): HTTP "GET /_forensic/events HTTP/1.1" 200 -
2026-05-09 21:25:43 [DEBUG   ] forensic.server.router (router.py:102): Router: GET /favicon.ico (ajax=False)
2026-05-09 21:25:43 [DEBUG   ] forensic.db.forensic_db (forensic_db.py:264): Seite nicht im Scope: '/favicon.ico' (method=GET)
2026-05-09 21:25:43 [DEBUG   ] forensic.server.shell_handler (shell_handler.py:119): Shell: NOT_IN_SCOPE für '/favicon.ico'
2026-05-09 21:25:43 [DEBUG   ] forensic.server.http_server (http_server.py:115): HTTP "GET /favicon.ico HTTP/1.1" 404 -
2026-05-09 21:25:43 [DEBUG   ] forensic.server.router (router.py:102): Router: POST /_forensic/report (ajax=False)
2026-05-09 21:25:43 [DEBUG   ] forensic.server.router (router.py:102): Router: GET /_forensic/templates (ajax=True)
2026-05-09 21:25:43 [DEBUG   ] forensic.server.router (router.py:102): Router: GET /_forensic/reports (ajax=True)
2026-05-09 21:25:43 [INFO    ] forensic.db.evidence_db (evidence_db.py:1424): Editor-Lock erworben: 'paul' (lock_id=e819138b-4187-49ff-8a9e-a0c6a2196a7c)
2026-05-09 21:25:43 [DEBUG   ] forensic.server.http_server (http_server.py:115): HTTP "POST /_forensic/report HTTP/1.1" 200 -
2026-05-09 21:25:43 [DEBUG   ] forensic.server.http_server (http_server.py:115): HTTP "GET /_forensic/reports HTTP/1.1" 200 -
2026-05-09 21:25:43 [INFO    ] forensic.forensic_api.report (report.py:904): acquire_lock: 'paul' hat Lock erworben (sse_client=d717b36a-eed0-49e3-95f6-2f00438f7e42)
2026-05-09 21:25:43 [DEBUG   ] forensic.forensic_api.reports (reports.py:90): /_forensic/reports (GET): 1 Berichte ausgeliefert
2026-05-09 21:25:43 [DEBUG   ] forensic.server.http_server (http_server.py:115): HTTP "GET /_forensic/templates HTTP/1.1" 200 -
2026-05-09 21:25:43 [DEBUG   ] forensic.server.router (router.py:102): Router: GET /_forensic/report (ajax=True)
2026-05-09 21:25:43 [DEBUG   ] forensic.server.http_server (http_server.py:115): HTTP "GET /_forensic/report?format=json HTTP/1.1" 200 -
2026-05-09 21:25:43 [DEBUG   ] forensic.server.router (router.py:102): Router: GET /_forensic/static/editor/editor.bundle.js.map (ajax=False)
2026-05-09 21:25:43 [DEBUG   ] forensic.forensic_api.static (static.py:195): Editor-Asset: 'editor.bundle.js.map' ausgeliefert (938680 bytes)
2026-05-09 21:25:43 [DEBUG   ] forensic.server.http_server (http_server.py:115): HTTP "GET /_forensic/static/editor/editor.bundle.js.map HTTP/1.1" 200 -
2026-05-09 21:25:44 [DEBUG   ] forensic.server.router (router.py:102): Router: GET /_forensic/events (ajax=False)
2026-05-09 21:25:44 [DEBUG   ] forensic.server.router (router.py:102): Router: GET /_forensic/events (ajax=False)
2026-05-09 21:25:44 [DEBUG   ] forensic.server.http_server (http_server.py:115): HTTP "GET /_forensic/events HTTP/1.1" 200 -
2026-05-09 21:25:44 [DEBUG   ] forensic.server.router (router.py:102): Router: GET /_forensic/events (ajax=False)
2026-05-09 21:25:44 [DEBUG   ] forensic.server.http_server (http_server.py:115): HTTP "GET /_forensic/events HTTP/1.1" 200 -
2026-05-09 21:25:44 [DEBUG   ] forensic.server.http_server (http_server.py:115): HTTP "GET /_forensic/events HTTP/1.1" 200 -
2026-05-09 21:25:54 [DEBUG   ] forensic.server.router (router.py:102): Router: GET /_forensic/placeholders/library (ajax=True)
2026-05-09 21:25:54 [DEBUG   ] forensic.server.http_server (http_server.py:115): HTTP "GET /_forensic/placeholders/library HTTP/1.1" 200 -
2026-05-09 21:26:11 [DEBUG   ] forensic (main.py:408): Watchdog: Heartbeat (Dump: 'logs/freeze_dump.txt')
2026-05-09 21:26:29 [WARNING ] forensic.db.coordinator_db (coordinator_db.py:161): get_support_status(): Fehler beim Lesen — gebe inactive zurück: tuple index out of range
2026-05-09 21:26:41 [DEBUG   ] forensic (main.py:408): Watchdog: Heartbeat (Dump: 'logs/freeze_dump.txt')
2026-05-09 21:26:50 [DEBUG   ] forensic.server.router (router.py:102): Router: POST /_forensic/editor/block (ajax=False)
2026-05-09 21:26:50 [INFO    ] forensic.db.evidence_db (evidence_db.py:973): Block gespeichert: block_id=21fe8fd1-1d4a-44d1-bd7c-c077a30b6351 type=paragraph report_id=2 von 'paul'
2026-05-09 21:26:50 [DEBUG   ] forensic.server.http_server (http_server.py:115): HTTP "POST /_forensic/editor/block HTTP/1.1" 200 -
2026-05-09 21:26:50 [INFO    ] forensic.forensic_api.editor_block (editor_block.py:315): Block gespeichert: block_id=21fe8fd1-1d4a-44d1-bd7c-c077a30b6351 type=paragraph owner=paul
2026-05-09 21:26:50 [DEBUG   ] forensic.server.router (router.py:102): Router: POST /_forensic/editor/block (ajax=False)
2026-05-09 21:26:50 [INFO    ] forensic.db.evidence_db (evidence_db.py:973): Block gespeichert: block_id=bll-PCJeEv type=paragraph report_id=2 von 'paul'
2026-05-09 21:26:50 [DEBUG   ] forensic.server.http_server (http_server.py:115): HTTP "POST /_forensic/editor/block HTTP/1.1" 200 -
2026-05-09 21:26:50 [INFO    ] forensic.forensic_api.editor_block (editor_block.py:315): Block gespeichert: block_id=bll-PCJeEv type=paragraph owner=paul
2026-05-09 21:26:50 [DEBUG   ] forensic.server.router (router.py:102): Router: POST /_forensic/editor/block (ajax=False)
2026-05-09 21:26:50 [INFO    ] forensic.db.evidence_db (evidence_db.py:973): Block gespeichert: block_id=i8OxxJCEj2 type=delimiter report_id=2 von 'paul'
2026-05-09 21:26:50 [DEBUG   ] forensic.server.http_server (http_server.py:115): HTTP "POST /_forensic/editor/block HTTP/1.1" 200 -
2026-05-09 21:26:50 [INFO    ] forensic.forensic_api.editor_block (editor_block.py:315): Block gespeichert: block_id=i8OxxJCEj2 type=delimiter owner=paul
2026-05-09 21:26:50 [DEBUG   ] forensic.server.router (router.py:102): Router: POST /_forensic/editor/block (ajax=False)
2026-05-09 21:26:50 [INFO    ] forensic.db.evidence_db (evidence_db.py:973): Block gespeichert: block_id=514412a5-9f7f-4766-a03c-6619cdee2843 type=paragraph report_id=2 von 'paul'
2026-05-09 21:26:50 [DEBUG   ] forensic.server.http_server (http_server.py:115): HTTP "POST /_forensic/editor/block HTTP/1.1" 200 -
2026-05-09 21:26:50 [INFO    ] forensic.forensic_api.editor_block (editor_block.py:315): Block gespeichert: block_id=514412a5-9f7f-4766-a03c-6619cdee2843 type=paragraph owner=paul
2026-05-09 21:26:50 [DEBUG   ] forensic.server.router (router.py:102): Router: POST /_forensic/editor/block (ajax=False)
2026-05-09 21:26:50 [INFO    ] forensic.db.evidence_db (evidence_db.py:973): Block gespeichert: block_id=ePoQFO0ZVy type=paragraph report_id=2 von 'paul'
2026-05-09 21:26:50 [DEBUG   ] forensic.server.http_server (http_server.py:115): HTTP "POST /_forensic/editor/block HTTP/1.1" 200 -
2026-05-09 21:26:50 [INFO    ] forensic.forensic_api.editor_block (editor_block.py:315): Block gespeichert: block_id=ePoQFO0ZVy type=paragraph owner=paul
2026-05-09 21:26:50 [DEBUG   ] forensic.server.router (router.py:102): Router: POST /_forensic/editor/block (ajax=False)
2026-05-09 21:26:50 [INFO    ] forensic.db.evidence_db (evidence_db.py:973): Block gespeichert: block_id=cEqVULVn60 type=paragraph report_id=2 von 'paul'
2026-05-09 21:26:50 [DEBUG   ] forensic.server.http_server (http_server.py:115): HTTP "POST /_forensic/editor/block HTTP/1.1" 200 -
2026-05-09 21:26:50 [INFO    ] forensic.forensic_api.editor_block (editor_block.py:315): Block gespeichert: block_id=cEqVULVn60 type=paragraph owner=paul
2026-05-09 21:26:50 [DEBUG   ] forensic.server.router (router.py:102): Router: POST /_forensic/editor/block (ajax=False)
2026-05-09 21:26:50 [INFO    ] forensic.db.evidence_db (evidence_db.py:973): Block gespeichert: block_id=Uugp1g8Wl4 type=paragraph report_id=2 von 'paul'
2026-05-09 21:26:50 [DEBUG   ] forensic.server.http_server (http_server.py:115): HTTP "POST /_forensic/editor/block HTTP/1.1" 200 -
2026-05-09 21:26:50 [INFO    ] forensic.forensic_api.editor_block (editor_block.py:315): Block gespeichert: block_id=Uugp1g8Wl4 type=paragraph owner=paul
2026-05-09 21:26:50 [DEBUG   ] forensic.server.router (router.py:102): Router: POST /_forensic/editor/block (ajax=False)
2026-05-09 21:26:50 [INFO    ] forensic.db.evidence_db (evidence_db.py:973): Block gespeichert: block_id=cewq53-w1Y type=paragraph report_id=2 von 'paul'
2026-05-09 21:26:50 [DEBUG   ] forensic.server.http_server (http_server.py:115): HTTP "POST /_forensic/editor/block HTTP/1.1" 200 -
2026-05-09 21:26:50 [INFO    ] forensic.forensic_api.editor_block (editor_block.py:315): Block gespeichert: block_id=cewq53-w1Y type=paragraph owner=paul
2026-05-09 21:26:50 [DEBUG   ] forensic.server.router (router.py:102): Router: POST /_forensic/editor/block (ajax=False)
2026-05-09 21:26:50 [INFO    ] forensic.db.evidence_db (evidence_db.py:973): Block gespeichert: block_id=pPklymmFi4 type=paragraph report_id=2 von 'paul'
2026-05-09 21:26:50 [DEBUG   ] forensic.server.http_server (http_server.py:115): HTTP "POST /_forensic/editor/block HTTP/1.1" 200 -
2026-05-09 21:26:50 [INFO    ] forensic.forensic_api.editor_block (editor_block.py:315): Block gespeichert: block_id=pPklymmFi4 type=paragraph owner=paul
2026-05-09 21:26:50 [DEBUG   ] forensic.server.router (router.py:102): Router: POST /_forensic/editor/block (ajax=False)
2026-05-09 21:26:50 [INFO    ] forensic.db.evidence_db (evidence_db.py:973): Block gespeichert: block_id=FCIUdDNj0n type=paragraph report_id=2 von 'paul'
2026-05-09 21:26:50 [DEBUG   ] forensic.server.http_server (http_server.py:115): HTTP "POST /_forensic/editor/block HTTP/1.1" 200 -
2026-05-09 21:26:50 [INFO    ] forensic.forensic_api.editor_block (editor_block.py:315): Block gespeichert: block_id=FCIUdDNj0n type=paragraph owner=paul
2026-05-09 21:26:50 [DEBUG   ] forensic.server.router (router.py:102): Router: POST /_forensic/editor/block (ajax=False)
2026-05-09 21:26:50 [INFO    ] forensic.db.evidence_db (evidence_db.py:973): Block gespeichert: block_id=BeJ0-UiIAh type=paragraph report_id=2 von 'paul'
2026-05-09 21:26:50 [DEBUG   ] forensic.server.http_server (http_server.py:115): HTTP "POST /_forensic/editor/block HTTP/1.1" 200 -
2026-05-09 21:26:50 [INFO    ] forensic.forensic_api.editor_block (editor_block.py:315): Block gespeichert: block_id=BeJ0-UiIAh type=paragraph owner=paul
2026-05-09 21:26:50 [DEBUG   ] forensic.server.router (router.py:102): Router: POST /_forensic/editor/block (ajax=False)
2026-05-09 21:26:50 [INFO    ] forensic.db.evidence_db (evidence_db.py:973): Block gespeichert: block_id=9Tz-6p_SWf type=paragraph report_id=2 von 'paul'
2026-05-09 21:26:50 [DEBUG   ] forensic.server.http_server (http_server.py:115): HTTP "POST /_forensic/editor/block HTTP/1.1" 200 -
2026-05-09 21:26:50 [INFO    ] forensic.forensic_api.editor_block (editor_block.py:315): Block gespeichert: block_id=9Tz-6p_SWf type=paragraph owner=paul
2026-05-09 21:26:50 [DEBUG   ] forensic.server.router (router.py:102): Router: POST /_forensic/editor/block (ajax=False)
2026-05-09 21:26:50 [INFO    ] forensic.db.evidence_db (evidence_db.py:973): Block gespeichert: block_id=rCq5G9wQNQ type=paragraph report_id=2 von 'paul'
2026-05-09 21:26:50 [DEBUG   ] forensic.server.http_server (http_server.py:115): HTTP "POST /_forensic/editor/block HTTP/1.1" 200 -
2026-05-09 21:26:50 [INFO    ] forensic.forensic_api.editor_block (editor_block.py:315): Block gespeichert: block_id=rCq5G9wQNQ type=paragraph owner=paul
2026-05-09 21:26:51 [DEBUG   ] forensic.server.router (router.py:102): Router: POST /_forensic/editor/block (ajax=False)
2026-05-09 21:26:51 [INFO    ] forensic.db.evidence_db (evidence_db.py:973): Block gespeichert: block_id=4bZQRqQoFu type=paragraph report_id=2 von 'paul'
2026-05-09 21:26:51 [DEBUG   ] forensic.server.http_server (http_server.py:115): HTTP "POST /_forensic/editor/block HTTP/1.1" 200 -
2026-05-09 21:26:51 [INFO    ] forensic.forensic_api.editor_block (editor_block.py:315): Block gespeichert: block_id=4bZQRqQoFu type=paragraph owner=paul
2026-05-09 21:26:51 [DEBUG   ] forensic.server.router (router.py:102): Router: POST /_forensic/editor/block (ajax=False)
2026-05-09 21:26:51 [INFO    ] forensic.db.evidence_db (evidence_db.py:973): Block gespeichert: block_id=zXOfyNaMlK type=paragraph report_id=2 von 'paul'
2026-05-09 21:26:51 [DEBUG   ] forensic.server.http_server (http_server.py:115): HTTP "POST /_forensic/editor/block HTTP/1.1" 200 -
2026-05-09 21:26:51 [INFO    ] forensic.forensic_api.editor_block (editor_block.py:315): Block gespeichert: block_id=zXOfyNaMlK type=paragraph owner=paul
2026-05-09 21:26:51 [DEBUG   ] forensic.server.router (router.py:102): Router: POST /_forensic/editor/block (ajax=False)
2026-05-09 21:26:51 [INFO    ] forensic.db.evidence_db (evidence_db.py:973): Block gespeichert: block_id=mFge8rhOQ4 type=paragraph report_id=2 von 'paul'
2026-05-09 21:26:51 [DEBUG   ] forensic.server.http_server (http_server.py:115): HTTP "POST /_forensic/editor/block HTTP/1.1" 200 -
2026-05-09 21:26:51 [INFO    ] forensic.forensic_api.editor_block (editor_block.py:315): Block gespeichert: block_id=mFge8rhOQ4 type=paragraph owner=paul
2026-05-09 21:26:51 [DEBUG   ] forensic.server.router (router.py:102): Router: POST /_forensic/editor/block (ajax=False)
2026-05-09 21:26:51 [INFO    ] forensic.db.evidence_db (evidence_db.py:973): Block gespeichert: block_id=2x_wx_XRef type=paragraph report_id=2 von 'paul'
2026-05-09 21:26:51 [DEBUG   ] forensic.server.http_server (http_server.py:115): HTTP "POST /_forensic/editor/block HTTP/1.1" 200 -
2026-05-09 21:26:51 [INFO    ] forensic.forensic_api.editor_block (editor_block.py:315): Block gespeichert: block_id=2x_wx_XRef type=paragraph owner=paul
2026-05-09 21:26:51 [DEBUG   ] forensic.server.router (router.py:102): Router: POST /_forensic/editor/block (ajax=False)
2026-05-09 21:26:51 [INFO    ] forensic.db.evidence_db (evidence_db.py:973): Block gespeichert: block_id=2sE-aEWNz9 type=paragraph report_id=2 von 'paul'
2026-05-09 21:26:51 [DEBUG   ] forensic.server.http_server (http_server.py:115): HTTP "POST /_forensic/editor/block HTTP/1.1" 200 -
2026-05-09 21:26:51 [INFO    ] forensic.forensic_api.editor_block (editor_block.py:315): Block gespeichert: block_id=2sE-aEWNz9 type=paragraph owner=paul
2026-05-09 21:26:51 [DEBUG   ] forensic.server.router (router.py:102): Router: POST /_forensic/editor/block (ajax=False)
2026-05-09 21:26:51 [INFO    ] forensic.db.evidence_db (evidence_db.py:973): Block gespeichert: block_id=KLU8TZwIVR type=paragraph report_id=2 von 'paul'
2026-05-09 21:26:51 [DEBUG   ] forensic.server.http_server (http_server.py:115): HTTP "POST /_forensic/editor/block HTTP/1.1" 200 -
2026-05-09 21:26:51 [INFO    ] forensic.forensic_api.editor_block (editor_block.py:315): Block gespeichert: block_id=KLU8TZwIVR type=paragraph owner=paul
2026-05-09 21:26:51 [DEBUG   ] forensic.server.router (router.py:102): Router: POST /_forensic/editor/block (ajax=False)
2026-05-09 21:26:51 [INFO    ] forensic.db.evidence_db (evidence_db.py:973): Block gespeichert: block_id=xL2xw8eL4U type=paragraph report_id=2 von 'paul'
2026-05-09 21:26:51 [DEBUG   ] forensic.server.http_server (http_server.py:115): HTTP "POST /_forensic/editor/block HTTP/1.1" 200 -
2026-05-09 21:26:51 [INFO    ] forensic.forensic_api.editor_block (editor_block.py:315): Block gespeichert: block_id=xL2xw8eL4U type=paragraph owner=paul
2026-05-09 21:26:51 [DEBUG   ] forensic.server.router (router.py:102): Router: POST /_forensic/editor/block (ajax=False)
2026-05-09 21:26:51 [INFO    ] forensic.db.evidence_db (evidence_db.py:973): Block gespeichert: block_id=85KQx12QVa type=list report_id=2 von 'paul'
2026-05-09 21:26:51 [DEBUG   ] forensic.server.http_server (http_server.py:115): HTTP "POST /_forensic/editor/block HTTP/1.1" 200 -
2026-05-09 21:26:51 [INFO    ] forensic.forensic_api.editor_block (editor_block.py:315): Block gespeichert: block_id=85KQx12QVa type=list owner=paul
2026-05-09 21:26:51 [DEBUG   ] forensic.server.router (router.py:102): Router: POST /_forensic/editor/block (ajax=False)
2026-05-09 21:26:51 [INFO    ] forensic.db.evidence_db (evidence_db.py:973): Block gespeichert: block_id=a6I-NPWFfk type=evidence report_id=2 von 'paul'
2026-05-09 21:26:51 [DEBUG   ] forensic.server.http_server (http_server.py:115): HTTP "POST /_forensic/editor/block HTTP/1.1" 200 -
2026-05-09 21:26:51 [INFO    ] forensic.forensic_api.editor_block (editor_block.py:315): Block gespeichert: block_id=a6I-NPWFfk type=evidence owner=paul
2026-05-09 21:26:51 [DEBUG   ] forensic.server.router (router.py:102): Router: POST /_forensic/editor/block (ajax=False)
2026-05-09 21:26:51 [INFO    ] forensic.db.evidence_db (evidence_db.py:973): Block gespeichert: block_id=f7a7ae29-3ccf-4ec8-9ea6-3281c64142cb type=paragraph report_id=2 von 'paul'
2026-05-09 21:26:51 [DEBUG   ] forensic.server.http_server (http_server.py:115): HTTP "POST /_forensic/editor/block HTTP/1.1" 200 -
2026-05-09 21:26:51 [INFO    ] forensic.forensic_api.editor_block (editor_block.py:315): Block gespeichert: block_id=f7a7ae29-3ccf-4ec8-9ea6-3281c64142cb type=paragraph owner=paul
2026-05-09 21:26:51 [DEBUG   ] forensic.server.router (router.py:102): Router: POST /_forensic/editor/block (ajax=False)
2026-05-09 21:26:51 [INFO    ] forensic.db.evidence_db (evidence_db.py:973): Block gespeichert: block_id=ef75e706-dedd-435e-ae62-1ed82b040743 type=paragraph report_id=2 von 'paul'
2026-05-09 21:26:51 [DEBUG   ] forensic.server.http_server (http_server.py:115): HTTP "POST /_forensic/editor/block HTTP/1.1" 200 -
2026-05-09 21:26:51 [INFO    ] forensic.forensic_api.editor_block (editor_block.py:315): Block gespeichert: block_id=ef75e706-dedd-435e-ae62-1ed82b040743 type=paragraph owner=paul
2026-05-09 21:26:51 [DEBUG   ] forensic.server.router (router.py:102): Router: POST /_forensic/editor/block (ajax=False)
2026-05-09 21:26:51 [INFO    ] forensic.db.evidence_db (evidence_db.py:973): Block gespeichert: block_id=1e7bd7c5-a255-49f8-83a7-04f9c0a88c07 type=paragraph report_id=2 von 'paul'
2026-05-09 21:26:51 [DEBUG   ] forensic.server.http_server (http_server.py:115): HTTP "POST /_forensic/editor/block HTTP/1.1" 200 -
2026-05-09 21:26:51 [INFO    ] forensic.forensic_api.editor_block (editor_block.py:315): Block gespeichert: block_id=1e7bd7c5-a255-49f8-83a7-04f9c0a88c07 type=paragraph owner=paul
2026-05-09 21:26:51 [DEBUG   ] forensic.server.router (router.py:102): Router: POST /_forensic/editor/block (ajax=False)
2026-05-09 21:26:51 [INFO    ] forensic.db.evidence_db (evidence_db.py:973): Block gespeichert: block_id=b18d53c4-8663-4517-9664-825ea6faaaec type=paragraph report_id=2 von 'paul'
2026-05-09 21:26:51 [DEBUG   ] forensic.server.http_server (http_server.py:115): HTTP "POST /_forensic/editor/block HTTP/1.1" 200 -
2026-05-09 21:26:51 [INFO    ] forensic.forensic_api.editor_block (editor_block.py:315): Block gespeichert: block_id=b18d53c4-8663-4517-9664-825ea6faaaec type=paragraph owner=paul
2026-05-09 21:26:51 [DEBUG   ] forensic.server.router (router.py:102): Router: POST /_forensic/editor/block (ajax=False)
2026-05-09 21:26:51 [INFO    ] forensic.db.evidence_db (evidence_db.py:973): Block gespeichert: block_id=6b0ac64f-3a00-420f-9b99-497a3969c92b type=paragraph report_id=2 von 'paul'
2026-05-09 21:26:51 [DEBUG   ] forensic.server.http_server (http_server.py:115): HTTP "POST /_forensic/editor/block HTTP/1.1" 200 -
2026-05-09 21:26:51 [INFO    ] forensic.forensic_api.editor_block (editor_block.py:315): Block gespeichert: block_id=6b0ac64f-3a00-420f-9b99-497a3969c92b type=paragraph owner=paul
2026-05-09 21:26:51 [DEBUG   ] forensic.server.router (router.py:102): Router: POST /_forensic/editor/block (ajax=False)
2026-05-09 21:26:51 [INFO    ] forensic.db.evidence_db (evidence_db.py:973): Block gespeichert: block_id=3e826a38-d7c4-46c1-b44c-86ece89ca95e type=paragraph report_id=2 von 'paul'
2026-05-09 21:26:51 [DEBUG   ] forensic.server.http_server (http_server.py:115): HTTP "POST /_forensic/editor/block HTTP/1.1" 200 -
2026-05-09 21:26:51 [INFO    ] forensic.forensic_api.editor_block (editor_block.py:315): Block gespeichert: block_id=3e826a38-d7c4-46c1-b44c-86ece89ca95e type=paragraph owner=paul
2026-05-09 21:26:51 [DEBUG   ] forensic.server.router (router.py:102): Router: POST /_forensic/editor/block (ajax=False)
2026-05-09 21:26:51 [INFO    ] forensic.db.evidence_db (evidence_db.py:973): Block gespeichert: block_id=d55e0f4e-b289-4a32-a281-051552569437 type=paragraph report_id=2 von 'paul'
2026-05-09 21:26:51 [DEBUG   ] forensic.server.http_server (http_server.py:115): HTTP "POST /_forensic/editor/block HTTP/1.1" 200 -
2026-05-09 21:26:51 [INFO    ] forensic.forensic_api.editor_block (editor_block.py:315): Block gespeichert: block_id=d55e0f4e-b289-4a32-a281-051552569437 type=paragraph owner=paul
2026-05-09 21:26:51 [DEBUG   ] forensic.server.router (router.py:102): Router: POST /_forensic/editor/block (ajax=False)
2026-05-09 21:26:51 [INFO    ] forensic.db.evidence_db (evidence_db.py:973): Block gespeichert: block_id=c07412b8-5be3-4fb1-8138-cddef458c7de type=paragraph report_id=2 von 'paul'
2026-05-09 21:26:51 [DEBUG   ] forensic.server.http_server (http_server.py:115): HTTP "POST /_forensic/editor/block HTTP/1.1" 200 -
2026-05-09 21:26:51 [INFO    ] forensic.forensic_api.editor_block (editor_block.py:315): Block gespeichert: block_id=c07412b8-5be3-4fb1-8138-cddef458c7de type=paragraph owner=paul
2026-05-09 21:26:51 [DEBUG   ] forensic.server.router (router.py:102): Router: POST /_forensic/editor/block (ajax=False)
2026-05-09 21:26:51 [INFO    ] forensic.db.evidence_db (evidence_db.py:973): Block gespeichert: block_id=c7b9448a-a144-482c-a677-75bfef051543 type=paragraph report_id=2 von 'paul'
2026-05-09 21:26:51 [DEBUG   ] forensic.server.http_server (http_server.py:115): HTTP "POST /_forensic/editor/block HTTP/1.1" 200 -
2026-05-09 21:26:51 [INFO    ] forensic.forensic_api.editor_block (editor_block.py:315): Block gespeichert: block_id=c7b9448a-a144-482c-a677-75bfef051543 type=paragraph owner=paul
2026-05-09 21:26:51 [DEBUG   ] forensic.server.router (router.py:102): Router: POST /_forensic/editor/block (ajax=False)
2026-05-09 21:26:51 [INFO    ] forensic.db.evidence_db (evidence_db.py:973): Block gespeichert: block_id=5cecc378-ac6c-4a20-9140-49a2f9eba9f9 type=paragraph report_id=2 von 'paul'
2026-05-09 21:26:51 [DEBUG   ] forensic.server.http_server (http_server.py:115): HTTP "POST /_forensic/editor/block HTTP/1.1" 200 -
2026-05-09 21:26:51 [INFO    ] forensic.forensic_api.editor_block (editor_block.py:315): Block gespeichert: block_id=5cecc378-ac6c-4a20-9140-49a2f9eba9f9 type=paragraph owner=paul
2026-05-09 21:26:51 [DEBUG   ] forensic.server.router (router.py:102): Router: POST /_forensic/editor/block (ajax=False)
2026-05-09 21:26:51 [INFO    ] forensic.db.evidence_db (evidence_db.py:973): Block gespeichert: block_id=0f481d39-f202-449c-b24b-28cd1c2da9fb type=paragraph report_id=2 von 'paul'
2026-05-09 21:26:51 [DEBUG   ] forensic.server.http_server (http_server.py:115): HTTP "POST /_forensic/editor/block HTTP/1.1" 200 -
2026-05-09 21:26:51 [INFO    ] forensic.forensic_api.editor_block (editor_block.py:315): Block gespeichert: block_id=0f481d39-f202-449c-b24b-28cd1c2da9fb type=paragraph owner=paul
2026-05-09 21:26:51 [DEBUG   ] forensic.server.router (router.py:102): Router: POST /_forensic/editor/block (ajax=False)
2026-05-09 21:26:51 [INFO    ] forensic.db.evidence_db (evidence_db.py:973): Block gespeichert: block_id=a0401d7f-3c3c-415a-a706-21712baad59c type=paragraph report_id=2 von 'paul'
2026-05-09 21:26:51 [DEBUG   ] forensic.server.http_server (http_server.py:115): HTTP "POST /_forensic/editor/block HTTP/1.1" 200 -
2026-05-09 21:26:51 [INFO    ] forensic.forensic_api.editor_block (editor_block.py:315): Block gespeichert: block_id=a0401d7f-3c3c-415a-a706-21712baad59c type=paragraph owner=paul
2026-05-09 21:26:51 [DEBUG   ] forensic.server.router (router.py:102): Router: POST /_forensic/editor/block (ajax=False)
2026-05-09 21:26:51 [INFO    ] forensic.db.evidence_db (evidence_db.py:973): Block gespeichert: block_id=94f30f18-2106-4631-b9d2-a2d78ae830e4 type=paragraph report_id=2 von 'paul'
2026-05-09 21:26:51 [DEBUG   ] forensic.server.http_server (http_server.py:115): HTTP "POST /_forensic/editor/block HTTP/1.1" 200 -
2026-05-09 21:26:51 [INFO    ] forensic.forensic_api.editor_block (editor_block.py:315): Block gespeichert: block_id=94f30f18-2106-4631-b9d2-a2d78ae830e4 type=paragraph owner=paul
2026-05-09 21:26:51 [DEBUG   ] forensic.server.router (router.py:102): Router: POST /_forensic/editor/block (ajax=False)
2026-05-09 21:26:51 [INFO    ] forensic.db.evidence_db (evidence_db.py:973): Block gespeichert: block_id=91509f5d-c323-4791-9ff0-1ad099779a87 type=paragraph report_id=2 von 'paul'
2026-05-09 21:26:51 [DEBUG   ] forensic.server.http_server (http_server.py:115): HTTP "POST /_forensic/editor/block HTTP/1.1" 200 -
2026-05-09 21:26:51 [INFO    ] forensic.forensic_api.editor_block (editor_block.py:315): Block gespeichert: block_id=91509f5d-c323-4791-9ff0-1ad099779a87 type=paragraph owner=paul
2026-05-09 21:26:51 [DEBUG   ] forensic.server.router (router.py:102): Router: POST /_forensic/editor/block (ajax=False)
2026-05-09 21:26:51 [INFO    ] forensic.db.evidence_db (evidence_db.py:973): Block gespeichert: block_id=faab5dd0-196f-4e70-bb5f-3db727c97329 type=paragraph report_id=2 von 'paul'
2026-05-09 21:26:51 [DEBUG   ] forensic.server.http_server (http_server.py:115): HTTP "POST /_forensic/editor/block HTTP/1.1" 200 -
2026-05-09 21:26:51 [INFO    ] forensic.forensic_api.editor_block (editor_block.py:315): Block gespeichert: block_id=faab5dd0-196f-4e70-bb5f-3db727c97329 type=paragraph owner=paul
2026-05-09 21:26:51 [DEBUG   ] forensic.server.router (router.py:102): Router: POST /_forensic/editor/block (ajax=False)
2026-05-09 21:26:51 [INFO    ] forensic.db.evidence_db (evidence_db.py:973): Block gespeichert: block_id=e25ce51c-7eeb-47a8-ba19-915c2f4e5d3b type=paragraph report_id=2 von 'paul'
2026-05-09 21:26:51 [DEBUG   ] forensic.server.http_server (http_server.py:115): HTTP "POST /_forensic/editor/block HTTP/1.1" 200 -
2026-05-09 21:26:51 [INFO    ] forensic.forensic_api.editor_block (editor_block.py:315): Block gespeichert: block_id=e25ce51c-7eeb-47a8-ba19-915c2f4e5d3b type=paragraph owner=paul
2026-05-09 21:26:51 [DEBUG   ] forensic.server.router (router.py:102): Router: POST /_forensic/editor/block (ajax=False)
2026-05-09 21:26:51 [INFO    ] forensic.db.evidence_db (evidence_db.py:973): Block gespeichert: block_id=8eda283c-fe16-4fcf-b715-6e385bfa5805 type=paragraph report_id=2 von 'paul'
2026-05-09 21:26:51 [DEBUG   ] forensic.server.http_server (http_server.py:115): HTTP "POST /_forensic/editor/block HTTP/1.1" 200 -
2026-05-09 21:26:51 [INFO    ] forensic.forensic_api.editor_block (editor_block.py:315): Block gespeichert: block_id=8eda283c-fe16-4fcf-b715-6e385bfa5805 type=paragraph owner=paul
2026-05-09 21:26:51 [DEBUG   ] forensic.server.router (router.py:102): Router: POST /_forensic/editor/block (ajax=False)
2026-05-09 21:26:51 [INFO    ] forensic.db.evidence_db (evidence_db.py:973): Block gespeichert: block_id=ffbc71f9-3bad-4846-bb79-3e076318775c type=paragraph report_id=2 von 'paul'
2026-05-09 21:26:51 [DEBUG   ] forensic.server.http_server (http_server.py:115): HTTP "POST /_forensic/editor/block HTTP/1.1" 200 -
2026-05-09 21:26:51 [INFO    ] forensic.forensic_api.editor_block (editor_block.py:315): Block gespeichert: block_id=ffbc71f9-3bad-4846-bb79-3e076318775c type=paragraph owner=paul
2026-05-09 21:26:51 [DEBUG   ] forensic.server.router (router.py:102): Router: POST /_forensic/editor/block (ajax=False)
2026-05-09 21:26:51 [INFO    ] forensic.db.evidence_db (evidence_db.py:973): Block gespeichert: block_id=d70d8a8c-0025-4f3b-8e86-628c622238c9 type=paragraph report_id=2 von 'paul'
2026-05-09 21:26:51 [DEBUG   ] forensic.server.http_server (http_server.py:115): HTTP "POST /_forensic/editor/block HTTP/1.1" 200 -
2026-05-09 21:26:51 [INFO    ] forensic.forensic_api.editor_block (editor_block.py:315): Block gespeichert: block_id=d70d8a8c-0025-4f3b-8e86-628c622238c9 type=paragraph owner=paul
2026-05-09 21:26:51 [DEBUG   ] forensic.server.router (router.py:102): Router: POST /_forensic/editor/block (ajax=False)
2026-05-09 21:26:51 [INFO    ] forensic.db.evidence_db (evidence_db.py:973): Block gespeichert: block_id=35a5e7ff-ba8e-4cb4-bcd1-5e9574a13e11 type=paragraph report_id=2 von 'paul'
2026-05-09 21:26:51 [DEBUG   ] forensic.server.http_server (http_server.py:115): HTTP "POST /_forensic/editor/block HTTP/1.1" 200 -
2026-05-09 21:26:51 [INFO    ] forensic.forensic_api.editor_block (editor_block.py:315): Block gespeichert: block_id=35a5e7ff-ba8e-4cb4-bcd1-5e9574a13e11 type=paragraph owner=paul
2026-05-09 21:26:51 [DEBUG   ] forensic.server.router (router.py:102): Router: POST /_forensic/editor/block (ajax=False)
2026-05-09 21:26:51 [INFO    ] forensic.db.evidence_db (evidence_db.py:973): Block gespeichert: block_id=0463eb2a-13af-4de7-b82a-52945fa89d3d type=paragraph report_id=2 von 'paul'
2026-05-09 21:26:51 [DEBUG   ] forensic.server.http_server (http_server.py:115): HTTP "POST /_forensic/editor/block HTTP/1.1" 200 -
2026-05-09 21:26:51 [INFO    ] forensic.forensic_api.editor_block (editor_block.py:315): Block gespeichert: block_id=0463eb2a-13af-4de7-b82a-52945fa89d3d type=paragraph owner=paul
2026-05-09 21:26:51 [DEBUG   ] forensic.server.router (router.py:102): Router: POST /_forensic/editor/block (ajax=False)
2026-05-09 21:26:51 [INFO    ] forensic.db.evidence_db (evidence_db.py:973): Block gespeichert: block_id=ccf3f12c-83ba-466a-84aa-7c31530ac5b6 type=paragraph report_id=2 von 'paul'
2026-05-09 21:26:51 [DEBUG   ] forensic.server.http_server (http_server.py:115): HTTP "POST /_forensic/editor/block HTTP/1.1" 200 -
2026-05-09 21:26:51 [INFO    ] forensic.forensic_api.editor_block (editor_block.py:315): Block gespeichert: block_id=ccf3f12c-83ba-466a-84aa-7c31530ac5b6 type=paragraph owner=paul
2026-05-09 21:26:51 [DEBUG   ] forensic.server.router (router.py:102): Router: POST /_forensic/editor/block (ajax=False)
2026-05-09 21:26:51 [INFO    ] forensic.db.evidence_db (evidence_db.py:973): Block gespeichert: block_id=bb207375-9a66-4c14-9490-d4fc0ff07a1e type=paragraph report_id=2 von 'paul'
2026-05-09 21:26:51 [DEBUG   ] forensic.server.http_server (http_server.py:115): HTTP "POST /_forensic/editor/block HTTP/1.1" 200 -
2026-05-09 21:26:51 [INFO    ] forensic.forensic_api.editor_block (editor_block.py:315): Block gespeichert: block_id=bb207375-9a66-4c14-9490-d4fc0ff07a1e type=paragraph owner=paul
2026-05-09 21:26:51 [DEBUG   ] forensic.server.router (router.py:102): Router: POST /_forensic/editor/block (ajax=False)
2026-05-09 21:26:51 [INFO    ] forensic.db.evidence_db (evidence_db.py:973): Block gespeichert: block_id=5d10beac-9445-426b-b367-d8d041f236c0 type=paragraph report_id=2 von 'paul'
2026-05-09 21:26:51 [DEBUG   ] forensic.server.http_server (http_server.py:115): HTTP "POST /_forensic/editor/block HTTP/1.1" 200 -
2026-05-09 21:26:51 [INFO    ] forensic.forensic_api.editor_block (editor_block.py:315): Block gespeichert: block_id=5d10beac-9445-426b-b367-d8d041f236c0 type=paragraph owner=paul
2026-05-09 21:26:51 [DEBUG   ] forensic.server.router (router.py:102): Router: POST /_forensic/editor/order (ajax=False)
2026-05-09 21:26:51 [DEBUG   ] forensic.server.http_server (http_server.py:115): HTTP "POST /_forensic/editor/order HTTP/1.1" 200 -
2026-05-09 21:26:51 [INFO    ] forensic.forensic_api.editor_order (editor_order.py:174): Blockreihenfolge aktualisiert: report_id=2, 46 Eintraege von 'paul'
2026-05-09 21:26:51 [DEBUG   ] forensic.server.router (router.py:102): Router: GET /_forensic/report (ajax=True)
2026-05-09 21:26:51 [DEBUG   ] forensic.server.http_server (http_server.py:115): HTTP "GET /_forensic/report?format=json HTTP/1.1" 200 -
2026-05-09 21:27:11 [DEBUG   ] forensic (main.py:408): Watchdog: Heartbeat (Dump: 'logs/freeze_dump.txt')
2026-05-09 21:27:41 [DEBUG   ] forensic (main.py:408): Watchdog: Heartbeat (Dump: 'logs/freeze_dump.txt')
2026-05-09 21:28:11 [DEBUG   ] forensic (main.py:408): Watchdog: Heartbeat (Dump: 'logs/freeze_dump.txt')
2026-05-09 21:28:41 [DEBUG   ] forensic (main.py:408): Watchdog: Heartbeat (Dump: 'logs/freeze_dump.txt')
2026-05-09 21:28:43 [DEBUG   ] forensic.server.router (router.py:102): Router: GET /_forensic/templates/3 (ajax=True)
2026-05-09 21:28:43 [DEBUG   ] forensic.server.http_server (http_server.py:115): HTTP "GET /_forensic/templates/3 HTTP/1.1" 200 -
2026-05-09 21:28:43 [DEBUG   ] forensic.server.router (router.py:102): Router: POST /_forensic/report (ajax=True)
2026-05-09 21:28:43 [INFO    ] forensic.db.evidence_db (evidence_db.py:973): Block gespeichert: block_id=d85a18f6-1fa9-46a2-8b9d-a9f992ea4142 type=paragraph report_id=2 von 'paul'
2026-05-09 21:28:43 [DEBUG   ] forensic.server.http_server (http_server.py:115): HTTP "POST /_forensic/report HTTP/1.1" 201 -
2026-05-09 21:28:43 [INFO    ] forensic.forensic_api.report (report.py:665): save_block: block_id=d85a18f6-1fa9-46a2-8b9d-a9f992ea4142 report_id=2 type=paragraph von 'paul'
2026-05-09 21:28:43 [DEBUG   ] forensic.server.router (router.py:102): Router: GET /_forensic/placeholders/values (ajax=True)
2026-05-09 21:28:43 [DEBUG   ] forensic.server.router (router.py:102): Router: GET /_forensic/report (ajax=True)
2026-05-09 21:28:43 [DEBUG   ] forensic.server.http_server (http_server.py:115): HTTP "GET /_forensic/placeholders/values HTTP/1.1" 200 -
2026-05-09 21:28:43 [DEBUG   ] forensic.server.http_server (http_server.py:115): HTTP "GET /_forensic/report?format=json HTTP/1.1" 200 -
2026-05-09 21:28:43 [DEBUG   ] forensic.server.router (router.py:102): Router: GET /_forensic/placeholders/values (ajax=True)
2026-05-09 21:28:43 [DEBUG   ] forensic.server.http_server (http_server.py:115): HTTP "GET /_forensic/placeholders/values HTTP/1.1" 200 -
2026-05-09 21:28:51 [DEBUG   ] forensic.server.router (router.py:102): Router: GET /_forensic/placeholders/values (ajax=True)
2026-05-09 21:28:51 [DEBUG   ] forensic.server.http_server (http_server.py:115): HTTP "GET /_forensic/placeholders/values HTTP/1.1" 200 -
2026-05-09 21:28:51 [DEBUG   ] forensic.server.router (router.py:102): Router: GET /_forensic/placeholders/values (ajax=True)
2026-05-09 21:28:51 [DEBUG   ] forensic.server.http_server (http_server.py:115): HTTP "GET /_forensic/placeholders/values HTTP/1.1" 200 -
2026-05-09 21:28:52 [DEBUG   ] forensic.server.router (router.py:102): Router: GET /_forensic/placeholders/values (ajax=True)
2026-05-09 21:28:52 [DEBUG   ] forensic.server.http_server (http_server.py:115): HTTP "GET /_forensic/placeholders/values HTTP/1.1" 200 -
2026-05-09 21:28:52 [DEBUG   ] forensic.server.router (router.py:102): Router: GET /_forensic/placeholders/values (ajax=True)
2026-05-09 21:28:52 [DEBUG   ] forensic.server.http_server (http_server.py:115): HTTP "GET /_forensic/placeholders/values HTTP/1.1" 200 -
2026-05-09 21:28:54 [DEBUG   ] forensic.server.router (router.py:102): Router: GET /_forensic/placeholders/values (ajax=True)
2026-05-09 21:28:54 [DEBUG   ] forensic.server.http_server (http_server.py:115): HTTP "GET /_forensic/placeholders/values HTTP/1.1" 200 -
2026-05-09 21:28:54 [DEBUG   ] forensic.server.router (router.py:102): Router: GET /_forensic/placeholders/values (ajax=True)
2026-05-09 21:28:54 [DEBUG   ] forensic.server.http_server (http_server.py:115): HTTP "GET /_forensic/placeholders/values HTTP/1.1" 200 -
2026-05-09 21:28:55 [DEBUG   ] forensic.server.router (router.py:102): Router: GET /_forensic/placeholders/values (ajax=True)
2026-05-09 21:28:55 [DEBUG   ] forensic.server.http_server (http_server.py:115): HTTP "GET /_forensic/placeholders/values HTTP/1.1" 200 -
2026-05-09 21:28:55 [DEBUG   ] forensic.server.router (router.py:102): Router: GET /_forensic/placeholders/values (ajax=True)
2026-05-09 21:28:55 [DEBUG   ] forensic.server.http_server (http_server.py:115): HTTP "GET /_forensic/placeholders/values HTTP/1.1" 200 -
2026-05-09 21:29:02 [DEBUG   ] forensic.server.router (router.py:102): Router: GET /_forensic/report (ajax=True)
2026-05-09 21:29:02 [DEBUG   ] forensic.server.http_server (http_server.py:115): HTTP "GET /_forensic/report?format=json&report_id=2 HTTP/1.1" 200 -
2026-05-09 21:29:02 [DEBUG   ] forensic.server.router (router.py:102): Router: GET /_forensic/placeholders/values (ajax=True)
2026-05-09 21:29:02 [DEBUG   ] forensic.server.http_server (http_server.py:115): HTTP "GET /_forensic/placeholders/values HTTP/1.1" 200 -
2026-05-09 21:29:11 [DEBUG   ] forensic (main.py:408): Watchdog: Heartbeat (Dump: 'logs/freeze_dump.txt')
2026-05-09 21:29:13 [DEBUG   ] forensic.server.router (router.py:102): Router: POST /_forensic/editor/block (ajax=False)
2026-05-09 21:29:13 [INFO    ] forensic.db.evidence_db (evidence_db.py:973): Block gespeichert: block_id=21fe8fd1-1d4a-44d1-bd7c-c077a30b6351 type=paragraph report_id=2 von 'paul'
2026-05-09 21:29:13 [DEBUG   ] forensic.server.http_server (http_server.py:115): HTTP "POST /_forensic/editor/block HTTP/1.1" 200 -
2026-05-09 21:29:13 [INFO    ] forensic.forensic_api.editor_block (editor_block.py:315): Block gespeichert: block_id=21fe8fd1-1d4a-44d1-bd7c-c077a30b6351 type=paragraph owner=paul
2026-05-09 21:29:13 [DEBUG   ] forensic.server.router (router.py:102): Router: POST /_forensic/editor/block (ajax=False)
2026-05-09 21:29:13 [INFO    ] forensic.db.evidence_db (evidence_db.py:973): Block gespeichert: block_id=bll-PCJeEv type=paragraph report_id=2 von 'paul'
2026-05-09 21:29:13 [DEBUG   ] forensic.server.http_server (http_server.py:115): HTTP "POST /_forensic/editor/block HTTP/1.1" 200 -
2026-05-09 21:29:13 [INFO    ] forensic.forensic_api.editor_block (editor_block.py:315): Block gespeichert: block_id=bll-PCJeEv type=paragraph owner=paul
2026-05-09 21:29:13 [DEBUG   ] forensic.server.router (router.py:102): Router: POST /_forensic/editor/block (ajax=False)
2026-05-09 21:29:13 [INFO    ] forensic.db.evidence_db (evidence_db.py:973): Block gespeichert: block_id=i8OxxJCEj2 type=delimiter report_id=2 von 'paul'
2026-05-09 21:29:13 [DEBUG   ] forensic.server.http_server (http_server.py:115): HTTP "POST /_forensic/editor/block HTTP/1.1" 200 -
2026-05-09 21:29:13 [INFO    ] forensic.forensic_api.editor_block (editor_block.py:315): Block gespeichert: block_id=i8OxxJCEj2 type=delimiter owner=paul
2026-05-09 21:29:13 [DEBUG   ] forensic.server.router (router.py:102): Router: POST /_forensic/editor/block (ajax=False)
2026-05-09 21:29:13 [INFO    ] forensic.db.evidence_db (evidence_db.py:973): Block gespeichert: block_id=514412a5-9f7f-4766-a03c-6619cdee2843 type=paragraph report_id=2 von 'paul'
2026-05-09 21:29:13 [DEBUG   ] forensic.server.http_server (http_server.py:115): HTTP "POST /_forensic/editor/block HTTP/1.1" 200 -
2026-05-09 21:29:13 [INFO    ] forensic.forensic_api.editor_block (editor_block.py:315): Block gespeichert: block_id=514412a5-9f7f-4766-a03c-6619cdee2843 type=paragraph owner=paul
2026-05-09 21:29:13 [DEBUG   ] forensic.server.router (router.py:102): Router: POST /_forensic/editor/block (ajax=False)
2026-05-09 21:29:13 [INFO    ] forensic.db.evidence_db (evidence_db.py:973): Block gespeichert: block_id=ePoQFO0ZVy type=paragraph report_id=2 von 'paul'
2026-05-09 21:29:13 [DEBUG   ] forensic.server.http_server (http_server.py:115): HTTP "POST /_forensic/editor/block HTTP/1.1" 200 -
2026-05-09 21:29:13 [INFO    ] forensic.forensic_api.editor_block (editor_block.py:315): Block gespeichert: block_id=ePoQFO0ZVy type=paragraph owner=paul
2026-05-09 21:29:13 [DEBUG   ] forensic.server.router (router.py:102): Router: POST /_forensic/editor/block (ajax=False)
2026-05-09 21:29:13 [INFO    ] forensic.db.evidence_db (evidence_db.py:973): Block gespeichert: block_id=cEqVULVn60 type=paragraph report_id=2 von 'paul'
2026-05-09 21:29:13 [DEBUG   ] forensic.server.http_server (http_server.py:115): HTTP "POST /_forensic/editor/block HTTP/1.1" 200 -
2026-05-09 21:29:13 [INFO    ] forensic.forensic_api.editor_block (editor_block.py:315): Block gespeichert: block_id=cEqVULVn60 type=paragraph owner=paul
2026-05-09 21:29:13 [DEBUG   ] forensic.server.router (router.py:102): Router: POST /_forensic/editor/block (ajax=False)
2026-05-09 21:29:13 [INFO    ] forensic.db.evidence_db (evidence_db.py:973): Block gespeichert: block_id=Uugp1g8Wl4 type=paragraph report_id=2 von 'paul'
2026-05-09 21:29:13 [DEBUG   ] forensic.server.http_server (http_server.py:115): HTTP "POST /_forensic/editor/block HTTP/1.1" 200 -
2026-05-09 21:29:13 [INFO    ] forensic.forensic_api.editor_block (editor_block.py:315): Block gespeichert: block_id=Uugp1g8Wl4 type=paragraph owner=paul
2026-05-09 21:29:13 [DEBUG   ] forensic.server.router (router.py:102): Router: POST /_forensic/editor/block (ajax=False)
2026-05-09 21:29:13 [INFO    ] forensic.db.evidence_db (evidence_db.py:973): Block gespeichert: block_id=cewq53-w1Y type=paragraph report_id=2 von 'paul'
2026-05-09 21:29:13 [DEBUG   ] forensic.server.http_server (http_server.py:115): HTTP "POST /_forensic/editor/block HTTP/1.1" 200 -
2026-05-09 21:29:13 [INFO    ] forensic.forensic_api.editor_block (editor_block.py:315): Block gespeichert: block_id=cewq53-w1Y type=paragraph owner=paul
2026-05-09 21:29:13 [DEBUG   ] forensic.server.router (router.py:102): Router: POST /_forensic/editor/block (ajax=False)
2026-05-09 21:29:13 [INFO    ] forensic.db.evidence_db (evidence_db.py:973): Block gespeichert: block_id=pPklymmFi4 type=paragraph report_id=2 von 'paul'
2026-05-09 21:29:13 [DEBUG   ] forensic.server.http_server (http_server.py:115): HTTP "POST /_forensic/editor/block HTTP/1.1" 200 -
2026-05-09 21:29:13 [INFO    ] forensic.forensic_api.editor_block (editor_block.py:315): Block gespeichert: block_id=pPklymmFi4 type=paragraph owner=paul
2026-05-09 21:29:13 [DEBUG   ] forensic.server.router (router.py:102): Router: POST /_forensic/editor/block (ajax=False)
2026-05-09 21:29:13 [INFO    ] forensic.db.evidence_db (evidence_db.py:973): Block gespeichert: block_id=FCIUdDNj0n type=paragraph report_id=2 von 'paul'
2026-05-09 21:29:13 [DEBUG   ] forensic.server.http_server (http_server.py:115): HTTP "POST /_forensic/editor/block HTTP/1.1" 200 -
2026-05-09 21:29:13 [INFO    ] forensic.forensic_api.editor_block (editor_block.py:315): Block gespeichert: block_id=FCIUdDNj0n type=paragraph owner=paul
2026-05-09 21:29:13 [DEBUG   ] forensic.server.router (router.py:102): Router: POST /_forensic/editor/block (ajax=False)
2026-05-09 21:29:13 [INFO    ] forensic.db.evidence_db (evidence_db.py:973): Block gespeichert: block_id=BeJ0-UiIAh type=paragraph report_id=2 von 'paul'
2026-05-09 21:29:13 [DEBUG   ] forensic.server.http_server (http_server.py:115): HTTP "POST /_forensic/editor/block HTTP/1.1" 200 -
2026-05-09 21:29:13 [INFO    ] forensic.forensic_api.editor_block (editor_block.py:315): Block gespeichert: block_id=BeJ0-UiIAh type=paragraph owner=paul
2026-05-09 21:29:13 [DEBUG   ] forensic.server.router (router.py:102): Router: POST /_forensic/editor/block (ajax=False)
2026-05-09 21:29:13 [INFO    ] forensic.db.evidence_db (evidence_db.py:973): Block gespeichert: block_id=9Tz-6p_SWf type=paragraph report_id=2 von 'paul'
2026-05-09 21:29:13 [DEBUG   ] forensic.server.http_server (http_server.py:115): HTTP "POST /_forensic/editor/block HTTP/1.1" 200 -
2026-05-09 21:29:13 [INFO    ] forensic.forensic_api.editor_block (editor_block.py:315): Block gespeichert: block_id=9Tz-6p_SWf type=paragraph owner=paul
2026-05-09 21:29:13 [DEBUG   ] forensic.server.router (router.py:102): Router: POST /_forensic/editor/block (ajax=False)
2026-05-09 21:29:13 [INFO    ] forensic.db.evidence_db (evidence_db.py:973): Block gespeichert: block_id=rCq5G9wQNQ type=paragraph report_id=2 von 'paul'
2026-05-09 21:29:13 [DEBUG   ] forensic.server.http_server (http_server.py:115): HTTP "POST /_forensic/editor/block HTTP/1.1" 200 -
2026-05-09 21:29:13 [INFO    ] forensic.forensic_api.editor_block (editor_block.py:315): Block gespeichert: block_id=rCq5G9wQNQ type=paragraph owner=paul
2026-05-09 21:29:13 [DEBUG   ] forensic.server.router (router.py:102): Router: POST /_forensic/editor/block (ajax=False)
2026-05-09 21:29:13 [INFO    ] forensic.db.evidence_db (evidence_db.py:973): Block gespeichert: block_id=4bZQRqQoFu type=paragraph report_id=2 von 'paul'
2026-05-09 21:29:13 [DEBUG   ] forensic.server.http_server (http_server.py:115): HTTP "POST /_forensic/editor/block HTTP/1.1" 200 -
2026-05-09 21:29:13 [INFO    ] forensic.forensic_api.editor_block (editor_block.py:315): Block gespeichert: block_id=4bZQRqQoFu type=paragraph owner=paul
2026-05-09 21:29:13 [DEBUG   ] forensic.server.router (router.py:102): Router: POST /_forensic/editor/block (ajax=False)
2026-05-09 21:29:13 [INFO    ] forensic.db.evidence_db (evidence_db.py:973): Block gespeichert: block_id=zXOfyNaMlK type=paragraph report_id=2 von 'paul'
2026-05-09 21:29:13 [DEBUG   ] forensic.server.http_server (http_server.py:115): HTTP "POST /_forensic/editor/block HTTP/1.1" 200 -
2026-05-09 21:29:13 [INFO    ] forensic.forensic_api.editor_block (editor_block.py:315): Block gespeichert: block_id=zXOfyNaMlK type=paragraph owner=paul
2026-05-09 21:29:13 [DEBUG   ] forensic.server.router (router.py:102): Router: POST /_forensic/editor/block (ajax=False)
2026-05-09 21:29:13 [INFO    ] forensic.db.evidence_db (evidence_db.py:973): Block gespeichert: block_id=mFge8rhOQ4 type=paragraph report_id=2 von 'paul'
2026-05-09 21:29:13 [DEBUG   ] forensic.server.http_server (http_server.py:115): HTTP "POST /_forensic/editor/block HTTP/1.1" 200 -
2026-05-09 21:29:13 [INFO    ] forensic.forensic_api.editor_block (editor_block.py:315): Block gespeichert: block_id=mFge8rhOQ4 type=paragraph owner=paul
2026-05-09 21:29:13 [DEBUG   ] forensic.server.router (router.py:102): Router: POST /_forensic/editor/block (ajax=False)
2026-05-09 21:29:13 [INFO    ] forensic.db.evidence_db (evidence_db.py:973): Block gespeichert: block_id=2x_wx_XRef type=paragraph report_id=2 von 'paul'
2026-05-09 21:29:13 [DEBUG   ] forensic.server.http_server (http_server.py:115): HTTP "POST /_forensic/editor/block HTTP/1.1" 200 -
2026-05-09 21:29:13 [INFO    ] forensic.forensic_api.editor_block (editor_block.py:315): Block gespeichert: block_id=2x_wx_XRef type=paragraph owner=paul
2026-05-09 21:29:13 [DEBUG   ] forensic.server.router (router.py:102): Router: POST /_forensic/editor/block (ajax=False)
2026-05-09 21:29:13 [INFO    ] forensic.db.evidence_db (evidence_db.py:973): Block gespeichert: block_id=2sE-aEWNz9 type=paragraph report_id=2 von 'paul'
2026-05-09 21:29:13 [DEBUG   ] forensic.server.http_server (http_server.py:115): HTTP "POST /_forensic/editor/block HTTP/1.1" 200 -
2026-05-09 21:29:13 [INFO    ] forensic.forensic_api.editor_block (editor_block.py:315): Block gespeichert: block_id=2sE-aEWNz9 type=paragraph owner=paul
2026-05-09 21:29:13 [DEBUG   ] forensic.server.router (router.py:102): Router: POST /_forensic/editor/block (ajax=False)
2026-05-09 21:29:13 [INFO    ] forensic.db.evidence_db (evidence_db.py:973): Block gespeichert: block_id=KLU8TZwIVR type=paragraph report_id=2 von 'paul'
2026-05-09 21:29:13 [DEBUG   ] forensic.server.http_server (http_server.py:115): HTTP "POST /_forensic/editor/block HTTP/1.1" 200 -
2026-05-09 21:29:13 [INFO    ] forensic.forensic_api.editor_block (editor_block.py:315): Block gespeichert: block_id=KLU8TZwIVR type=paragraph owner=paul
2026-05-09 21:29:13 [DEBUG   ] forensic.server.router (router.py:102): Router: POST /_forensic/editor/block (ajax=False)
2026-05-09 21:29:13 [INFO    ] forensic.db.evidence_db (evidence_db.py:973): Block gespeichert: block_id=xL2xw8eL4U type=paragraph report_id=2 von 'paul'
2026-05-09 21:29:13 [DEBUG   ] forensic.server.http_server (http_server.py:115): HTTP "POST /_forensic/editor/block HTTP/1.1" 200 -
2026-05-09 21:29:13 [INFO    ] forensic.forensic_api.editor_block (editor_block.py:315): Block gespeichert: block_id=xL2xw8eL4U type=paragraph owner=paul
2026-05-09 21:29:13 [DEBUG   ] forensic.server.router (router.py:102): Router: POST /_forensic/editor/block (ajax=False)
2026-05-09 21:29:13 [INFO    ] forensic.db.evidence_db (evidence_db.py:973): Block gespeichert: block_id=85KQx12QVa type=list report_id=2 von 'paul'
2026-05-09 21:29:13 [DEBUG   ] forensic.server.http_server (http_server.py:115): HTTP "POST /_forensic/editor/block HTTP/1.1" 200 -
2026-05-09 21:29:13 [INFO    ] forensic.forensic_api.editor_block (editor_block.py:315): Block gespeichert: block_id=85KQx12QVa type=list owner=paul
2026-05-09 21:29:13 [DEBUG   ] forensic.server.router (router.py:102): Router: POST /_forensic/editor/block (ajax=False)
2026-05-09 21:29:13 [INFO    ] forensic.db.evidence_db (evidence_db.py:973): Block gespeichert: block_id=a6I-NPWFfk type=evidence report_id=2 von 'paul'
2026-05-09 21:29:13 [DEBUG   ] forensic.server.http_server (http_server.py:115): HTTP "POST /_forensic/editor/block HTTP/1.1" 200 -
2026-05-09 21:29:13 [INFO    ] forensic.forensic_api.editor_block (editor_block.py:315): Block gespeichert: block_id=a6I-NPWFfk type=evidence owner=paul
2026-05-09 21:29:13 [DEBUG   ] forensic.server.router (router.py:102): Router: POST /_forensic/editor/block (ajax=False)
2026-05-09 21:29:13 [INFO    ] forensic.db.evidence_db (evidence_db.py:973): Block gespeichert: block_id=f7a7ae29-3ccf-4ec8-9ea6-3281c64142cb type=paragraph report_id=2 von 'paul'
2026-05-09 21:29:13 [DEBUG   ] forensic.server.http_server (http_server.py:115): HTTP "POST /_forensic/editor/block HTTP/1.1" 200 -
2026-05-09 21:29:13 [INFO    ] forensic.forensic_api.editor_block (editor_block.py:315): Block gespeichert: block_id=f7a7ae29-3ccf-4ec8-9ea6-3281c64142cb type=paragraph owner=paul
2026-05-09 21:29:13 [DEBUG   ] forensic.server.router (router.py:102): Router: POST /_forensic/editor/block (ajax=False)
2026-05-09 21:29:13 [INFO    ] forensic.db.evidence_db (evidence_db.py:973): Block gespeichert: block_id=ef75e706-dedd-435e-ae62-1ed82b040743 type=paragraph report_id=2 von 'paul'
2026-05-09 21:29:13 [DEBUG   ] forensic.server.http_server (http_server.py:115): HTTP "POST /_forensic/editor/block HTTP/1.1" 200 -
2026-05-09 21:29:13 [INFO    ] forensic.forensic_api.editor_block (editor_block.py:315): Block gespeichert: block_id=ef75e706-dedd-435e-ae62-1ed82b040743 type=paragraph owner=paul
2026-05-09 21:29:13 [DEBUG   ] forensic.server.router (router.py:102): Router: POST /_forensic/editor/block (ajax=False)
2026-05-09 21:29:13 [INFO    ] forensic.db.evidence_db (evidence_db.py:973): Block gespeichert: block_id=1e7bd7c5-a255-49f8-83a7-04f9c0a88c07 type=paragraph report_id=2 von 'paul'
2026-05-09 21:29:13 [DEBUG   ] forensic.server.http_server (http_server.py:115): HTTP "POST /_forensic/editor/block HTTP/1.1" 200 -
2026-05-09 21:29:13 [INFO    ] forensic.forensic_api.editor_block (editor_block.py:315): Block gespeichert: block_id=1e7bd7c5-a255-49f8-83a7-04f9c0a88c07 type=paragraph owner=paul
2026-05-09 21:29:13 [DEBUG   ] forensic.server.router (router.py:102): Router: POST /_forensic/editor/block (ajax=False)
2026-05-09 21:29:13 [INFO    ] forensic.db.evidence_db (evidence_db.py:973): Block gespeichert: block_id=b18d53c4-8663-4517-9664-825ea6faaaec type=paragraph report_id=2 von 'paul'
2026-05-09 21:29:13 [DEBUG   ] forensic.server.http_server (http_server.py:115): HTTP "POST /_forensic/editor/block HTTP/1.1" 200 -
2026-05-09 21:29:13 [INFO    ] forensic.forensic_api.editor_block (editor_block.py:315): Block gespeichert: block_id=b18d53c4-8663-4517-9664-825ea6faaaec type=paragraph owner=paul
2026-05-09 21:29:13 [DEBUG   ] forensic.server.router (router.py:102): Router: POST /_forensic/editor/block (ajax=False)
2026-05-09 21:29:13 [INFO    ] forensic.db.evidence_db (evidence_db.py:973): Block gespeichert: block_id=6b0ac64f-3a00-420f-9b99-497a3969c92b type=paragraph report_id=2 von 'paul'
2026-05-09 21:29:13 [DEBUG   ] forensic.server.http_server (http_server.py:115): HTTP "POST /_forensic/editor/block HTTP/1.1" 200 -
2026-05-09 21:29:13 [INFO    ] forensic.forensic_api.editor_block (editor_block.py:315): Block gespeichert: block_id=6b0ac64f-3a00-420f-9b99-497a3969c92b type=paragraph owner=paul
2026-05-09 21:29:13 [DEBUG   ] forensic.server.router (router.py:102): Router: POST /_forensic/editor/block (ajax=False)
2026-05-09 21:29:13 [INFO    ] forensic.db.evidence_db (evidence_db.py:973): Block gespeichert: block_id=3e826a38-d7c4-46c1-b44c-86ece89ca95e type=paragraph report_id=2 von 'paul'
2026-05-09 21:29:13 [DEBUG   ] forensic.server.http_server (http_server.py:115): HTTP "POST /_forensic/editor/block HTTP/1.1" 200 -
2026-05-09 21:29:13 [INFO    ] forensic.forensic_api.editor_block (editor_block.py:315): Block gespeichert: block_id=3e826a38-d7c4-46c1-b44c-86ece89ca95e type=paragraph owner=paul
2026-05-09 21:29:13 [DEBUG   ] forensic.server.router (router.py:102): Router: POST /_forensic/editor/block (ajax=False)
2026-05-09 21:29:13 [INFO    ] forensic.db.evidence_db (evidence_db.py:973): Block gespeichert: block_id=d55e0f4e-b289-4a32-a281-051552569437 type=paragraph report_id=2 von 'paul'
2026-05-09 21:29:13 [DEBUG   ] forensic.server.http_server (http_server.py:115): HTTP "POST /_forensic/editor/block HTTP/1.1" 200 -
2026-05-09 21:29:13 [INFO    ] forensic.forensic_api.editor_block (editor_block.py:315): Block gespeichert: block_id=d55e0f4e-b289-4a32-a281-051552569437 type=paragraph owner=paul
2026-05-09 21:29:13 [DEBUG   ] forensic.server.router (router.py:102): Router: POST /_forensic/editor/block (ajax=False)
2026-05-09 21:29:13 [INFO    ] forensic.db.evidence_db (evidence_db.py:973): Block gespeichert: block_id=c07412b8-5be3-4fb1-8138-cddef458c7de type=paragraph report_id=2 von 'paul'
2026-05-09 21:29:13 [DEBUG   ] forensic.server.http_server (http_server.py:115): HTTP "POST /_forensic/editor/block HTTP/1.1" 200 -
2026-05-09 21:29:13 [INFO    ] forensic.forensic_api.editor_block (editor_block.py:315): Block gespeichert: block_id=c07412b8-5be3-4fb1-8138-cddef458c7de type=paragraph owner=paul
2026-05-09 21:29:13 [DEBUG   ] forensic.server.router (router.py:102): Router: POST /_forensic/editor/block (ajax=False)
2026-05-09 21:29:13 [INFO    ] forensic.db.evidence_db (evidence_db.py:973): Block gespeichert: block_id=c7b9448a-a144-482c-a677-75bfef051543 type=paragraph report_id=2 von 'paul'
2026-05-09 21:29:13 [DEBUG   ] forensic.server.http_server (http_server.py:115): HTTP "POST /_forensic/editor/block HTTP/1.1" 200 -
2026-05-09 21:29:13 [INFO    ] forensic.forensic_api.editor_block (editor_block.py:315): Block gespeichert: block_id=c7b9448a-a144-482c-a677-75bfef051543 type=paragraph owner=paul
2026-05-09 21:29:13 [DEBUG   ] forensic.server.router (router.py:102): Router: POST /_forensic/editor/block (ajax=False)
2026-05-09 21:29:13 [INFO    ] forensic.db.evidence_db (evidence_db.py:973): Block gespeichert: block_id=5cecc378-ac6c-4a20-9140-49a2f9eba9f9 type=paragraph report_id=2 von 'paul'
2026-05-09 21:29:13 [DEBUG   ] forensic.server.http_server (http_server.py:115): HTTP "POST /_forensic/editor/block HTTP/1.1" 200 -
2026-05-09 21:29:13 [INFO    ] forensic.forensic_api.editor_block (editor_block.py:315): Block gespeichert: block_id=5cecc378-ac6c-4a20-9140-49a2f9eba9f9 type=paragraph owner=paul
2026-05-09 21:29:13 [DEBUG   ] forensic.server.router (router.py:102): Router: POST /_forensic/editor/block (ajax=False)
2026-05-09 21:29:13 [INFO    ] forensic.db.evidence_db (evidence_db.py:973): Block gespeichert: block_id=0f481d39-f202-449c-b24b-28cd1c2da9fb type=paragraph report_id=2 von 'paul'
2026-05-09 21:29:13 [DEBUG   ] forensic.server.http_server (http_server.py:115): HTTP "POST /_forensic/editor/block HTTP/1.1" 200 -
2026-05-09 21:29:13 [INFO    ] forensic.forensic_api.editor_block (editor_block.py:315): Block gespeichert: block_id=0f481d39-f202-449c-b24b-28cd1c2da9fb type=paragraph owner=paul
2026-05-09 21:29:13 [DEBUG   ] forensic.server.router (router.py:102): Router: POST /_forensic/editor/block (ajax=False)
2026-05-09 21:29:13 [INFO    ] forensic.db.evidence_db (evidence_db.py:973): Block gespeichert: block_id=a0401d7f-3c3c-415a-a706-21712baad59c type=paragraph report_id=2 von 'paul'
2026-05-09 21:29:13 [DEBUG   ] forensic.server.http_server (http_server.py:115): HTTP "POST /_forensic/editor/block HTTP/1.1" 200 -
2026-05-09 21:29:13 [INFO    ] forensic.forensic_api.editor_block (editor_block.py:315): Block gespeichert: block_id=a0401d7f-3c3c-415a-a706-21712baad59c type=paragraph owner=paul
2026-05-09 21:29:13 [DEBUG   ] forensic.server.router (router.py:102): Router: POST /_forensic/editor/block (ajax=False)
2026-05-09 21:29:13 [INFO    ] forensic.db.evidence_db (evidence_db.py:973): Block gespeichert: block_id=94f30f18-2106-4631-b9d2-a2d78ae830e4 type=paragraph report_id=2 von 'paul'
2026-05-09 21:29:13 [DEBUG   ] forensic.server.http_server (http_server.py:115): HTTP "POST /_forensic/editor/block HTTP/1.1" 200 -
2026-05-09 21:29:13 [INFO    ] forensic.forensic_api.editor_block (editor_block.py:315): Block gespeichert: block_id=94f30f18-2106-4631-b9d2-a2d78ae830e4 type=paragraph owner=paul
2026-05-09 21:29:13 [DEBUG   ] forensic.server.router (router.py:102): Router: POST /_forensic/editor/block (ajax=False)
2026-05-09 21:29:13 [INFO    ] forensic.db.evidence_db (evidence_db.py:973): Block gespeichert: block_id=91509f5d-c323-4791-9ff0-1ad099779a87 type=paragraph report_id=2 von 'paul'
2026-05-09 21:29:13 [DEBUG   ] forensic.server.http_server (http_server.py:115): HTTP "POST /_forensic/editor/block HTTP/1.1" 200 -
2026-05-09 21:29:13 [INFO    ] forensic.forensic_api.editor_block (editor_block.py:315): Block gespeichert: block_id=91509f5d-c323-4791-9ff0-1ad099779a87 type=paragraph owner=paul
2026-05-09 21:29:13 [DEBUG   ] forensic.server.router (router.py:102): Router: POST /_forensic/editor/block (ajax=False)
2026-05-09 21:29:13 [INFO    ] forensic.db.evidence_db (evidence_db.py:973): Block gespeichert: block_id=faab5dd0-196f-4e70-bb5f-3db727c97329 type=paragraph report_id=2 von 'paul'
2026-05-09 21:29:13 [DEBUG   ] forensic.server.http_server (http_server.py:115): HTTP "POST /_forensic/editor/block HTTP/1.1" 200 -
2026-05-09 21:29:13 [INFO    ] forensic.forensic_api.editor_block (editor_block.py:315): Block gespeichert: block_id=faab5dd0-196f-4e70-bb5f-3db727c97329 type=paragraph owner=paul
2026-05-09 21:29:13 [DEBUG   ] forensic.server.router (router.py:102): Router: POST /_forensic/editor/block (ajax=False)
2026-05-09 21:29:13 [INFO    ] forensic.db.evidence_db (evidence_db.py:973): Block gespeichert: block_id=e25ce51c-7eeb-47a8-ba19-915c2f4e5d3b type=paragraph report_id=2 von 'paul'
2026-05-09 21:29:13 [DEBUG   ] forensic.server.http_server (http_server.py:115): HTTP "POST /_forensic/editor/block HTTP/1.1" 200 -
2026-05-09 21:29:13 [INFO    ] forensic.forensic_api.editor_block (editor_block.py:315): Block gespeichert: block_id=e25ce51c-7eeb-47a8-ba19-915c2f4e5d3b type=paragraph owner=paul
2026-05-09 21:29:13 [DEBUG   ] forensic.server.router (router.py:102): Router: POST /_forensic/editor/block (ajax=False)
2026-05-09 21:29:13 [INFO    ] forensic.db.evidence_db (evidence_db.py:973): Block gespeichert: block_id=8eda283c-fe16-4fcf-b715-6e385bfa5805 type=paragraph report_id=2 von 'paul'
2026-05-09 21:29:13 [DEBUG   ] forensic.server.http_server (http_server.py:115): HTTP "POST /_forensic/editor/block HTTP/1.1" 200 -
2026-05-09 21:29:13 [INFO    ] forensic.forensic_api.editor_block (editor_block.py:315): Block gespeichert: block_id=8eda283c-fe16-4fcf-b715-6e385bfa5805 type=paragraph owner=paul
2026-05-09 21:29:13 [DEBUG   ] forensic.server.router (router.py:102): Router: POST /_forensic/editor/block (ajax=False)
2026-05-09 21:29:13 [INFO    ] forensic.db.evidence_db (evidence_db.py:973): Block gespeichert: block_id=ffbc71f9-3bad-4846-bb79-3e076318775c type=paragraph report_id=2 von 'paul'
2026-05-09 21:29:13 [DEBUG   ] forensic.server.http_server (http_server.py:115): HTTP "POST /_forensic/editor/block HTTP/1.1" 200 -
2026-05-09 21:29:13 [INFO    ] forensic.forensic_api.editor_block (editor_block.py:315): Block gespeichert: block_id=ffbc71f9-3bad-4846-bb79-3e076318775c type=paragraph owner=paul
2026-05-09 21:29:13 [DEBUG   ] forensic.server.router (router.py:102): Router: POST /_forensic/editor/block (ajax=False)
2026-05-09 21:29:13 [INFO    ] forensic.db.evidence_db (evidence_db.py:973): Block gespeichert: block_id=d70d8a8c-0025-4f3b-8e86-628c622238c9 type=paragraph report_id=2 von 'paul'
2026-05-09 21:29:13 [DEBUG   ] forensic.server.http_server (http_server.py:115): HTTP "POST /_forensic/editor/block HTTP/1.1" 200 -
2026-05-09 21:29:13 [INFO    ] forensic.forensic_api.editor_block (editor_block.py:315): Block gespeichert: block_id=d70d8a8c-0025-4f3b-8e86-628c622238c9 type=paragraph owner=paul
2026-05-09 21:29:14 [DEBUG   ] forensic.server.router (router.py:102): Router: POST /_forensic/editor/block (ajax=False)
2026-05-09 21:29:14 [INFO    ] forensic.db.evidence_db (evidence_db.py:973): Block gespeichert: block_id=35a5e7ff-ba8e-4cb4-bcd1-5e9574a13e11 type=paragraph report_id=2 von 'paul'
2026-05-09 21:29:14 [DEBUG   ] forensic.server.http_server (http_server.py:115): HTTP "POST /_forensic/editor/block HTTP/1.1" 200 -
2026-05-09 21:29:14 [INFO    ] forensic.forensic_api.editor_block (editor_block.py:315): Block gespeichert: block_id=35a5e7ff-ba8e-4cb4-bcd1-5e9574a13e11 type=paragraph owner=paul
2026-05-09 21:29:14 [DEBUG   ] forensic.server.router (router.py:102): Router: POST /_forensic/editor/block (ajax=False)
2026-05-09 21:29:14 [INFO    ] forensic.db.evidence_db (evidence_db.py:973): Block gespeichert: block_id=0463eb2a-13af-4de7-b82a-52945fa89d3d type=paragraph report_id=2 von 'paul'
2026-05-09 21:29:14 [DEBUG   ] forensic.server.http_server (http_server.py:115): HTTP "POST /_forensic/editor/block HTTP/1.1" 200 -
2026-05-09 21:29:14 [INFO    ] forensic.forensic_api.editor_block (editor_block.py:315): Block gespeichert: block_id=0463eb2a-13af-4de7-b82a-52945fa89d3d type=paragraph owner=paul
2026-05-09 21:29:14 [DEBUG   ] forensic.server.router (router.py:102): Router: POST /_forensic/editor/block (ajax=False)
2026-05-09 21:29:14 [INFO    ] forensic.db.evidence_db (evidence_db.py:973): Block gespeichert: block_id=ccf3f12c-83ba-466a-84aa-7c31530ac5b6 type=paragraph report_id=2 von 'paul'
2026-05-09 21:29:14 [DEBUG   ] forensic.server.http_server (http_server.py:115): HTTP "POST /_forensic/editor/block HTTP/1.1" 200 -
2026-05-09 21:29:14 [INFO    ] forensic.forensic_api.editor_block (editor_block.py:315): Block gespeichert: block_id=ccf3f12c-83ba-466a-84aa-7c31530ac5b6 type=paragraph owner=paul
2026-05-09 21:29:14 [DEBUG   ] forensic.server.router (router.py:102): Router: POST /_forensic/editor/block (ajax=False)
2026-05-09 21:29:14 [INFO    ] forensic.db.evidence_db (evidence_db.py:973): Block gespeichert: block_id=bb207375-9a66-4c14-9490-d4fc0ff07a1e type=paragraph report_id=2 von 'paul'
2026-05-09 21:29:14 [DEBUG   ] forensic.server.http_server (http_server.py:115): HTTP "POST /_forensic/editor/block HTTP/1.1" 200 -
2026-05-09 21:29:14 [INFO    ] forensic.forensic_api.editor_block (editor_block.py:315): Block gespeichert: block_id=bb207375-9a66-4c14-9490-d4fc0ff07a1e type=paragraph owner=paul
2026-05-09 21:29:14 [DEBUG   ] forensic.server.router (router.py:102): Router: POST /_forensic/editor/block (ajax=False)
2026-05-09 21:29:14 [INFO    ] forensic.db.evidence_db (evidence_db.py:973): Block gespeichert: block_id=5d10beac-9445-426b-b367-d8d041f236c0 type=paragraph report_id=2 von 'paul'
2026-05-09 21:29:14 [DEBUG   ] forensic.server.http_server (http_server.py:115): HTTP "POST /_forensic/editor/block HTTP/1.1" 200 -
2026-05-09 21:29:14 [INFO    ] forensic.forensic_api.editor_block (editor_block.py:315): Block gespeichert: block_id=5d10beac-9445-426b-b367-d8d041f236c0 type=paragraph owner=paul
2026-05-09 21:29:14 [DEBUG   ] forensic.server.router (router.py:102): Router: POST /_forensic/editor/block (ajax=False)
2026-05-09 21:29:14 [INFO    ] forensic.db.evidence_db (evidence_db.py:973): Block gespeichert: block_id=d85a18f6-1fa9-46a2-8b9d-a9f992ea4142 type=paragraph report_id=2 von 'paul'
2026-05-09 21:29:14 [DEBUG   ] forensic.server.http_server (http_server.py:115): HTTP "POST /_forensic/editor/block HTTP/1.1" 200 -
2026-05-09 21:29:14 [INFO    ] forensic.forensic_api.editor_block (editor_block.py:315): Block gespeichert: block_id=d85a18f6-1fa9-46a2-8b9d-a9f992ea4142 type=paragraph owner=paul
2026-05-09 21:29:14 [DEBUG   ] forensic.server.router (router.py:102): Router: POST /_forensic/editor/order (ajax=False)
2026-05-09 21:29:14 [DEBUG   ] forensic.server.http_server (http_server.py:115): HTTP "POST /_forensic/editor/order HTTP/1.1" 200 -
2026-05-09 21:29:14 [INFO    ] forensic.forensic_api.editor_order (editor_order.py:174): Blockreihenfolge aktualisiert: report_id=2, 47 Eintraege von 'paul'
2026-05-09 21:29:14 [DEBUG   ] forensic.server.router (router.py:102): Router: GET /_forensic/report (ajax=True)
2026-05-09 21:29:14 [DEBUG   ] forensic.server.http_server (http_server.py:115): HTTP "GET /_forensic/report?format=json HTTP/1.1" 200 -
2026-05-09 21:29:14 [DEBUG   ] forensic.server.router (router.py:102): Router: GET /_forensic/placeholders/values (ajax=True)
2026-05-09 21:29:14 [DEBUG   ] forensic.server.http_server (http_server.py:115): HTTP "GET /_forensic/placeholders/values HTTP/1.1" 200 -
2026-05-09 21:29:41 [DEBUG   ] forensic (main.py:408): Watchdog: Heartbeat (Dump: 'logs/freeze_dump.txt')
2026-05-09 21:30:11 [DEBUG   ] forensic (main.py:408): Watchdog: Heartbeat (Dump: 'logs/freeze_dump.txt')
2026-05-09 21:30:41 [DEBUG   ] forensic (main.py:408): Watchdog: Heartbeat (Dump: 'logs/freeze_dump.txt')
2026-05-09 21:30:48 [DEBUG   ] forensic.server.router (router.py:102): Router: POST /_forensic/editor/block (ajax=False)
2026-05-09 21:30:48 [INFO    ] forensic.db.evidence_db (evidence_db.py:973): Block gespeichert: block_id=d85a18f6-1fa9-46a2-8b9d-a9f992ea4142 type=paragraph report_id=2 von 'paul'
2026-05-09 21:30:48 [DEBUG   ] forensic.server.http_server (http_server.py:115): HTTP "POST /_forensic/editor/block HTTP/1.1" 200 -
2026-05-09 21:30:48 [INFO    ] forensic.forensic_api.editor_block (editor_block.py:315): Block gespeichert: block_id=d85a18f6-1fa9-46a2-8b9d-a9f992ea4142 type=paragraph owner=paul
2026-05-09 21:30:50 [DEBUG   ] forensic.server.router (router.py:102): Router: POST /_forensic/editor/block (ajax=False)
2026-05-09 21:30:50 [INFO    ] forensic.db.evidence_db (evidence_db.py:973): Block gespeichert: block_id=d85a18f6-1fa9-46a2-8b9d-a9f992ea4142 type=paragraph report_id=2 von 'paul'
2026-05-09 21:30:50 [DEBUG   ] forensic.server.http_server (http_server.py:115): HTTP "POST /_forensic/editor/block HTTP/1.1" 200 -
2026-05-09 21:30:50 [INFO    ] forensic.forensic_api.editor_block (editor_block.py:315): Block gespeichert: block_id=d85a18f6-1fa9-46a2-8b9d-a9f992ea4142 type=paragraph owner=paul
2026-05-09 21:30:54 [DEBUG   ] forensic.server.router (router.py:102): Router: POST /_forensic/editor/block (ajax=False)
2026-05-09 21:30:54 [INFO    ] forensic.db.evidence_db (evidence_db.py:973): Block gespeichert: block_id=d85a18f6-1fa9-46a2-8b9d-a9f992ea4142 type=paragraph report_id=2 von 'paul'
2026-05-09 21:30:54 [DEBUG   ] forensic.server.http_server (http_server.py:115): HTTP "POST /_forensic/editor/block HTTP/1.1" 200 -
2026-05-09 21:30:54 [INFO    ] forensic.forensic_api.editor_block (editor_block.py:315): Block gespeichert: block_id=d85a18f6-1fa9-46a2-8b9d-a9f992ea4142 type=paragraph owner=paul
2026-05-09 21:30:56 [DEBUG   ] forensic.server.router (router.py:102): Router: POST /_forensic/editor/block (ajax=False)
2026-05-09 21:30:56 [INFO    ] forensic.db.evidence_db (evidence_db.py:973): Block gespeichert: block_id=d85a18f6-1fa9-46a2-8b9d-a9f992ea4142 type=paragraph report_id=2 von 'paul'
2026-05-09 21:30:56 [DEBUG   ] forensic.server.http_server (http_server.py:115): HTTP "POST /_forensic/editor/block HTTP/1.1" 200 -
2026-05-09 21:30:56 [INFO    ] forensic.forensic_api.editor_block (editor_block.py:315): Block gespeichert: block_id=d85a18f6-1fa9-46a2-8b9d-a9f992ea4142 type=paragraph owner=paul
2026-05-09 21:30:59 [DEBUG   ] forensic.server.router (router.py:102): Router: POST /_forensic/editor/block (ajax=False)
2026-05-09 21:30:59 [INFO    ] forensic.db.evidence_db (evidence_db.py:973): Block gespeichert: block_id=d85a18f6-1fa9-46a2-8b9d-a9f992ea4142 type=paragraph report_id=2 von 'paul'
2026-05-09 21:30:59 [DEBUG   ] forensic.server.http_server (http_server.py:115): HTTP "POST /_forensic/editor/block HTTP/1.1" 200 -
2026-05-09 21:30:59 [INFO    ] forensic.forensic_api.editor_block (editor_block.py:315): Block gespeichert: block_id=d85a18f6-1fa9-46a2-8b9d-a9f992ea4142 type=paragraph owner=paul
2026-05-09 21:31:11 [DEBUG   ] forensic (main.py:408): Watchdog: Heartbeat (Dump: 'logs/freeze_dump.txt')
2026-05-09 21:31:23 [DEBUG   ] forensic.server.router (router.py:102): Router: GET /_forensic/placeholders/values (ajax=True)
2026-05-09 21:31:23 [DEBUG   ] forensic.server.http_server (http_server.py:115): HTTP "GET /_forensic/placeholders/values HTTP/1.1" 200 -
2026-05-09 21:31:23 [DEBUG   ] forensic.server.router (router.py:102): Router: GET /_forensic/placeholders/values (ajax=True)
2026-05-09 21:31:23 [DEBUG   ] forensic.server.router (router.py:102): Router: GET /_forensic/placeholders/values (ajax=True)
2026-05-09 21:31:23 [ERROR   ] forensic.server.http_server (http_server.py:175): Unbehandelte Ausnahme bei Request GET /_forensic/placeholders/values: int() argument must be a string, a bytes-like object or a real number, not 'NoneType'
Traceback (most recent call last):
  File "/opt/aiw_webserver/server/http_server.py", line 164, in _handle_request
    self.server.router.dispatch(
    ~~~~~~~~~~~~~~~~~~~~~~~~~~~^
        handler=self,
        ^^^^^^^^^^^^^
    ...<2 lines>...
        is_ajax=is_ajax,
        ^^^^^^^^^^^^^^^^
    )
    ^
  File "/opt/aiw_webserver/server/router.py", line 123, in dispatch
    self._get_forensic_api().dispatch(
    ~~~~~~~~~~~~~~~~~~~~~~~~~~~~~~~~~^
        handler=handler,
        ^^^^^^^^^^^^^^^^
    ...<3 lines>...
        is_ajax=is_ajax,
        ^^^^^^^^^^^^^^^^
    )
    ^
  File "/opt/aiw_webserver/forensic_api/__init__.py", line 342, in dispatch
    self._dispatch_placeholders(handler, method, url_path, params)
    ~~~~~~~~~~~~~~~~~~~~~~~~~~~^^^^^^^^^^^^^^^^^^^^^^^^^^^^^^^^^^^
  File "/opt/aiw_webserver/forensic_api/__init__.py", line 472, in _dispatch_placeholders
    self._get_placeholders().handle_values(handler)
    ~~~~~~~~~~~~~~~~~~~~~~~~~~~~~~~~~~~~~~^^^^^^^^^
  File "/opt/aiw_webserver/forensic_api/placeholders.py", line 188, in handle_values
    reports = edb.get_reports()
  File "/opt/aiw_webserver/db/evidence_db.py", line 823, in get_reports
    return [self._row_to_report(r) for r in rows]
            ~~~~~~~~~~~~~~~~~~~^^^
  File "/opt/aiw_webserver/db/evidence_db.py", line 1676, in _row_to_report
    created_at=int(r["created_at"]),
               ~~~^^^^^^^^^^^^^^^^^
TypeError: int() argument must be a string, a bytes-like object or a real number, not 'NoneType'
2026-05-09 21:31:23 [DEBUG   ] forensic.server.http_server (http_server.py:115): HTTP "GET /_forensic/placeholders/values HTTP/1.1" 500 -
2026-05-09 21:31:23 [DEBUG   ] forensic.server.http_server (http_server.py:115): HTTP "GET /_forensic/placeholders/values HTTP/1.1" 200 -
2026-05-09 21:31:23 [DEBUG   ] forensic.server.router (router.py:102): Router: GET /_forensic/placeholders/values (ajax=True)
2026-05-09 21:31:23 [DEBUG   ] forensic.server.http_server (http_server.py:115): HTTP "GET /_forensic/placeholders/values HTTP/1.1" 200 -
2026-05-09 21:31:41 [DEBUG   ] forensic (main.py:408): Watchdog: Heartbeat (Dump: 'logs/freeze_dump.txt')
2026-05-09 21:32:11 [DEBUG   ] forensic (main.py:408): Watchdog: Heartbeat (Dump: 'logs/freeze_dump.txt')
2026-05-09 21:32:41 [DEBUG   ] forensic (main.py:408): Watchdog: Heartbeat (Dump: 'logs/freeze_dump.txt')
2026-05-09 21:33:11 [DEBUG   ] forensic (main.py:408): Watchdog: Heartbeat (Dump: 'logs/freeze_dump.txt')
2026-05-09 21:33:41 [DEBUG   ] forensic (main.py:408): Watchdog: Heartbeat (Dump: 'logs/freeze_dump.txt')
2026-05-09 21:34:11 [DEBUG   ] forensic (main.py:408): Watchdog: Heartbeat (Dump: 'logs/freeze_dump.txt')
2026-05-09 21:34:41 [DEBUG   ] forensic (main.py:408): Watchdog: Heartbeat (Dump: 'logs/freeze_dump.txt')
2026-05-09 21:35:11 [DEBUG   ] forensic (main.py:408): Watchdog: Heartbeat (Dump: 'logs/freeze_dump.txt')
2026-05-09 21:35:41 [DEBUG   ] forensic (main.py:408): Watchdog: Heartbeat (Dump: 'logs/freeze_dump.txt')
2026-05-09 21:36:11 [DEBUG   ] forensic (main.py:408): Watchdog: Heartbeat (Dump: 'logs/freeze_dump.txt')
2026-05-09 21:36:24 [DEBUG   ] forensic.server.router (router.py:102): Router: POST /_forensic/editor/block (ajax=False)
2026-05-09 21:36:24 [INFO    ] forensic.db.evidence_db (evidence_db.py:973): Block gespeichert: block_id=21fe8fd1-1d4a-44d1-bd7c-c077a30b6351 type=paragraph report_id=2 von 'paul'
2026-05-09 21:36:24 [DEBUG   ] forensic.server.http_server (http_server.py:115): HTTP "POST /_forensic/editor/block HTTP/1.1" 200 -
2026-05-09 21:36:24 [INFO    ] forensic.forensic_api.editor_block (editor_block.py:315): Block gespeichert: block_id=21fe8fd1-1d4a-44d1-bd7c-c077a30b6351 type=paragraph owner=paul
2026-05-09 21:36:24 [DEBUG   ] forensic.server.router (router.py:102): Router: POST /_forensic/editor/block (ajax=False)
2026-05-09 21:36:24 [INFO    ] forensic.db.evidence_db (evidence_db.py:973): Block gespeichert: block_id=bll-PCJeEv type=paragraph report_id=2 von 'paul'
2026-05-09 21:36:24 [DEBUG   ] forensic.server.http_server (http_server.py:115): HTTP "POST /_forensic/editor/block HTTP/1.1" 200 -
2026-05-09 21:36:24 [INFO    ] forensic.forensic_api.editor_block (editor_block.py:315): Block gespeichert: block_id=bll-PCJeEv type=paragraph owner=paul
2026-05-09 21:36:24 [DEBUG   ] forensic.server.router (router.py:102): Router: POST /_forensic/editor/block (ajax=False)
2026-05-09 21:36:24 [INFO    ] forensic.db.evidence_db (evidence_db.py:973): Block gespeichert: block_id=i8OxxJCEj2 type=delimiter report_id=2 von 'paul'
2026-05-09 21:36:24 [DEBUG   ] forensic.server.http_server (http_server.py:115): HTTP "POST /_forensic/editor/block HTTP/1.1" 200 -
2026-05-09 21:36:24 [INFO    ] forensic.forensic_api.editor_block (editor_block.py:315): Block gespeichert: block_id=i8OxxJCEj2 type=delimiter owner=paul
2026-05-09 21:36:24 [DEBUG   ] forensic.server.router (router.py:102): Router: POST /_forensic/editor/block (ajax=False)
2026-05-09 21:36:24 [INFO    ] forensic.db.evidence_db (evidence_db.py:973): Block gespeichert: block_id=514412a5-9f7f-4766-a03c-6619cdee2843 type=paragraph report_id=2 von 'paul'
2026-05-09 21:36:24 [DEBUG   ] forensic.server.http_server (http_server.py:115): HTTP "POST /_forensic/editor/block HTTP/1.1" 200 -
2026-05-09 21:36:24 [INFO    ] forensic.forensic_api.editor_block (editor_block.py:315): Block gespeichert: block_id=514412a5-9f7f-4766-a03c-6619cdee2843 type=paragraph owner=paul
2026-05-09 21:36:24 [DEBUG   ] forensic.server.router (router.py:102): Router: POST /_forensic/editor/block (ajax=False)
2026-05-09 21:36:24 [INFO    ] forensic.db.evidence_db (evidence_db.py:973): Block gespeichert: block_id=ePoQFO0ZVy type=paragraph report_id=2 von 'paul'
2026-05-09 21:36:24 [DEBUG   ] forensic.server.http_server (http_server.py:115): HTTP "POST /_forensic/editor/block HTTP/1.1" 200 -
2026-05-09 21:36:24 [INFO    ] forensic.forensic_api.editor_block (editor_block.py:315): Block gespeichert: block_id=ePoQFO0ZVy type=paragraph owner=paul
2026-05-09 21:36:24 [DEBUG   ] forensic.server.router (router.py:102): Router: POST /_forensic/editor/block (ajax=False)
2026-05-09 21:36:24 [INFO    ] forensic.db.evidence_db (evidence_db.py:973): Block gespeichert: block_id=cEqVULVn60 type=paragraph report_id=2 von 'paul'
2026-05-09 21:36:24 [DEBUG   ] forensic.server.http_server (http_server.py:115): HTTP "POST /_forensic/editor/block HTTP/1.1" 200 -
2026-05-09 21:36:24 [INFO    ] forensic.forensic_api.editor_block (editor_block.py:315): Block gespeichert: block_id=cEqVULVn60 type=paragraph owner=paul
2026-05-09 21:36:24 [DEBUG   ] forensic.server.router (router.py:102): Router: POST /_forensic/editor/block (ajax=False)
2026-05-09 21:36:24 [INFO    ] forensic.db.evidence_db (evidence_db.py:973): Block gespeichert: block_id=Uugp1g8Wl4 type=paragraph report_id=2 von 'paul'
2026-05-09 21:36:24 [DEBUG   ] forensic.server.http_server (http_server.py:115): HTTP "POST /_forensic/editor/block HTTP/1.1" 200 -
2026-05-09 21:36:24 [INFO    ] forensic.forensic_api.editor_block (editor_block.py:315): Block gespeichert: block_id=Uugp1g8Wl4 type=paragraph owner=paul
2026-05-09 21:36:24 [DEBUG   ] forensic.server.router (router.py:102): Router: POST /_forensic/editor/block (ajax=False)
2026-05-09 21:36:24 [INFO    ] forensic.db.evidence_db (evidence_db.py:973): Block gespeichert: block_id=cewq53-w1Y type=paragraph report_id=2 von 'paul'
2026-05-09 21:36:24 [DEBUG   ] forensic.server.http_server (http_server.py:115): HTTP "POST /_forensic/editor/block HTTP/1.1" 200 -
2026-05-09 21:36:24 [INFO    ] forensic.forensic_api.editor_block (editor_block.py:315): Block gespeichert: block_id=cewq53-w1Y type=paragraph owner=paul
2026-05-09 21:36:24 [DEBUG   ] forensic.server.router (router.py:102): Router: POST /_forensic/editor/block (ajax=False)
2026-05-09 21:36:24 [INFO    ] forensic.db.evidence_db (evidence_db.py:973): Block gespeichert: block_id=pPklymmFi4 type=paragraph report_id=2 von 'paul'
2026-05-09 21:36:24 [DEBUG   ] forensic.server.http_server (http_server.py:115): HTTP "POST /_forensic/editor/block HTTP/1.1" 200 -
2026-05-09 21:36:24 [INFO    ] forensic.forensic_api.editor_block (editor_block.py:315): Block gespeichert: block_id=pPklymmFi4 type=paragraph owner=paul
2026-05-09 21:36:24 [DEBUG   ] forensic.server.router (router.py:102): Router: POST /_forensic/editor/block (ajax=False)
2026-05-09 21:36:24 [INFO    ] forensic.db.evidence_db (evidence_db.py:973): Block gespeichert: block_id=FCIUdDNj0n type=paragraph report_id=2 von 'paul'
2026-05-09 21:36:24 [DEBUG   ] forensic.server.http_server (http_server.py:115): HTTP "POST /_forensic/editor/block HTTP/1.1" 200 -
2026-05-09 21:36:24 [INFO    ] forensic.forensic_api.editor_block (editor_block.py:315): Block gespeichert: block_id=FCIUdDNj0n type=paragraph owner=paul
2026-05-09 21:36:24 [DEBUG   ] forensic.server.router (router.py:102): Router: POST /_forensic/editor/block (ajax=False)
2026-05-09 21:36:24 [INFO    ] forensic.db.evidence_db (evidence_db.py:973): Block gespeichert: block_id=BeJ0-UiIAh type=paragraph report_id=2 von 'paul'
2026-05-09 21:36:24 [DEBUG   ] forensic.server.http_server (http_server.py:115): HTTP "POST /_forensic/editor/block HTTP/1.1" 200 -
2026-05-09 21:36:24 [INFO    ] forensic.forensic_api.editor_block (editor_block.py:315): Block gespeichert: block_id=BeJ0-UiIAh type=paragraph owner=paul
2026-05-09 21:36:24 [DEBUG   ] forensic.server.router (router.py:102): Router: POST /_forensic/editor/block (ajax=False)
2026-05-09 21:36:24 [INFO    ] forensic.db.evidence_db (evidence_db.py:973): Block gespeichert: block_id=9Tz-6p_SWf type=paragraph report_id=2 von 'paul'
2026-05-09 21:36:24 [DEBUG   ] forensic.server.http_server (http_server.py:115): HTTP "POST /_forensic/editor/block HTTP/1.1" 200 -
2026-05-09 21:36:24 [INFO    ] forensic.forensic_api.editor_block (editor_block.py:315): Block gespeichert: block_id=9Tz-6p_SWf type=paragraph owner=paul
2026-05-09 21:36:24 [DEBUG   ] forensic.server.router (router.py:102): Router: POST /_forensic/editor/block (ajax=False)
2026-05-09 21:36:24 [INFO    ] forensic.db.evidence_db (evidence_db.py:973): Block gespeichert: block_id=rCq5G9wQNQ type=paragraph report_id=2 von 'paul'
2026-05-09 21:36:24 [DEBUG   ] forensic.server.http_server (http_server.py:115): HTTP "POST /_forensic/editor/block HTTP/1.1" 200 -
2026-05-09 21:36:24 [INFO    ] forensic.forensic_api.editor_block (editor_block.py:315): Block gespeichert: block_id=rCq5G9wQNQ type=paragraph owner=paul
2026-05-09 21:36:24 [DEBUG   ] forensic.server.router (router.py:102): Router: POST /_forensic/editor/block (ajax=False)
2026-05-09 21:36:24 [INFO    ] forensic.db.evidence_db (evidence_db.py:973): Block gespeichert: block_id=4bZQRqQoFu type=paragraph report_id=2 von 'paul'
2026-05-09 21:36:24 [DEBUG   ] forensic.server.http_server (http_server.py:115): HTTP "POST /_forensic/editor/block HTTP/1.1" 200 -
2026-05-09 21:36:24 [INFO    ] forensic.forensic_api.editor_block (editor_block.py:315): Block gespeichert: block_id=4bZQRqQoFu type=paragraph owner=paul
2026-05-09 21:36:24 [DEBUG   ] forensic.server.router (router.py:102): Router: POST /_forensic/editor/block (ajax=False)
2026-05-09 21:36:24 [INFO    ] forensic.db.evidence_db (evidence_db.py:973): Block gespeichert: block_id=zXOfyNaMlK type=paragraph report_id=2 von 'paul'
2026-05-09 21:36:24 [DEBUG   ] forensic.server.http_server (http_server.py:115): HTTP "POST /_forensic/editor/block HTTP/1.1" 200 -
2026-05-09 21:36:24 [INFO    ] forensic.forensic_api.editor_block (editor_block.py:315): Block gespeichert: block_id=zXOfyNaMlK type=paragraph owner=paul
2026-05-09 21:36:24 [DEBUG   ] forensic.server.router (router.py:102): Router: POST /_forensic/editor/block (ajax=False)
2026-05-09 21:36:24 [INFO    ] forensic.db.evidence_db (evidence_db.py:973): Block gespeichert: block_id=mFge8rhOQ4 type=paragraph report_id=2 von 'paul'
2026-05-09 21:36:24 [DEBUG   ] forensic.server.http_server (http_server.py:115): HTTP "POST /_forensic/editor/block HTTP/1.1" 200 -
2026-05-09 21:36:24 [INFO    ] forensic.forensic_api.editor_block (editor_block.py:315): Block gespeichert: block_id=mFge8rhOQ4 type=paragraph owner=paul
2026-05-09 21:36:24 [DEBUG   ] forensic.server.router (router.py:102): Router: POST /_forensic/editor/block (ajax=False)
2026-05-09 21:36:24 [INFO    ] forensic.db.evidence_db (evidence_db.py:973): Block gespeichert: block_id=2x_wx_XRef type=paragraph report_id=2 von 'paul'
2026-05-09 21:36:24 [DEBUG   ] forensic.server.http_server (http_server.py:115): HTTP "POST /_forensic/editor/block HTTP/1.1" 200 -
2026-05-09 21:36:24 [INFO    ] forensic.forensic_api.editor_block (editor_block.py:315): Block gespeichert: block_id=2x_wx_XRef type=paragraph owner=paul
2026-05-09 21:36:24 [DEBUG   ] forensic.server.router (router.py:102): Router: POST /_forensic/editor/block (ajax=False)
2026-05-09 21:36:24 [INFO    ] forensic.db.evidence_db (evidence_db.py:973): Block gespeichert: block_id=2sE-aEWNz9 type=paragraph report_id=2 von 'paul'
2026-05-09 21:36:24 [DEBUG   ] forensic.server.http_server (http_server.py:115): HTTP "POST /_forensic/editor/block HTTP/1.1" 200 -
2026-05-09 21:36:24 [INFO    ] forensic.forensic_api.editor_block (editor_block.py:315): Block gespeichert: block_id=2sE-aEWNz9 type=paragraph owner=paul
2026-05-09 21:36:24 [DEBUG   ] forensic.server.router (router.py:102): Router: POST /_forensic/editor/block (ajax=False)
2026-05-09 21:36:24 [INFO    ] forensic.db.evidence_db (evidence_db.py:973): Block gespeichert: block_id=KLU8TZwIVR type=paragraph report_id=2 von 'paul'
2026-05-09 21:36:24 [DEBUG   ] forensic.server.http_server (http_server.py:115): HTTP "POST /_forensic/editor/block HTTP/1.1" 200 -
2026-05-09 21:36:24 [INFO    ] forensic.forensic_api.editor_block (editor_block.py:315): Block gespeichert: block_id=KLU8TZwIVR type=paragraph owner=paul
2026-05-09 21:36:24 [DEBUG   ] forensic.server.router (router.py:102): Router: POST /_forensic/editor/block (ajax=False)
2026-05-09 21:36:24 [INFO    ] forensic.db.evidence_db (evidence_db.py:973): Block gespeichert: block_id=xL2xw8eL4U type=paragraph report_id=2 von 'paul'
2026-05-09 21:36:24 [DEBUG   ] forensic.server.http_server (http_server.py:115): HTTP "POST /_forensic/editor/block HTTP/1.1" 200 -
2026-05-09 21:36:24 [INFO    ] forensic.forensic_api.editor_block (editor_block.py:315): Block gespeichert: block_id=xL2xw8eL4U type=paragraph owner=paul
2026-05-09 21:36:24 [DEBUG   ] forensic.server.router (router.py:102): Router: POST /_forensic/editor/block (ajax=False)
2026-05-09 21:36:24 [INFO    ] forensic.db.evidence_db (evidence_db.py:973): Block gespeichert: block_id=85KQx12QVa type=list report_id=2 von 'paul'
2026-05-09 21:36:24 [DEBUG   ] forensic.server.http_server (http_server.py:115): HTTP "POST /_forensic/editor/block HTTP/1.1" 200 -
2026-05-09 21:36:24 [INFO    ] forensic.forensic_api.editor_block (editor_block.py:315): Block gespeichert: block_id=85KQx12QVa type=list owner=paul
2026-05-09 21:36:24 [DEBUG   ] forensic.server.router (router.py:102): Router: POST /_forensic/editor/block (ajax=False)
2026-05-09 21:36:24 [INFO    ] forensic.db.evidence_db (evidence_db.py:973): Block gespeichert: block_id=a6I-NPWFfk type=evidence report_id=2 von 'paul'
2026-05-09 21:36:24 [DEBUG   ] forensic.server.http_server (http_server.py:115): HTTP "POST /_forensic/editor/block HTTP/1.1" 200 -
2026-05-09 21:36:24 [INFO    ] forensic.forensic_api.editor_block (editor_block.py:315): Block gespeichert: block_id=a6I-NPWFfk type=evidence owner=paul
2026-05-09 21:36:24 [DEBUG   ] forensic.server.router (router.py:102): Router: POST /_forensic/editor/block (ajax=False)
2026-05-09 21:36:24 [INFO    ] forensic.db.evidence_db (evidence_db.py:973): Block gespeichert: block_id=f7a7ae29-3ccf-4ec8-9ea6-3281c64142cb type=paragraph report_id=2 von 'paul'
2026-05-09 21:36:24 [DEBUG   ] forensic.server.http_server (http_server.py:115): HTTP "POST /_forensic/editor/block HTTP/1.1" 200 -
2026-05-09 21:36:24 [INFO    ] forensic.forensic_api.editor_block (editor_block.py:315): Block gespeichert: block_id=f7a7ae29-3ccf-4ec8-9ea6-3281c64142cb type=paragraph owner=paul
2026-05-09 21:36:24 [DEBUG   ] forensic.server.router (router.py:102): Router: POST /_forensic/editor/block (ajax=False)
2026-05-09 21:36:24 [INFO    ] forensic.db.evidence_db (evidence_db.py:973): Block gespeichert: block_id=ef75e706-dedd-435e-ae62-1ed82b040743 type=paragraph report_id=2 von 'paul'
2026-05-09 21:36:24 [DEBUG   ] forensic.server.http_server (http_server.py:115): HTTP "POST /_forensic/editor/block HTTP/1.1" 200 -
2026-05-09 21:36:24 [INFO    ] forensic.forensic_api.editor_block (editor_block.py:315): Block gespeichert: block_id=ef75e706-dedd-435e-ae62-1ed82b040743 type=paragraph owner=paul
2026-05-09 21:36:24 [DEBUG   ] forensic.server.router (router.py:102): Router: POST /_forensic/editor/block (ajax=False)
2026-05-09 21:36:24 [INFO    ] forensic.db.evidence_db (evidence_db.py:973): Block gespeichert: block_id=1e7bd7c5-a255-49f8-83a7-04f9c0a88c07 type=paragraph report_id=2 von 'paul'
2026-05-09 21:36:24 [DEBUG   ] forensic.server.http_server (http_server.py:115): HTTP "POST /_forensic/editor/block HTTP/1.1" 200 -
2026-05-09 21:36:24 [INFO    ] forensic.forensic_api.editor_block (editor_block.py:315): Block gespeichert: block_id=1e7bd7c5-a255-49f8-83a7-04f9c0a88c07 type=paragraph owner=paul
2026-05-09 21:36:24 [DEBUG   ] forensic.server.router (router.py:102): Router: POST /_forensic/editor/block (ajax=False)
2026-05-09 21:36:24 [INFO    ] forensic.db.evidence_db (evidence_db.py:973): Block gespeichert: block_id=b18d53c4-8663-4517-9664-825ea6faaaec type=paragraph report_id=2 von 'paul'
2026-05-09 21:36:24 [DEBUG   ] forensic.server.http_server (http_server.py:115): HTTP "POST /_forensic/editor/block HTTP/1.1" 200 -
2026-05-09 21:36:24 [INFO    ] forensic.forensic_api.editor_block (editor_block.py:315): Block gespeichert: block_id=b18d53c4-8663-4517-9664-825ea6faaaec type=paragraph owner=paul
2026-05-09 21:36:24 [DEBUG   ] forensic.server.router (router.py:102): Router: POST /_forensic/editor/block (ajax=False)
2026-05-09 21:36:24 [INFO    ] forensic.db.evidence_db (evidence_db.py:973): Block gespeichert: block_id=6b0ac64f-3a00-420f-9b99-497a3969c92b type=paragraph report_id=2 von 'paul'
2026-05-09 21:36:24 [DEBUG   ] forensic.server.http_server (http_server.py:115): HTTP "POST /_forensic/editor/block HTTP/1.1" 200 -
2026-05-09 21:36:24 [INFO    ] forensic.forensic_api.editor_block (editor_block.py:315): Block gespeichert: block_id=6b0ac64f-3a00-420f-9b99-497a3969c92b type=paragraph owner=paul
2026-05-09 21:36:24 [DEBUG   ] forensic.server.router (router.py:102): Router: POST /_forensic/editor/block (ajax=False)
2026-05-09 21:36:24 [INFO    ] forensic.db.evidence_db (evidence_db.py:973): Block gespeichert: block_id=3e826a38-d7c4-46c1-b44c-86ece89ca95e type=paragraph report_id=2 von 'paul'
2026-05-09 21:36:24 [DEBUG   ] forensic.server.http_server (http_server.py:115): HTTP "POST /_forensic/editor/block HTTP/1.1" 200 -
2026-05-09 21:36:24 [INFO    ] forensic.forensic_api.editor_block (editor_block.py:315): Block gespeichert: block_id=3e826a38-d7c4-46c1-b44c-86ece89ca95e type=paragraph owner=paul
2026-05-09 21:36:24 [DEBUG   ] forensic.server.router (router.py:102): Router: POST /_forensic/editor/block (ajax=False)
2026-05-09 21:36:24 [INFO    ] forensic.db.evidence_db (evidence_db.py:973): Block gespeichert: block_id=d55e0f4e-b289-4a32-a281-051552569437 type=paragraph report_id=2 von 'paul'
2026-05-09 21:36:24 [DEBUG   ] forensic.server.http_server (http_server.py:115): HTTP "POST /_forensic/editor/block HTTP/1.1" 200 -
2026-05-09 21:36:24 [INFO    ] forensic.forensic_api.editor_block (editor_block.py:315): Block gespeichert: block_id=d55e0f4e-b289-4a32-a281-051552569437 type=paragraph owner=paul
2026-05-09 21:36:24 [DEBUG   ] forensic.server.router (router.py:102): Router: POST /_forensic/editor/block (ajax=False)
2026-05-09 21:36:24 [INFO    ] forensic.db.evidence_db (evidence_db.py:973): Block gespeichert: block_id=c07412b8-5be3-4fb1-8138-cddef458c7de type=paragraph report_id=2 von 'paul'
2026-05-09 21:36:24 [DEBUG   ] forensic.server.http_server (http_server.py:115): HTTP "POST /_forensic/editor/block HTTP/1.1" 200 -
2026-05-09 21:36:24 [INFO    ] forensic.forensic_api.editor_block (editor_block.py:315): Block gespeichert: block_id=c07412b8-5be3-4fb1-8138-cddef458c7de type=paragraph owner=paul
2026-05-09 21:36:24 [DEBUG   ] forensic.server.router (router.py:102): Router: POST /_forensic/editor/block (ajax=False)
2026-05-09 21:36:24 [INFO    ] forensic.db.evidence_db (evidence_db.py:973): Block gespeichert: block_id=c7b9448a-a144-482c-a677-75bfef051543 type=paragraph report_id=2 von 'paul'
2026-05-09 21:36:24 [DEBUG   ] forensic.server.http_server (http_server.py:115): HTTP "POST /_forensic/editor/block HTTP/1.1" 200 -
2026-05-09 21:36:24 [INFO    ] forensic.forensic_api.editor_block (editor_block.py:315): Block gespeichert: block_id=c7b9448a-a144-482c-a677-75bfef051543 type=paragraph owner=paul
2026-05-09 21:36:24 [DEBUG   ] forensic.server.router (router.py:102): Router: POST /_forensic/editor/block (ajax=False)
2026-05-09 21:36:24 [INFO    ] forensic.db.evidence_db (evidence_db.py:973): Block gespeichert: block_id=5cecc378-ac6c-4a20-9140-49a2f9eba9f9 type=paragraph report_id=2 von 'paul'
2026-05-09 21:36:24 [DEBUG   ] forensic.server.http_server (http_server.py:115): HTTP "POST /_forensic/editor/block HTTP/1.1" 200 -
2026-05-09 21:36:24 [INFO    ] forensic.forensic_api.editor_block (editor_block.py:315): Block gespeichert: block_id=5cecc378-ac6c-4a20-9140-49a2f9eba9f9 type=paragraph owner=paul
2026-05-09 21:36:24 [DEBUG   ] forensic.server.router (router.py:102): Router: POST /_forensic/editor/block (ajax=False)
2026-05-09 21:36:24 [INFO    ] forensic.db.evidence_db (evidence_db.py:973): Block gespeichert: block_id=0f481d39-f202-449c-b24b-28cd1c2da9fb type=paragraph report_id=2 von 'paul'
2026-05-09 21:36:24 [DEBUG   ] forensic.server.http_server (http_server.py:115): HTTP "POST /_forensic/editor/block HTTP/1.1" 200 -
2026-05-09 21:36:24 [INFO    ] forensic.forensic_api.editor_block (editor_block.py:315): Block gespeichert: block_id=0f481d39-f202-449c-b24b-28cd1c2da9fb type=paragraph owner=paul
2026-05-09 21:36:24 [DEBUG   ] forensic.server.router (router.py:102): Router: POST /_forensic/editor/block (ajax=False)
2026-05-09 21:36:24 [INFO    ] forensic.db.evidence_db (evidence_db.py:973): Block gespeichert: block_id=a0401d7f-3c3c-415a-a706-21712baad59c type=paragraph report_id=2 von 'paul'
2026-05-09 21:36:24 [DEBUG   ] forensic.server.http_server (http_server.py:115): HTTP "POST /_forensic/editor/block HTTP/1.1" 200 -
2026-05-09 21:36:24 [INFO    ] forensic.forensic_api.editor_block (editor_block.py:315): Block gespeichert: block_id=a0401d7f-3c3c-415a-a706-21712baad59c type=paragraph owner=paul
2026-05-09 21:36:24 [DEBUG   ] forensic.server.router (router.py:102): Router: POST /_forensic/editor/block (ajax=False)
2026-05-09 21:36:24 [INFO    ] forensic.db.evidence_db (evidence_db.py:973): Block gespeichert: block_id=94f30f18-2106-4631-b9d2-a2d78ae830e4 type=paragraph report_id=2 von 'paul'
2026-05-09 21:36:24 [DEBUG   ] forensic.server.http_server (http_server.py:115): HTTP "POST /_forensic/editor/block HTTP/1.1" 200 -
2026-05-09 21:36:24 [INFO    ] forensic.forensic_api.editor_block (editor_block.py:315): Block gespeichert: block_id=94f30f18-2106-4631-b9d2-a2d78ae830e4 type=paragraph owner=paul
2026-05-09 21:36:24 [DEBUG   ] forensic.server.router (router.py:102): Router: POST /_forensic/editor/block (ajax=False)
2026-05-09 21:36:24 [INFO    ] forensic.db.evidence_db (evidence_db.py:973): Block gespeichert: block_id=91509f5d-c323-4791-9ff0-1ad099779a87 type=paragraph report_id=2 von 'paul'
2026-05-09 21:36:24 [DEBUG   ] forensic.server.http_server (http_server.py:115): HTTP "POST /_forensic/editor/block HTTP/1.1" 200 -
2026-05-09 21:36:24 [INFO    ] forensic.forensic_api.editor_block (editor_block.py:315): Block gespeichert: block_id=91509f5d-c323-4791-9ff0-1ad099779a87 type=paragraph owner=paul
2026-05-09 21:36:24 [DEBUG   ] forensic.server.router (router.py:102): Router: POST /_forensic/editor/block (ajax=False)
2026-05-09 21:36:24 [INFO    ] forensic.db.evidence_db (evidence_db.py:973): Block gespeichert: block_id=faab5dd0-196f-4e70-bb5f-3db727c97329 type=paragraph report_id=2 von 'paul'
2026-05-09 21:36:24 [DEBUG   ] forensic.server.http_server (http_server.py:115): HTTP "POST /_forensic/editor/block HTTP/1.1" 200 -
2026-05-09 21:36:24 [INFO    ] forensic.forensic_api.editor_block (editor_block.py:315): Block gespeichert: block_id=faab5dd0-196f-4e70-bb5f-3db727c97329 type=paragraph owner=paul
2026-05-09 21:36:24 [DEBUG   ] forensic.server.router (router.py:102): Router: POST /_forensic/editor/block (ajax=False)
2026-05-09 21:36:24 [INFO    ] forensic.db.evidence_db (evidence_db.py:973): Block gespeichert: block_id=e25ce51c-7eeb-47a8-ba19-915c2f4e5d3b type=paragraph report_id=2 von 'paul'
2026-05-09 21:36:24 [DEBUG   ] forensic.server.http_server (http_server.py:115): HTTP "POST /_forensic/editor/block HTTP/1.1" 200 -
2026-05-09 21:36:24 [INFO    ] forensic.forensic_api.editor_block (editor_block.py:315): Block gespeichert: block_id=e25ce51c-7eeb-47a8-ba19-915c2f4e5d3b type=paragraph owner=paul
2026-05-09 21:36:24 [DEBUG   ] forensic.server.router (router.py:102): Router: POST /_forensic/editor/block (ajax=False)
2026-05-09 21:36:24 [INFO    ] forensic.db.evidence_db (evidence_db.py:973): Block gespeichert: block_id=8eda283c-fe16-4fcf-b715-6e385bfa5805 type=paragraph report_id=2 von 'paul'
2026-05-09 21:36:24 [DEBUG   ] forensic.server.http_server (http_server.py:115): HTTP "POST /_forensic/editor/block HTTP/1.1" 200 -
2026-05-09 21:36:24 [INFO    ] forensic.forensic_api.editor_block (editor_block.py:315): Block gespeichert: block_id=8eda283c-fe16-4fcf-b715-6e385bfa5805 type=paragraph owner=paul
2026-05-09 21:36:24 [DEBUG   ] forensic.server.router (router.py:102): Router: POST /_forensic/editor/block (ajax=False)
2026-05-09 21:36:24 [INFO    ] forensic.db.evidence_db (evidence_db.py:973): Block gespeichert: block_id=ffbc71f9-3bad-4846-bb79-3e076318775c type=paragraph report_id=2 von 'paul'
2026-05-09 21:36:24 [DEBUG   ] forensic.server.http_server (http_server.py:115): HTTP "POST /_forensic/editor/block HTTP/1.1" 200 -
2026-05-09 21:36:24 [INFO    ] forensic.forensic_api.editor_block (editor_block.py:315): Block gespeichert: block_id=ffbc71f9-3bad-4846-bb79-3e076318775c type=paragraph owner=paul
2026-05-09 21:36:24 [DEBUG   ] forensic.server.router (router.py:102): Router: POST /_forensic/editor/block (ajax=False)
2026-05-09 21:36:24 [INFO    ] forensic.db.evidence_db (evidence_db.py:973): Block gespeichert: block_id=d70d8a8c-0025-4f3b-8e86-628c622238c9 type=paragraph report_id=2 von 'paul'
2026-05-09 21:36:24 [DEBUG   ] forensic.server.http_server (http_server.py:115): HTTP "POST /_forensic/editor/block HTTP/1.1" 200 -
2026-05-09 21:36:24 [INFO    ] forensic.forensic_api.editor_block (editor_block.py:315): Block gespeichert: block_id=d70d8a8c-0025-4f3b-8e86-628c622238c9 type=paragraph owner=paul
2026-05-09 21:36:24 [DEBUG   ] forensic.server.router (router.py:102): Router: POST /_forensic/editor/block (ajax=False)
2026-05-09 21:36:24 [INFO    ] forensic.db.evidence_db (evidence_db.py:973): Block gespeichert: block_id=35a5e7ff-ba8e-4cb4-bcd1-5e9574a13e11 type=paragraph report_id=2 von 'paul'
2026-05-09 21:36:24 [DEBUG   ] forensic.server.http_server (http_server.py:115): HTTP "POST /_forensic/editor/block HTTP/1.1" 200 -
2026-05-09 21:36:24 [INFO    ] forensic.forensic_api.editor_block (editor_block.py:315): Block gespeichert: block_id=35a5e7ff-ba8e-4cb4-bcd1-5e9574a13e11 type=paragraph owner=paul
2026-05-09 21:36:24 [DEBUG   ] forensic.server.router (router.py:102): Router: POST /_forensic/editor/block (ajax=False)
2026-05-09 21:36:24 [INFO    ] forensic.db.evidence_db (evidence_db.py:973): Block gespeichert: block_id=0463eb2a-13af-4de7-b82a-52945fa89d3d type=paragraph report_id=2 von 'paul'
2026-05-09 21:36:24 [DEBUG   ] forensic.server.http_server (http_server.py:115): HTTP "POST /_forensic/editor/block HTTP/1.1" 200 -
2026-05-09 21:36:24 [INFO    ] forensic.forensic_api.editor_block (editor_block.py:315): Block gespeichert: block_id=0463eb2a-13af-4de7-b82a-52945fa89d3d type=paragraph owner=paul
2026-05-09 21:36:24 [DEBUG   ] forensic.server.router (router.py:102): Router: POST /_forensic/editor/block (ajax=False)
2026-05-09 21:36:24 [INFO    ] forensic.db.evidence_db (evidence_db.py:973): Block gespeichert: block_id=ccf3f12c-83ba-466a-84aa-7c31530ac5b6 type=paragraph report_id=2 von 'paul'
2026-05-09 21:36:24 [DEBUG   ] forensic.server.http_server (http_server.py:115): HTTP "POST /_forensic/editor/block HTTP/1.1" 200 -
2026-05-09 21:36:24 [INFO    ] forensic.forensic_api.editor_block (editor_block.py:315): Block gespeichert: block_id=ccf3f12c-83ba-466a-84aa-7c31530ac5b6 type=paragraph owner=paul
2026-05-09 21:36:24 [DEBUG   ] forensic.server.router (router.py:102): Router: POST /_forensic/editor/block (ajax=False)
2026-05-09 21:36:24 [INFO    ] forensic.db.evidence_db (evidence_db.py:973): Block gespeichert: block_id=bb207375-9a66-4c14-9490-d4fc0ff07a1e type=paragraph report_id=2 von 'paul'
2026-05-09 21:36:24 [DEBUG   ] forensic.server.http_server (http_server.py:115): HTTP "POST /_forensic/editor/block HTTP/1.1" 200 -
2026-05-09 21:36:24 [INFO    ] forensic.forensic_api.editor_block (editor_block.py:315): Block gespeichert: block_id=bb207375-9a66-4c14-9490-d4fc0ff07a1e type=paragraph owner=paul
2026-05-09 21:36:24 [DEBUG   ] forensic.server.router (router.py:102): Router: POST /_forensic/editor/block (ajax=False)
2026-05-09 21:36:24 [INFO    ] forensic.db.evidence_db (evidence_db.py:973): Block gespeichert: block_id=5d10beac-9445-426b-b367-d8d041f236c0 type=paragraph report_id=2 von 'paul'
2026-05-09 21:36:24 [DEBUG   ] forensic.server.http_server (http_server.py:115): HTTP "POST /_forensic/editor/block HTTP/1.1" 200 -
2026-05-09 21:36:24 [INFO    ] forensic.forensic_api.editor_block (editor_block.py:315): Block gespeichert: block_id=5d10beac-9445-426b-b367-d8d041f236c0 type=paragraph owner=paul
2026-05-09 21:36:24 [DEBUG   ] forensic.server.router (router.py:102): Router: POST /_forensic/editor/block (ajax=False)
2026-05-09 21:36:24 [INFO    ] forensic.db.evidence_db (evidence_db.py:973): Block gespeichert: block_id=d85a18f6-1fa9-46a2-8b9d-a9f992ea4142 type=paragraph report_id=2 von 'paul'
2026-05-09 21:36:24 [DEBUG   ] forensic.server.http_server (http_server.py:115): HTTP "POST /_forensic/editor/block HTTP/1.1" 200 -
2026-05-09 21:36:24 [INFO    ] forensic.forensic_api.editor_block (editor_block.py:315): Block gespeichert: block_id=d85a18f6-1fa9-46a2-8b9d-a9f992ea4142 type=paragraph owner=paul
2026-05-09 21:36:24 [DEBUG   ] forensic.server.router (router.py:102): Router: POST /_forensic/editor/order (ajax=False)
2026-05-09 21:36:24 [DEBUG   ] forensic.server.http_server (http_server.py:115): HTTP "POST /_forensic/editor/order HTTP/1.1" 400 -
2026-05-09 21:36:24 [DEBUG   ] forensic.server.router (router.py:102): Router: GET /_forensic/report (ajax=True)
2026-05-09 21:36:24 [DEBUG   ] forensic.server.http_server (http_server.py:115): HTTP "GET /_forensic/report?format=json HTTP/1.1" 200 -
2026-05-09 21:36:41 [DEBUG   ] forensic (main.py:408): Watchdog: Heartbeat (Dump: 'logs/freeze_dump.txt')
2026-05-09 21:37:11 [DEBUG   ] forensic (main.py:408): Watchdog: Heartbeat (Dump: 'logs/freeze_dump.txt')
2026-05-09 21:37:41 [DEBUG   ] forensic (main.py:408): Watchdog: Heartbeat (Dump: 'logs/freeze_dump.txt')
2026-05-09 21:38:11 [DEBUG   ] forensic (main.py:408): Watchdog: Heartbeat (Dump: 'logs/freeze_dump.txt')
2026-05-09 21:38:41 [DEBUG   ] forensic (main.py:408): Watchdog: Heartbeat (Dump: 'logs/freeze_dump.txt')
2026-05-09 21:39:11 [DEBUG   ] forensic (main.py:408): Watchdog: Heartbeat (Dump: 'logs/freeze_dump.txt')
2026-05-09 21:39:41 [DEBUG   ] forensic (main.py:408): Watchdog: Heartbeat (Dump: 'logs/freeze_dump.txt')
2026-05-09 21:40:11 [DEBUG   ] forensic (main.py:408): Watchdog: Heartbeat (Dump: 'logs/freeze_dump.txt')
2026-05-09 21:40:41 [DEBUG   ] forensic (main.py:408): Watchdog: Heartbeat (Dump: 'logs/freeze_dump.txt')
2026-05-09 21:41:11 [DEBUG   ] forensic (main.py:408): Watchdog: Heartbeat (Dump: 'logs/freeze_dump.txt')
2026-05-09 21:41:41 [DEBUG   ] forensic (main.py:408): Watchdog: Heartbeat (Dump: 'logs/freeze_dump.txt')
2026-05-09 21:42:11 [DEBUG   ] forensic (main.py:408): Watchdog: Heartbeat (Dump: 'logs/freeze_dump.txt')
2026-05-09 21:42:41 [DEBUG   ] forensic (main.py:408): Watchdog: Heartbeat (Dump: 'logs/freeze_dump.txt')
2026-05-09 21:43:11 [DEBUG   ] forensic (main.py:408): Watchdog: Heartbeat (Dump: 'logs/freeze_dump.txt')
2026-05-09 21:43:19 [DEBUG   ] forensic.server.router (router.py:102): Router: GET /_forensic/annotations (ajax=True)
2026-05-09 21:43:19 [DEBUG   ] forensic.forensic_api.annotations (annotations.py:153): Annotationen geliefert: url='None', count=2
2026-05-09 21:43:19 [DEBUG   ] forensic.server.http_server (http_server.py:115): HTTP "GET /_forensic/annotations HTTP/1.1" 200 -
2026-05-09 21:43:24 [DEBUG   ] forensic.server.router (router.py:102): Router: POST /_forensic/report (ajax=True)
2026-05-09 21:43:24 [DEBUG   ] forensic.server.http_server (http_server.py:115): HTTP "POST /_forensic/report HTTP/1.1" 201 -
2026-05-09 21:43:24 [DEBUG   ] forensic.server.router (router.py:102): Router: GET /_forensic/report (ajax=True)
2026-05-09 21:43:24 [DEBUG   ] forensic.server.http_server (http_server.py:115): HTTP "GET /_forensic/report?format=json HTTP/1.1" 200 -
2026-05-09 21:43:41 [DEBUG   ] forensic (main.py:408): Watchdog: Heartbeat (Dump: 'logs/freeze_dump.txt')
2026-05-09 21:44:11 [DEBUG   ] forensic (main.py:408): Watchdog: Heartbeat (Dump: 'logs/freeze_dump.txt')
2026-05-09 21:44:41 [DEBUG   ] forensic (main.py:408): Watchdog: Heartbeat (Dump: 'logs/freeze_dump.txt')
2026-05-09 21:45:11 [DEBUG   ] forensic (main.py:408): Watchdog: Heartbeat (Dump: 'logs/freeze_dump.txt')
2026-05-09 21:45:41 [DEBUG   ] forensic (main.py:408): Watchdog: Heartbeat (Dump: 'logs/freeze_dump.txt')
2026-05-09 21:46:11 [DEBUG   ] forensic (main.py:408): Watchdog: Heartbeat (Dump: 'logs/freeze_dump.txt')
2026-05-09 21:46:41 [DEBUG   ] forensic (main.py:408): Watchdog: Heartbeat (Dump: 'logs/freeze_dump.txt')
2026-05-09 21:47:11 [DEBUG   ] forensic (main.py:408): Watchdog: Heartbeat (Dump: 'logs/freeze_dump.txt')
2026-05-09 21:47:41 [DEBUG   ] forensic (main.py:408): Watchdog: Heartbeat (Dump: 'logs/freeze_dump.txt')
2026-05-09 21:48:11 [DEBUG   ] forensic (main.py:408): Watchdog: Heartbeat (Dump: 'logs/freeze_dump.txt')
2026-05-09 21:48:41 [DEBUG   ] forensic (main.py:408): Watchdog: Heartbeat (Dump: 'logs/freeze_dump.txt')
2026-05-09 21:49:11 [DEBUG   ] forensic (main.py:408): Watchdog: Heartbeat (Dump: 'logs/freeze_dump.txt')
2026-05-09 21:49:41 [DEBUG   ] forensic (main.py:408): Watchdog: Heartbeat (Dump: 'logs/freeze_dump.txt')
2026-05-09 21:50:11 [DEBUG   ] forensic (main.py:408): Watchdog: Heartbeat (Dump: 'logs/freeze_dump.txt')
2026-05-09 21:50:41 [DEBUG   ] forensic (main.py:408): Watchdog: Heartbeat (Dump: 'logs/freeze_dump.txt')
2026-05-09 21:51:11 [DEBUG   ] forensic (main.py:408): Watchdog: Heartbeat (Dump: 'logs/freeze_dump.txt')
2026-05-09 21:51:41 [DEBUG   ] forensic (main.py:408): Watchdog: Heartbeat (Dump: 'logs/freeze_dump.txt')
2026-05-09 21:52:11 [DEBUG   ] forensic (main.py:408): Watchdog: Heartbeat (Dump: 'logs/freeze_dump.txt')
2026-05-09 21:52:41 [DEBUG   ] forensic (main.py:408): Watchdog: Heartbeat (Dump: 'logs/freeze_dump.txt')
2026-05-09 21:53:03 [DEBUG   ] forensic.server.router (router.py:102): Router: GET /_forensic/placeholders/values (ajax=True)
2026-05-09 21:53:03 [DEBUG   ] forensic.server.http_server (http_server.py:115): HTTP "GET /_forensic/placeholders/values HTTP/1.1" 200 -
2026-05-09 21:53:11 [DEBUG   ] forensic (main.py:408): Watchdog: Heartbeat (Dump: 'logs/freeze_dump.txt')
2026-05-09 21:53:41 [DEBUG   ] forensic (main.py:408): Watchdog: Heartbeat (Dump: 'logs/freeze_dump.txt')
2026-05-09 21:54:11 [DEBUG   ] forensic (main.py:408): Watchdog: Heartbeat (Dump: 'logs/freeze_dump.txt')
2026-05-09 21:54:41 [DEBUG   ] forensic (main.py:408): Watchdog: Heartbeat (Dump: 'logs/freeze_dump.txt')
2026-05-09 21:55:11 [DEBUG   ] forensic (main.py:408): Watchdog: Heartbeat (Dump: 'logs/freeze_dump.txt')
2026-05-09 21:55:41 [DEBUG   ] forensic (main.py:408): Watchdog: Heartbeat (Dump: 'logs/freeze_dump.txt')
2026-05-09 21:55:51 [DEBUG   ] forensic.server.router (router.py:102): Router: GET /_forensic/report (ajax=True)
2026-05-09 21:55:51 [DEBUG   ] forensic.server.http_server (http_server.py:115): HTTP "GET /_forensic/report?format=json&report_id=2 HTTP/1.1" 200 -
2026-05-09 21:56:11 [DEBUG   ] forensic (main.py:408): Watchdog: Heartbeat (Dump: 'logs/freeze_dump.txt')
2026-05-09 21:56:41 [DEBUG   ] forensic (main.py:408): Watchdog: Heartbeat (Dump: 'logs/freeze_dump.txt')
2026-05-09 21:57:11 [DEBUG   ] forensic (main.py:408): Watchdog: Heartbeat (Dump: 'logs/freeze_dump.txt')
2026-05-09 21:57:41 [DEBUG   ] forensic (main.py:408): Watchdog: Heartbeat (Dump: 'logs/freeze_dump.txt')
2026-05-09 21:58:11 [DEBUG   ] forensic (main.py:408): Watchdog: Heartbeat (Dump: 'logs/freeze_dump.txt')
2026-05-09 21:58:20 [DEBUG   ] forensic.server.router (router.py:102): Router: POST /_forensic/report (ajax=True)
2026-05-09 21:58:20 [INFO    ] forensic.db.evidence_db (evidence_db.py:973): Block gespeichert: block_id=e4121388-0b2c-4aee-a2b5-797242b1e09f type=paragraph report_id=2 von 'paul'
2026-05-09 21:58:20 [DEBUG   ] forensic.server.http_server (http_server.py:115): HTTP "POST /_forensic/report HTTP/1.1" 201 -
2026-05-09 21:58:20 [INFO    ] forensic.forensic_api.report (report.py:665): save_block: block_id=e4121388-0b2c-4aee-a2b5-797242b1e09f report_id=2 type=paragraph von 'paul'
2026-05-09 21:58:20 [DEBUG   ] forensic.server.router (router.py:102): Router: GET /_forensic/report (ajax=True)
2026-05-09 21:58:20 [DEBUG   ] forensic.server.http_server (http_server.py:115): HTTP "GET /_forensic/report?format=json HTTP/1.1" 200 -
2026-05-09 21:58:41 [DEBUG   ] forensic (main.py:408): Watchdog: Heartbeat (Dump: 'logs/freeze_dump.txt')
2026-05-09 21:59:01 [DEBUG   ] forensic.server.router (router.py:102): Router: POST /_forensic/editor/block (ajax=False)
2026-05-09 21:59:01 [INFO    ] forensic.db.evidence_db (evidence_db.py:973): Block gespeichert: block_id=21fe8fd1-1d4a-44d1-bd7c-c077a30b6351 type=paragraph report_id=2 von 'paul'
2026-05-09 21:59:01 [DEBUG   ] forensic.server.http_server (http_server.py:115): HTTP "POST /_forensic/editor/block HTTP/1.1" 200 -
2026-05-09 21:59:01 [INFO    ] forensic.forensic_api.editor_block (editor_block.py:315): Block gespeichert: block_id=21fe8fd1-1d4a-44d1-bd7c-c077a30b6351 type=paragraph owner=paul
2026-05-09 21:59:01 [DEBUG   ] forensic.server.router (router.py:102): Router: POST /_forensic/editor/block (ajax=False)
2026-05-09 21:59:01 [INFO    ] forensic.db.evidence_db (evidence_db.py:973): Block gespeichert: block_id=bll-PCJeEv type=paragraph report_id=2 von 'paul'
2026-05-09 21:59:01 [DEBUG   ] forensic.server.http_server (http_server.py:115): HTTP "POST /_forensic/editor/block HTTP/1.1" 200 -
2026-05-09 21:59:01 [INFO    ] forensic.forensic_api.editor_block (editor_block.py:315): Block gespeichert: block_id=bll-PCJeEv type=paragraph owner=paul
2026-05-09 21:59:01 [DEBUG   ] forensic.server.router (router.py:102): Router: POST /_forensic/editor/block (ajax=False)
2026-05-09 21:59:01 [INFO    ] forensic.db.evidence_db (evidence_db.py:973): Block gespeichert: block_id=i8OxxJCEj2 type=delimiter report_id=2 von 'paul'
2026-05-09 21:59:01 [DEBUG   ] forensic.server.http_server (http_server.py:115): HTTP "POST /_forensic/editor/block HTTP/1.1" 200 -
2026-05-09 21:59:01 [INFO    ] forensic.forensic_api.editor_block (editor_block.py:315): Block gespeichert: block_id=i8OxxJCEj2 type=delimiter owner=paul
2026-05-09 21:59:01 [DEBUG   ] forensic.server.router (router.py:102): Router: POST /_forensic/editor/block (ajax=False)
2026-05-09 21:59:01 [INFO    ] forensic.db.evidence_db (evidence_db.py:973): Block gespeichert: block_id=514412a5-9f7f-4766-a03c-6619cdee2843 type=paragraph report_id=2 von 'paul'
2026-05-09 21:59:01 [DEBUG   ] forensic.server.http_server (http_server.py:115): HTTP "POST /_forensic/editor/block HTTP/1.1" 200 -
2026-05-09 21:59:01 [INFO    ] forensic.forensic_api.editor_block (editor_block.py:315): Block gespeichert: block_id=514412a5-9f7f-4766-a03c-6619cdee2843 type=paragraph owner=paul
2026-05-09 21:59:01 [DEBUG   ] forensic.server.router (router.py:102): Router: POST /_forensic/editor/block (ajax=False)
2026-05-09 21:59:01 [INFO    ] forensic.db.evidence_db (evidence_db.py:973): Block gespeichert: block_id=ePoQFO0ZVy type=paragraph report_id=2 von 'paul'
2026-05-09 21:59:01 [DEBUG   ] forensic.server.http_server (http_server.py:115): HTTP "POST /_forensic/editor/block HTTP/1.1" 200 -
2026-05-09 21:59:01 [INFO    ] forensic.forensic_api.editor_block (editor_block.py:315): Block gespeichert: block_id=ePoQFO0ZVy type=paragraph owner=paul
2026-05-09 21:59:01 [DEBUG   ] forensic.server.router (router.py:102): Router: POST /_forensic/editor/block (ajax=False)
2026-05-09 21:59:01 [INFO    ] forensic.db.evidence_db (evidence_db.py:973): Block gespeichert: block_id=cEqVULVn60 type=paragraph report_id=2 von 'paul'
2026-05-09 21:59:01 [DEBUG   ] forensic.server.http_server (http_server.py:115): HTTP "POST /_forensic/editor/block HTTP/1.1" 200 -
2026-05-09 21:59:01 [INFO    ] forensic.forensic_api.editor_block (editor_block.py:315): Block gespeichert: block_id=cEqVULVn60 type=paragraph owner=paul
2026-05-09 21:59:01 [DEBUG   ] forensic.server.router (router.py:102): Router: POST /_forensic/editor/block (ajax=False)
2026-05-09 21:59:01 [INFO    ] forensic.db.evidence_db (evidence_db.py:973): Block gespeichert: block_id=Uugp1g8Wl4 type=paragraph report_id=2 von 'paul'
2026-05-09 21:59:01 [DEBUG   ] forensic.server.http_server (http_server.py:115): HTTP "POST /_forensic/editor/block HTTP/1.1" 200 -
2026-05-09 21:59:01 [INFO    ] forensic.forensic_api.editor_block (editor_block.py:315): Block gespeichert: block_id=Uugp1g8Wl4 type=paragraph owner=paul
2026-05-09 21:59:01 [DEBUG   ] forensic.server.router (router.py:102): Router: POST /_forensic/editor/block (ajax=False)
2026-05-09 21:59:01 [INFO    ] forensic.db.evidence_db (evidence_db.py:973): Block gespeichert: block_id=cewq53-w1Y type=paragraph report_id=2 von 'paul'
2026-05-09 21:59:01 [DEBUG   ] forensic.server.http_server (http_server.py:115): HTTP "POST /_forensic/editor/block HTTP/1.1" 200 -
2026-05-09 21:59:01 [INFO    ] forensic.forensic_api.editor_block (editor_block.py:315): Block gespeichert: block_id=cewq53-w1Y type=paragraph owner=paul
2026-05-09 21:59:01 [DEBUG   ] forensic.server.router (router.py:102): Router: POST /_forensic/editor/block (ajax=False)
2026-05-09 21:59:01 [INFO    ] forensic.db.evidence_db (evidence_db.py:973): Block gespeichert: block_id=pPklymmFi4 type=paragraph report_id=2 von 'paul'
2026-05-09 21:59:01 [DEBUG   ] forensic.server.http_server (http_server.py:115): HTTP "POST /_forensic/editor/block HTTP/1.1" 200 -
2026-05-09 21:59:01 [INFO    ] forensic.forensic_api.editor_block (editor_block.py:315): Block gespeichert: block_id=pPklymmFi4 type=paragraph owner=paul
2026-05-09 21:59:01 [DEBUG   ] forensic.server.router (router.py:102): Router: POST /_forensic/editor/block (ajax=False)
2026-05-09 21:59:01 [INFO    ] forensic.db.evidence_db (evidence_db.py:973): Block gespeichert: block_id=FCIUdDNj0n type=paragraph report_id=2 von 'paul'
2026-05-09 21:59:01 [DEBUG   ] forensic.server.http_server (http_server.py:115): HTTP "POST /_forensic/editor/block HTTP/1.1" 200 -
2026-05-09 21:59:01 [INFO    ] forensic.forensic_api.editor_block (editor_block.py:315): Block gespeichert: block_id=FCIUdDNj0n type=paragraph owner=paul
2026-05-09 21:59:01 [DEBUG   ] forensic.server.router (router.py:102): Router: POST /_forensic/editor/block (ajax=False)
2026-05-09 21:59:01 [INFO    ] forensic.db.evidence_db (evidence_db.py:973): Block gespeichert: block_id=BeJ0-UiIAh type=paragraph report_id=2 von 'paul'
2026-05-09 21:59:01 [DEBUG   ] forensic.server.http_server (http_server.py:115): HTTP "POST /_forensic/editor/block HTTP/1.1" 200 -
2026-05-09 21:59:01 [INFO    ] forensic.forensic_api.editor_block (editor_block.py:315): Block gespeichert: block_id=BeJ0-UiIAh type=paragraph owner=paul
2026-05-09 21:59:01 [DEBUG   ] forensic.server.router (router.py:102): Router: POST /_forensic/editor/block (ajax=False)
2026-05-09 21:59:01 [INFO    ] forensic.db.evidence_db (evidence_db.py:973): Block gespeichert: block_id=9Tz-6p_SWf type=paragraph report_id=2 von 'paul'
2026-05-09 21:59:01 [DEBUG   ] forensic.server.http_server (http_server.py:115): HTTP "POST /_forensic/editor/block HTTP/1.1" 200 -
2026-05-09 21:59:01 [INFO    ] forensic.forensic_api.editor_block (editor_block.py:315): Block gespeichert: block_id=9Tz-6p_SWf type=paragraph owner=paul
2026-05-09 21:59:01 [DEBUG   ] forensic.server.router (router.py:102): Router: POST /_forensic/editor/block (ajax=False)
2026-05-09 21:59:01 [INFO    ] forensic.db.evidence_db (evidence_db.py:973): Block gespeichert: block_id=rCq5G9wQNQ type=paragraph report_id=2 von 'paul'
2026-05-09 21:59:01 [DEBUG   ] forensic.server.http_server (http_server.py:115): HTTP "POST /_forensic/editor/block HTTP/1.1" 200 -
2026-05-09 21:59:01 [INFO    ] forensic.forensic_api.editor_block (editor_block.py:315): Block gespeichert: block_id=rCq5G9wQNQ type=paragraph owner=paul
2026-05-09 21:59:01 [DEBUG   ] forensic.server.router (router.py:102): Router: POST /_forensic/editor/block (ajax=False)
2026-05-09 21:59:01 [INFO    ] forensic.db.evidence_db (evidence_db.py:973): Block gespeichert: block_id=4bZQRqQoFu type=paragraph report_id=2 von 'paul'
2026-05-09 21:59:01 [DEBUG   ] forensic.server.http_server (http_server.py:115): HTTP "POST /_forensic/editor/block HTTP/1.1" 200 -
2026-05-09 21:59:01 [INFO    ] forensic.forensic_api.editor_block (editor_block.py:315): Block gespeichert: block_id=4bZQRqQoFu type=paragraph owner=paul
2026-05-09 21:59:01 [DEBUG   ] forensic.server.router (router.py:102): Router: POST /_forensic/editor/block (ajax=False)
2026-05-09 21:59:01 [INFO    ] forensic.db.evidence_db (evidence_db.py:973): Block gespeichert: block_id=CQuIzXZXsW type=paragraph report_id=2 von 'paul'
2026-05-09 21:59:01 [DEBUG   ] forensic.server.http_server (http_server.py:115): HTTP "POST /_forensic/editor/block HTTP/1.1" 200 -
2026-05-09 21:59:01 [INFO    ] forensic.forensic_api.editor_block (editor_block.py:315): Block gespeichert: block_id=CQuIzXZXsW type=paragraph owner=paul
2026-05-09 21:59:01 [DEBUG   ] forensic.server.router (router.py:102): Router: POST /_forensic/editor/block (ajax=False)
2026-05-09 21:59:01 [INFO    ] forensic.db.evidence_db (evidence_db.py:973): Block gespeichert: block_id=zXOfyNaMlK type=paragraph report_id=2 von 'paul'
2026-05-09 21:59:01 [DEBUG   ] forensic.server.http_server (http_server.py:115): HTTP "POST /_forensic/editor/block HTTP/1.1" 200 -
2026-05-09 21:59:01 [INFO    ] forensic.forensic_api.editor_block (editor_block.py:315): Block gespeichert: block_id=zXOfyNaMlK type=paragraph owner=paul
2026-05-09 21:59:01 [DEBUG   ] forensic.server.router (router.py:102): Router: POST /_forensic/editor/block (ajax=False)
2026-05-09 21:59:01 [INFO    ] forensic.db.evidence_db (evidence_db.py:973): Block gespeichert: block_id=mFge8rhOQ4 type=paragraph report_id=2 von 'paul'
2026-05-09 21:59:01 [DEBUG   ] forensic.server.http_server (http_server.py:115): HTTP "POST /_forensic/editor/block HTTP/1.1" 200 -
2026-05-09 21:59:01 [INFO    ] forensic.forensic_api.editor_block (editor_block.py:315): Block gespeichert: block_id=mFge8rhOQ4 type=paragraph owner=paul
2026-05-09 21:59:01 [DEBUG   ] forensic.server.router (router.py:102): Router: POST /_forensic/editor/block (ajax=False)
2026-05-09 21:59:01 [INFO    ] forensic.db.evidence_db (evidence_db.py:973): Block gespeichert: block_id=2x_wx_XRef type=paragraph report_id=2 von 'paul'
2026-05-09 21:59:01 [DEBUG   ] forensic.server.http_server (http_server.py:115): HTTP "POST /_forensic/editor/block HTTP/1.1" 200 -
2026-05-09 21:59:01 [INFO    ] forensic.forensic_api.editor_block (editor_block.py:315): Block gespeichert: block_id=2x_wx_XRef type=paragraph owner=paul
2026-05-09 21:59:01 [DEBUG   ] forensic.server.router (router.py:102): Router: POST /_forensic/editor/block (ajax=False)
2026-05-09 21:59:01 [INFO    ] forensic.db.evidence_db (evidence_db.py:973): Block gespeichert: block_id=2sE-aEWNz9 type=paragraph report_id=2 von 'paul'
2026-05-09 21:59:01 [DEBUG   ] forensic.server.http_server (http_server.py:115): HTTP "POST /_forensic/editor/block HTTP/1.1" 200 -
2026-05-09 21:59:01 [INFO    ] forensic.forensic_api.editor_block (editor_block.py:315): Block gespeichert: block_id=2sE-aEWNz9 type=paragraph owner=paul
2026-05-09 21:59:01 [DEBUG   ] forensic.server.router (router.py:102): Router: POST /_forensic/editor/block (ajax=False)
2026-05-09 21:59:01 [INFO    ] forensic.db.evidence_db (evidence_db.py:973): Block gespeichert: block_id=KLU8TZwIVR type=paragraph report_id=2 von 'paul'
2026-05-09 21:59:01 [DEBUG   ] forensic.server.http_server (http_server.py:115): HTTP "POST /_forensic/editor/block HTTP/1.1" 200 -
2026-05-09 21:59:01 [INFO    ] forensic.forensic_api.editor_block (editor_block.py:315): Block gespeichert: block_id=KLU8TZwIVR type=paragraph owner=paul
2026-05-09 21:59:01 [DEBUG   ] forensic.server.router (router.py:102): Router: POST /_forensic/editor/block (ajax=False)
2026-05-09 21:59:01 [INFO    ] forensic.db.evidence_db (evidence_db.py:973): Block gespeichert: block_id=xL2xw8eL4U type=paragraph report_id=2 von 'paul'
2026-05-09 21:59:01 [DEBUG   ] forensic.server.http_server (http_server.py:115): HTTP "POST /_forensic/editor/block HTTP/1.1" 200 -
2026-05-09 21:59:01 [INFO    ] forensic.forensic_api.editor_block (editor_block.py:315): Block gespeichert: block_id=xL2xw8eL4U type=paragraph owner=paul
2026-05-09 21:59:01 [DEBUG   ] forensic.server.router (router.py:102): Router: POST /_forensic/editor/block (ajax=False)
2026-05-09 21:59:01 [INFO    ] forensic.db.evidence_db (evidence_db.py:973): Block gespeichert: block_id=85KQx12QVa type=list report_id=2 von 'paul'
2026-05-09 21:59:01 [DEBUG   ] forensic.server.http_server (http_server.py:115): HTTP "POST /_forensic/editor/block HTTP/1.1" 200 -
2026-05-09 21:59:01 [INFO    ] forensic.forensic_api.editor_block (editor_block.py:315): Block gespeichert: block_id=85KQx12QVa type=list owner=paul
2026-05-09 21:59:01 [DEBUG   ] forensic.server.router (router.py:102): Router: POST /_forensic/editor/block (ajax=False)
2026-05-09 21:59:01 [INFO    ] forensic.db.evidence_db (evidence_db.py:973): Block gespeichert: block_id=a6I-NPWFfk type=evidence report_id=2 von 'paul'
2026-05-09 21:59:01 [DEBUG   ] forensic.server.http_server (http_server.py:115): HTTP "POST /_forensic/editor/block HTTP/1.1" 200 -
2026-05-09 21:59:01 [INFO    ] forensic.forensic_api.editor_block (editor_block.py:315): Block gespeichert: block_id=a6I-NPWFfk type=evidence owner=paul
2026-05-09 21:59:01 [DEBUG   ] forensic.server.router (router.py:102): Router: POST /_forensic/editor/block (ajax=False)
2026-05-09 21:59:01 [INFO    ] forensic.db.evidence_db (evidence_db.py:973): Block gespeichert: block_id=f7a7ae29-3ccf-4ec8-9ea6-3281c64142cb type=paragraph report_id=2 von 'paul'
2026-05-09 21:59:01 [DEBUG   ] forensic.server.http_server (http_server.py:115): HTTP "POST /_forensic/editor/block HTTP/1.1" 200 -
2026-05-09 21:59:01 [INFO    ] forensic.forensic_api.editor_block (editor_block.py:315): Block gespeichert: block_id=f7a7ae29-3ccf-4ec8-9ea6-3281c64142cb type=paragraph owner=paul
2026-05-09 21:59:01 [DEBUG   ] forensic.server.router (router.py:102): Router: POST /_forensic/editor/block (ajax=False)
2026-05-09 21:59:01 [INFO    ] forensic.db.evidence_db (evidence_db.py:973): Block gespeichert: block_id=ef75e706-dedd-435e-ae62-1ed82b040743 type=paragraph report_id=2 von 'paul'
2026-05-09 21:59:01 [DEBUG   ] forensic.server.http_server (http_server.py:115): HTTP "POST /_forensic/editor/block HTTP/1.1" 200 -
2026-05-09 21:59:01 [INFO    ] forensic.forensic_api.editor_block (editor_block.py:315): Block gespeichert: block_id=ef75e706-dedd-435e-ae62-1ed82b040743 type=paragraph owner=paul
2026-05-09 21:59:01 [DEBUG   ] forensic.server.router (router.py:102): Router: POST /_forensic/editor/block (ajax=False)
2026-05-09 21:59:01 [INFO    ] forensic.db.evidence_db (evidence_db.py:973): Block gespeichert: block_id=1e7bd7c5-a255-49f8-83a7-04f9c0a88c07 type=paragraph report_id=2 von 'paul'
2026-05-09 21:59:01 [DEBUG   ] forensic.server.http_server (http_server.py:115): HTTP "POST /_forensic/editor/block HTTP/1.1" 200 -
2026-05-09 21:59:01 [INFO    ] forensic.forensic_api.editor_block (editor_block.py:315): Block gespeichert: block_id=1e7bd7c5-a255-49f8-83a7-04f9c0a88c07 type=paragraph owner=paul
2026-05-09 21:59:01 [DEBUG   ] forensic.server.router (router.py:102): Router: POST /_forensic/editor/block (ajax=False)
2026-05-09 21:59:01 [INFO    ] forensic.db.evidence_db (evidence_db.py:973): Block gespeichert: block_id=b18d53c4-8663-4517-9664-825ea6faaaec type=paragraph report_id=2 von 'paul'
2026-05-09 21:59:01 [DEBUG   ] forensic.server.http_server (http_server.py:115): HTTP "POST /_forensic/editor/block HTTP/1.1" 200 -
2026-05-09 21:59:01 [INFO    ] forensic.forensic_api.editor_block (editor_block.py:315): Block gespeichert: block_id=b18d53c4-8663-4517-9664-825ea6faaaec type=paragraph owner=paul
2026-05-09 21:59:01 [DEBUG   ] forensic.server.router (router.py:102): Router: POST /_forensic/editor/block (ajax=False)
2026-05-09 21:59:01 [INFO    ] forensic.db.evidence_db (evidence_db.py:973): Block gespeichert: block_id=6b0ac64f-3a00-420f-9b99-497a3969c92b type=paragraph report_id=2 von 'paul'
2026-05-09 21:59:01 [DEBUG   ] forensic.server.http_server (http_server.py:115): HTTP "POST /_forensic/editor/block HTTP/1.1" 200 -
2026-05-09 21:59:01 [INFO    ] forensic.forensic_api.editor_block (editor_block.py:315): Block gespeichert: block_id=6b0ac64f-3a00-420f-9b99-497a3969c92b type=paragraph owner=paul
2026-05-09 21:59:01 [DEBUG   ] forensic.server.router (router.py:102): Router: POST /_forensic/editor/block (ajax=False)
2026-05-09 21:59:01 [INFO    ] forensic.db.evidence_db (evidence_db.py:973): Block gespeichert: block_id=3e826a38-d7c4-46c1-b44c-86ece89ca95e type=paragraph report_id=2 von 'paul'
2026-05-09 21:59:01 [DEBUG   ] forensic.server.http_server (http_server.py:115): HTTP "POST /_forensic/editor/block HTTP/1.1" 200 -
2026-05-09 21:59:01 [INFO    ] forensic.forensic_api.editor_block (editor_block.py:315): Block gespeichert: block_id=3e826a38-d7c4-46c1-b44c-86ece89ca95e type=paragraph owner=paul
2026-05-09 21:59:01 [DEBUG   ] forensic.server.router (router.py:102): Router: POST /_forensic/editor/block (ajax=False)
2026-05-09 21:59:01 [INFO    ] forensic.db.evidence_db (evidence_db.py:973): Block gespeichert: block_id=d55e0f4e-b289-4a32-a281-051552569437 type=paragraph report_id=2 von 'paul'
2026-05-09 21:59:01 [DEBUG   ] forensic.server.http_server (http_server.py:115): HTTP "POST /_forensic/editor/block HTTP/1.1" 200 -
2026-05-09 21:59:01 [INFO    ] forensic.forensic_api.editor_block (editor_block.py:315): Block gespeichert: block_id=d55e0f4e-b289-4a32-a281-051552569437 type=paragraph owner=paul
2026-05-09 21:59:01 [DEBUG   ] forensic.server.router (router.py:102): Router: POST /_forensic/editor/block (ajax=False)
2026-05-09 21:59:01 [INFO    ] forensic.db.evidence_db (evidence_db.py:973): Block gespeichert: block_id=c07412b8-5be3-4fb1-8138-cddef458c7de type=paragraph report_id=2 von 'paul'
2026-05-09 21:59:01 [DEBUG   ] forensic.server.http_server (http_server.py:115): HTTP "POST /_forensic/editor/block HTTP/1.1" 200 -
2026-05-09 21:59:01 [INFO    ] forensic.forensic_api.editor_block (editor_block.py:315): Block gespeichert: block_id=c07412b8-5be3-4fb1-8138-cddef458c7de type=paragraph owner=paul
2026-05-09 21:59:01 [DEBUG   ] forensic.server.router (router.py:102): Router: POST /_forensic/editor/block (ajax=False)
2026-05-09 21:59:01 [INFO    ] forensic.db.evidence_db (evidence_db.py:973): Block gespeichert: block_id=c7b9448a-a144-482c-a677-75bfef051543 type=paragraph report_id=2 von 'paul'
2026-05-09 21:59:01 [DEBUG   ] forensic.server.http_server (http_server.py:115): HTTP "POST /_forensic/editor/block HTTP/1.1" 200 -
2026-05-09 21:59:01 [INFO    ] forensic.forensic_api.editor_block (editor_block.py:315): Block gespeichert: block_id=c7b9448a-a144-482c-a677-75bfef051543 type=paragraph owner=paul
2026-05-09 21:59:01 [DEBUG   ] forensic.server.router (router.py:102): Router: POST /_forensic/editor/block (ajax=False)
2026-05-09 21:59:01 [INFO    ] forensic.db.evidence_db (evidence_db.py:973): Block gespeichert: block_id=5cecc378-ac6c-4a20-9140-49a2f9eba9f9 type=paragraph report_id=2 von 'paul'
2026-05-09 21:59:01 [DEBUG   ] forensic.server.http_server (http_server.py:115): HTTP "POST /_forensic/editor/block HTTP/1.1" 200 -
2026-05-09 21:59:01 [INFO    ] forensic.forensic_api.editor_block (editor_block.py:315): Block gespeichert: block_id=5cecc378-ac6c-4a20-9140-49a2f9eba9f9 type=paragraph owner=paul
2026-05-09 21:59:01 [DEBUG   ] forensic.server.router (router.py:102): Router: POST /_forensic/editor/block (ajax=False)
2026-05-09 21:59:01 [INFO    ] forensic.db.evidence_db (evidence_db.py:973): Block gespeichert: block_id=0f481d39-f202-449c-b24b-28cd1c2da9fb type=paragraph report_id=2 von 'paul'
2026-05-09 21:59:01 [DEBUG   ] forensic.server.http_server (http_server.py:115): HTTP "POST /_forensic/editor/block HTTP/1.1" 200 -
2026-05-09 21:59:01 [INFO    ] forensic.forensic_api.editor_block (editor_block.py:315): Block gespeichert: block_id=0f481d39-f202-449c-b24b-28cd1c2da9fb type=paragraph owner=paul
2026-05-09 21:59:01 [DEBUG   ] forensic.server.router (router.py:102): Router: POST /_forensic/editor/block (ajax=False)
2026-05-09 21:59:01 [INFO    ] forensic.db.evidence_db (evidence_db.py:973): Block gespeichert: block_id=a0401d7f-3c3c-415a-a706-21712baad59c type=paragraph report_id=2 von 'paul'
2026-05-09 21:59:01 [DEBUG   ] forensic.server.http_server (http_server.py:115): HTTP "POST /_forensic/editor/block HTTP/1.1" 200 -
2026-05-09 21:59:01 [INFO    ] forensic.forensic_api.editor_block (editor_block.py:315): Block gespeichert: block_id=a0401d7f-3c3c-415a-a706-21712baad59c type=paragraph owner=paul
2026-05-09 21:59:01 [DEBUG   ] forensic.server.router (router.py:102): Router: POST /_forensic/editor/block (ajax=False)
2026-05-09 21:59:01 [INFO    ] forensic.db.evidence_db (evidence_db.py:973): Block gespeichert: block_id=94f30f18-2106-4631-b9d2-a2d78ae830e4 type=paragraph report_id=2 von 'paul'
2026-05-09 21:59:01 [DEBUG   ] forensic.server.http_server (http_server.py:115): HTTP "POST /_forensic/editor/block HTTP/1.1" 200 -
2026-05-09 21:59:01 [INFO    ] forensic.forensic_api.editor_block (editor_block.py:315): Block gespeichert: block_id=94f30f18-2106-4631-b9d2-a2d78ae830e4 type=paragraph owner=paul
2026-05-09 21:59:01 [DEBUG   ] forensic.server.router (router.py:102): Router: POST /_forensic/editor/block (ajax=False)
2026-05-09 21:59:01 [INFO    ] forensic.db.evidence_db (evidence_db.py:973): Block gespeichert: block_id=91509f5d-c323-4791-9ff0-1ad099779a87 type=paragraph report_id=2 von 'paul'
2026-05-09 21:59:01 [DEBUG   ] forensic.server.http_server (http_server.py:115): HTTP "POST /_forensic/editor/block HTTP/1.1" 200 -
2026-05-09 21:59:01 [INFO    ] forensic.forensic_api.editor_block (editor_block.py:315): Block gespeichert: block_id=91509f5d-c323-4791-9ff0-1ad099779a87 type=paragraph owner=paul
2026-05-09 21:59:01 [DEBUG   ] forensic.server.router (router.py:102): Router: POST /_forensic/editor/block (ajax=False)
2026-05-09 21:59:01 [INFO    ] forensic.db.evidence_db (evidence_db.py:973): Block gespeichert: block_id=faab5dd0-196f-4e70-bb5f-3db727c97329 type=paragraph report_id=2 von 'paul'
2026-05-09 21:59:01 [DEBUG   ] forensic.server.http_server (http_server.py:115): HTTP "POST /_forensic/editor/block HTTP/1.1" 200 -
2026-05-09 21:59:01 [INFO    ] forensic.forensic_api.editor_block (editor_block.py:315): Block gespeichert: block_id=faab5dd0-196f-4e70-bb5f-3db727c97329 type=paragraph owner=paul
2026-05-09 21:59:01 [DEBUG   ] forensic.server.router (router.py:102): Router: POST /_forensic/editor/block (ajax=False)
2026-05-09 21:59:01 [INFO    ] forensic.db.evidence_db (evidence_db.py:973): Block gespeichert: block_id=e25ce51c-7eeb-47a8-ba19-915c2f4e5d3b type=paragraph report_id=2 von 'paul'
2026-05-09 21:59:01 [DEBUG   ] forensic.server.http_server (http_server.py:115): HTTP "POST /_forensic/editor/block HTTP/1.1" 200 -
2026-05-09 21:59:01 [INFO    ] forensic.forensic_api.editor_block (editor_block.py:315): Block gespeichert: block_id=e25ce51c-7eeb-47a8-ba19-915c2f4e5d3b type=paragraph owner=paul
2026-05-09 21:59:01 [DEBUG   ] forensic.server.router (router.py:102): Router: POST /_forensic/editor/block (ajax=False)
2026-05-09 21:59:01 [INFO    ] forensic.db.evidence_db (evidence_db.py:973): Block gespeichert: block_id=8eda283c-fe16-4fcf-b715-6e385bfa5805 type=paragraph report_id=2 von 'paul'
2026-05-09 21:59:01 [DEBUG   ] forensic.server.http_server (http_server.py:115): HTTP "POST /_forensic/editor/block HTTP/1.1" 200 -
2026-05-09 21:59:01 [INFO    ] forensic.forensic_api.editor_block (editor_block.py:315): Block gespeichert: block_id=8eda283c-fe16-4fcf-b715-6e385bfa5805 type=paragraph owner=paul
2026-05-09 21:59:01 [DEBUG   ] forensic.server.router (router.py:102): Router: POST /_forensic/editor/block (ajax=False)
2026-05-09 21:59:01 [INFO    ] forensic.db.evidence_db (evidence_db.py:973): Block gespeichert: block_id=ffbc71f9-3bad-4846-bb79-3e076318775c type=paragraph report_id=2 von 'paul'
2026-05-09 21:59:01 [DEBUG   ] forensic.server.http_server (http_server.py:115): HTTP "POST /_forensic/editor/block HTTP/1.1" 200 -
2026-05-09 21:59:01 [INFO    ] forensic.forensic_api.editor_block (editor_block.py:315): Block gespeichert: block_id=ffbc71f9-3bad-4846-bb79-3e076318775c type=paragraph owner=paul
2026-05-09 21:59:01 [DEBUG   ] forensic.server.router (router.py:102): Router: POST /_forensic/editor/block (ajax=False)
2026-05-09 21:59:01 [INFO    ] forensic.db.evidence_db (evidence_db.py:973): Block gespeichert: block_id=d70d8a8c-0025-4f3b-8e86-628c622238c9 type=paragraph report_id=2 von 'paul'
2026-05-09 21:59:01 [DEBUG   ] forensic.server.http_server (http_server.py:115): HTTP "POST /_forensic/editor/block HTTP/1.1" 200 -
2026-05-09 21:59:01 [INFO    ] forensic.forensic_api.editor_block (editor_block.py:315): Block gespeichert: block_id=d70d8a8c-0025-4f3b-8e86-628c622238c9 type=paragraph owner=paul
2026-05-09 21:59:01 [DEBUG   ] forensic.server.router (router.py:102): Router: POST /_forensic/editor/block (ajax=False)
2026-05-09 21:59:01 [INFO    ] forensic.db.evidence_db (evidence_db.py:973): Block gespeichert: block_id=35a5e7ff-ba8e-4cb4-bcd1-5e9574a13e11 type=paragraph report_id=2 von 'paul'
2026-05-09 21:59:01 [DEBUG   ] forensic.server.http_server (http_server.py:115): HTTP "POST /_forensic/editor/block HTTP/1.1" 200 -
2026-05-09 21:59:01 [INFO    ] forensic.forensic_api.editor_block (editor_block.py:315): Block gespeichert: block_id=35a5e7ff-ba8e-4cb4-bcd1-5e9574a13e11 type=paragraph owner=paul
2026-05-09 21:59:01 [DEBUG   ] forensic.server.router (router.py:102): Router: POST /_forensic/editor/block (ajax=False)
2026-05-09 21:59:01 [INFO    ] forensic.db.evidence_db (evidence_db.py:973): Block gespeichert: block_id=0463eb2a-13af-4de7-b82a-52945fa89d3d type=paragraph report_id=2 von 'paul'
2026-05-09 21:59:01 [DEBUG   ] forensic.server.http_server (http_server.py:115): HTTP "POST /_forensic/editor/block HTTP/1.1" 200 -
2026-05-09 21:59:01 [INFO    ] forensic.forensic_api.editor_block (editor_block.py:315): Block gespeichert: block_id=0463eb2a-13af-4de7-b82a-52945fa89d3d type=paragraph owner=paul
2026-05-09 21:59:01 [DEBUG   ] forensic.server.router (router.py:102): Router: POST /_forensic/editor/block (ajax=False)
2026-05-09 21:59:01 [INFO    ] forensic.db.evidence_db (evidence_db.py:973): Block gespeichert: block_id=ccf3f12c-83ba-466a-84aa-7c31530ac5b6 type=paragraph report_id=2 von 'paul'
2026-05-09 21:59:01 [DEBUG   ] forensic.server.http_server (http_server.py:115): HTTP "POST /_forensic/editor/block HTTP/1.1" 200 -
2026-05-09 21:59:01 [INFO    ] forensic.forensic_api.editor_block (editor_block.py:315): Block gespeichert: block_id=ccf3f12c-83ba-466a-84aa-7c31530ac5b6 type=paragraph owner=paul
2026-05-09 21:59:01 [DEBUG   ] forensic.server.router (router.py:102): Router: POST /_forensic/editor/block (ajax=False)
2026-05-09 21:59:01 [INFO    ] forensic.db.evidence_db (evidence_db.py:973): Block gespeichert: block_id=bb207375-9a66-4c14-9490-d4fc0ff07a1e type=paragraph report_id=2 von 'paul'
2026-05-09 21:59:01 [DEBUG   ] forensic.server.http_server (http_server.py:115): HTTP "POST /_forensic/editor/block HTTP/1.1" 200 -
2026-05-09 21:59:01 [INFO    ] forensic.forensic_api.editor_block (editor_block.py:315): Block gespeichert: block_id=bb207375-9a66-4c14-9490-d4fc0ff07a1e type=paragraph owner=paul
2026-05-09 21:59:01 [DEBUG   ] forensic.server.router (router.py:102): Router: POST /_forensic/editor/block (ajax=False)
2026-05-09 21:59:01 [INFO    ] forensic.db.evidence_db (evidence_db.py:973): Block gespeichert: block_id=5d10beac-9445-426b-b367-d8d041f236c0 type=paragraph report_id=2 von 'paul'
2026-05-09 21:59:01 [DEBUG   ] forensic.server.http_server (http_server.py:115): HTTP "POST /_forensic/editor/block HTTP/1.1" 200 -
2026-05-09 21:59:01 [INFO    ] forensic.forensic_api.editor_block (editor_block.py:315): Block gespeichert: block_id=5d10beac-9445-426b-b367-d8d041f236c0 type=paragraph owner=paul
2026-05-09 21:59:01 [DEBUG   ] forensic.server.router (router.py:102): Router: POST /_forensic/editor/block (ajax=False)
2026-05-09 21:59:01 [INFO    ] forensic.db.evidence_db (evidence_db.py:973): Block gespeichert: block_id=d85a18f6-1fa9-46a2-8b9d-a9f992ea4142 type=paragraph report_id=2 von 'paul'
2026-05-09 21:59:01 [DEBUG   ] forensic.server.http_server (http_server.py:115): HTTP "POST /_forensic/editor/block HTTP/1.1" 200 -
2026-05-09 21:59:01 [INFO    ] forensic.forensic_api.editor_block (editor_block.py:315): Block gespeichert: block_id=d85a18f6-1fa9-46a2-8b9d-a9f992ea4142 type=paragraph owner=paul
2026-05-09 21:59:01 [DEBUG   ] forensic.server.router (router.py:102): Router: POST /_forensic/editor/order (ajax=False)
2026-05-09 21:59:01 [DEBUG   ] forensic.server.http_server (http_server.py:115): HTTP "POST /_forensic/editor/order HTTP/1.1" 200 -
2026-05-09 21:59:01 [INFO    ] forensic.forensic_api.editor_order (editor_order.py:174): Blockreihenfolge aktualisiert: report_id=2, 48 Eintraege von 'paul'
2026-05-09 21:59:01 [DEBUG   ] forensic.server.router (router.py:102): Router: GET /_forensic/report (ajax=True)
2026-05-09 21:59:01 [DEBUG   ] forensic.server.http_server (http_server.py:115): HTTP "GET /_forensic/report?format=json HTTP/1.1" 200 -
2026-05-09 21:59:11 [DEBUG   ] forensic (main.py:408): Watchdog: Heartbeat (Dump: 'logs/freeze_dump.txt')
