2026-06-07 18:43:58 [INFO    ] forensic (logger.py:158): Logging initialisiert — Level: DEBUG, Logdatei: /opt/aiw_webserver/logs/forensic_server.log
2026-06-07 18:43:58 [INFO    ] forensic (main.py:265): === Forensischer Webserver startet ===
2026-06-07 18:43:58 [INFO    ] forensic (main.py:268): Config geladen: '/opt/aiw_webserver/config.yaml'
2026-06-07 18:43:58 [DEBUG   ] forensic.core.user_resolver (user_resolver.py:70): Systembenutzer ermittelt: 'paul' (Plattform: linux)
2026-06-07 18:43:58 [INFO    ] forensic (main.py:277): Systembenutzer: 'paul'
2026-06-07 18:43:58 [INFO    ] forensic.core.mode_resolver (mode_resolver.py:150): Startmodus: 'cli'
2026-06-07 18:43:58 [INFO    ] forensic.core.mode_resolver (mode_resolver.py:351): Modus 'cli': user_id=2948078, username='uid_2948078', forensic_db='/opt/aiw_webserver/data/forensic/forensic_2948078.db'
2026-06-07 18:43:58 [INFO    ] forensic (main.py:300): Kontext: mode='cli', user_id=2948078, username='uid_2948078'
2026-06-07 18:43:58 [INFO    ] forensic (main.py:304): forensic_db : '/opt/aiw_webserver/data/forensic/forensic_2948078.db'
2026-06-07 18:43:58 [INFO    ] forensic (main.py:305): evidence_db : '/opt/aiw_webserver/data/evidence/evidence_2948078.db'
2026-06-07 18:43:58 [INFO    ] forensic (main.py:306): default_db  : '/opt/aiw_webserver/data/default.db'
2026-06-07 18:43:58 [INFO    ] forensic (main.py:307): coordinator : '/opt/aiw_webserver/data/coordinator.db'
2026-06-07 18:43:58 [INFO    ] forensic.core.startup_checks (startup_checks.py:123): Starte Voraussetzungsprüfungen...
2026-06-07 18:43:58 [DEBUG   ] forensic.core.startup_checks (startup_checks.py:164): Datei gefunden: forensic_db = '/opt/aiw_webserver/data/forensic/forensic_2948078.db'
2026-06-07 18:43:58 [DEBUG   ] forensic.core.startup_checks (startup_checks.py:164): Datei gefunden: evidence_db = '/opt/aiw_webserver/data/evidence/evidence_2948078.db'
2026-06-07 18:43:58 [DEBUG   ] forensic.core.startup_checks (startup_checks.py:180): default_db gefunden: '/opt/aiw_webserver/data/default.db'
2026-06-07 18:43:58 [DEBUG   ] forensic.core.startup_checks (startup_checks.py:206): coordinator_db gefunden: '/opt/aiw_webserver/data/coordinator.db'
2026-06-07 18:43:58 [DEBUG   ] forensic.core.startup_checks (startup_checks.py:254): Schema-Version geprüft: 1 (erwartet: 1) ✓
2026-06-07 18:44:00 [INFO    ] forensic.core.startup_checks (startup_checks.py:327): Integritätsprüfung forensic_db erfolgreich: SHA-256 = 319d9f95e6f3b2f8... ✓
2026-06-07 18:44:00 [DEBUG   ] forensic.core.startup_checks (startup_checks.py:366): forensic_db READ-ONLY-Prüfung bestanden ✓
2026-06-07 18:44:00 [INFO    ] forensic.core.startup_checks (startup_checks.py:132): Alle Voraussetzungsprüfungen erfolgreich abgeschlossen.
2026-06-07 18:44:00 [INFO    ] forensic (main.py:322): Alle Startprüfungen bestanden.
2026-06-07 18:44:00 [DEBUG   ] forensic.core.hosts_manager (hosts_manager.py:135): HostsManager: forum_hostname nicht konfiguriert — no-op.
2026-06-07 18:44:01 [INFO    ] forensic.db.connection_manager (connection_manager.py:154): Öffne Datenbankverbindungen (Modus: 'cli', user_id: 2948078)
2026-06-07 18:44:01 [DEBUG   ] forensic.db.connection_manager (connection_manager.py:197): Haupt-DB geöffnet: '/opt/aiw_webserver/data/evidence/evidence_2948078.db'
2026-06-07 18:44:01 [DEBUG   ] forensic.db.connection_manager (connection_manager.py:527): ATTACH fdb (READ-ONLY via Authorizer): '/opt/aiw_webserver/data/forensic/forensic_2948078.db'
2026-06-07 18:44:01 [DEBUG   ] forensic.db.connection_manager (connection_manager.py:527): ATTACH ddb (READ-ONLY via Authorizer): '/opt/aiw_webserver/data/default.db'
2026-06-07 18:44:01 [DEBUG   ] forensic.db.connection_manager (connection_manager.py:540): ATTACH cdb (READ-WRITE): '/opt/aiw_webserver/data/coordinator.db'
2026-06-07 18:44:01 [DEBUG   ] forensic.db.connection_manager (connection_manager.py:212): cdb angebunden: '/opt/aiw_webserver/data/coordinator.db'
2026-06-07 18:44:01 [DEBUG   ] forensic.db.connection_manager (connection_manager.py:527): ATTACH adb (READ-ONLY via Authorizer): '/opt/aiw_webserver/data/assets/assets_2948078.db'
2026-06-07 18:44:01 [DEBUG   ] forensic.db.connection_manager (connection_manager.py:226): adb angebunden (READ-ONLY): '/opt/aiw_webserver/data/assets/assets_2948078.db'
2026-06-07 18:44:01 [DEBUG   ] forensic.db.connection_manager (connection_manager.py:527): ATTACH tdb (READ-ONLY via Authorizer): '/opt/aiw_webserver/data/templates.db'
2026-06-07 18:44:01 [DEBUG   ] forensic.db.connection_manager (connection_manager.py:243): tdb angebunden (READ-ONLY): '/opt/aiw_webserver/data/templates.db'
2026-06-07 18:44:01 [DEBUG   ] forensic.db.forensic_db (forensic_db.py:478): get_forum_base_url(): 'http://alice4n4kd5gga3xqggygi6r7q7l7bb2wg5lcykh22ilxomk2jmpcbyd.onion'
2026-06-07 18:44:01 [DEBUG   ] forensic.db.forensic_db (forensic_db.py:221): blob_lookup TEMP VIEW angelegt (forum_base_url='http://alice4n4kd5gga3xqggygi6r7q7l7bb2wg5lcykh22ilxomk2jmpcbyd.onion')
2026-06-07 18:44:01 [DEBUG   ] forensic.db.forensic_db (forensic_db.py:478): get_forum_base_url(): 'http://alice4n4kd5gga3xqggygi6r7q7l7bb2wg5lcykh22ilxomk2jmpcbyd.onion'
2026-06-07 18:44:01 [DEBUG   ] forensic.db.default_db (default_db.py:121): ddb (default.db) korrekt angebunden und erreichbar
2026-06-07 18:44:01 [DEBUG   ] forensic.db.assets_db (assets_db.py:170): adb (assets_<uid>.db) korrekt angebunden und erreichbar
2026-06-07 18:44:01 [DEBUG   ] forensic.db.templates_db (templates_db.py:102): TemplatesDb: tdb verfuegbar und initialisiert.
2026-06-07 18:44:01 [DEBUG   ] forensic.db.connection_manager (connection_manager.py:272): Authorizer deaktiviert — Schreibschutz via Dateisystem/startup_checks.
2026-06-07 18:44:01 [INFO    ] forensic.db.connection_manager (connection_manager.py:274): Alle Verbindungen aufgebaut (Normalmodus). forensic_db: 618 Seiten, evidence_db: 77 Annotationen
2026-06-07 18:44:01 [INFO    ] forensic (main.py:366): Alle Datenbankverbindungen aufgebaut.
2026-06-07 18:44:01 [WARNING ] forensic (main.py:379): Startup: 1 Stale-Lock(s) bereinigt — Server war zuvor nicht korrekt beendet worden.
2026-06-07 18:44:01 [INFO    ] forensic.core.build_info (build_info.py:87): Build-Info geladen: v0.6.287 Build 287 (2026-06-07) — /opt/aiw_webserver/build.json
2026-06-07 18:44:01 [INFO    ] forensic.core.build_info (build_info.py:117): ======================================================================
2026-06-07 18:44:01 [INFO    ] forensic.core.build_info (build_info.py:118): Datei-Prüfsummen (MD5) — relevante Verzeichnisse:
2026-06-07 18:44:01 [INFO    ] forensic.core.build_info (build_info.py:119): ======================================================================
2026-06-07 18:44:01 [INFO    ] forensic.core.build_info (build_info.py:139):   forensic_api/
2026-06-07 18:44:01 [INFO    ] forensic.core.build_info (build_info.py:144):     62f6c042c160d79342a1c94172f99bb3  forensic_api/__init__.py
2026-06-07 18:44:01 [INFO    ] forensic.core.build_info (build_info.py:144):     a9d4946e7fad988d5c93f91f57414568  forensic_api/_lock_guard.py
2026-06-07 18:44:01 [INFO    ] forensic.core.build_info (build_info.py:144):     a390a43516f6de3d26ef38005ca52fc0  forensic_api/aliases.py
2026-06-07 18:44:01 [INFO    ] forensic.core.build_info (build_info.py:144):     5158550bda7a170b0f95f700c1937f6f  forensic_api/annotate.py
2026-06-07 18:44:01 [INFO    ] forensic.core.build_info (build_info.py:144):     055a8cbc2479f760763218891051f6aa  forensic_api/annotations.py
2026-06-07 18:44:01 [INFO    ] forensic.core.build_info (build_info.py:144):     eb89f8d7d3b9a8c799d5f339e530476c  forensic_api/cross_annotation_integrator.py
2026-06-07 18:44:01 [INFO    ] forensic.core.build_info (build_info.py:144):     242b49e0a636bae32c27545a6041d31e  forensic_api/editor_block.py
2026-06-07 18:44:01 [INFO    ] forensic.core.build_info (build_info.py:144):     021794826bc3578e4a804d83f4940099  forensic_api/editor_comment.py
2026-06-07 18:44:01 [INFO    ] forensic.core.build_info (build_info.py:144):     a348aec0cfabf13d7efb6cecca8b78a9  forensic_api/editor_evidence.py
2026-06-07 18:44:01 [INFO    ] forensic.core.build_info (build_info.py:144):     968ad04d95d0fee56ede3ad57caa6385  forensic_api/editor_order.py
2026-06-07 18:44:01 [INFO    ] forensic.core.build_info (build_info.py:144):     d94de0a64abd16df195ab6b916577990  forensic_api/events.py
2026-06-07 18:44:01 [INFO    ] forensic.core.build_info (build_info.py:144):     c72bbf0458972cd2ee5e2a503d0865cc  forensic_api/export.py
2026-06-07 18:44:01 [INFO    ] forensic.core.build_info (build_info.py:144):     f23bf91c1fccb407d41bcd4a0c590b52  forensic_api/fileasset.py
2026-06-07 18:44:01 [INFO    ] forensic.core.build_info (build_info.py:144):     5e6d2427dbd60cbd54b36b8f8ed6dbc4  forensic_api/investigator_me.py
2026-06-07 18:44:01 [INFO    ] forensic.core.build_info (build_info.py:144):     2cfe78f6dbe29979e3b75d32d5c36f05  forensic_api/knownusers.py
2026-06-07 18:44:01 [INFO    ] forensic.core.build_info (build_info.py:144):     9501fe000961856272d57b11b29b2836  forensic_api/page.py
2026-06-07 18:44:01 [INFO    ] forensic.core.build_info (build_info.py:144):     178cc2b21c544de580a7a1f690cabc21  forensic_api/placeholders.py
2026-06-07 18:44:01 [INFO    ] forensic.core.build_info (build_info.py:144):     6371d92dc270b9347f85d2d0b371095e  forensic_api/report.py
2026-06-07 18:44:01 [INFO    ] forensic.core.build_info (build_info.py:144):     6cee93e66bfc7f6dc771e0a5c2d3c991  forensic_api/reports.py
2026-06-07 18:44:01 [INFO    ] forensic.core.build_info (build_info.py:144):     e8d2c5367a66158da0388c2b6d46e7d3  forensic_api/search.py
2026-06-07 18:44:01 [INFO    ] forensic.core.build_info (build_info.py:144):     3c6f7613203058c0458338eac2dc72e9  forensic_api/static.py
2026-06-07 18:44:01 [INFO    ] forensic.core.build_info (build_info.py:144):     7486692643ad2fb75e0262ccf906a647  forensic_api/status.py
2026-06-07 18:44:01 [INFO    ] forensic.core.build_info (build_info.py:144):     1ecb25eae003e36a6a32de28cc6aa48f  forensic_api/sync_incoming.py
2026-06-07 18:44:01 [INFO    ] forensic.core.build_info (build_info.py:144):     bc368f902df389e35beeafc17f0eb134  forensic_api/templates_ep.py
2026-06-07 18:44:01 [INFO    ] forensic.core.build_info (build_info.py:144):     f07dd8ba3965137f0e93be096eba3cc5  forensic_api/trace_sequence.py
2026-06-07 18:44:01 [INFO    ] forensic.core.build_info (build_info.py:144):     6e9964ae4fd7f2818bea5baff74d2d48  forensic_api/userinfo.py
2026-06-07 18:44:01 [INFO    ] forensic.core.build_info (build_info.py:144):     ac03dc8f8019230b6d5de5aab0c5b12c  forensic_api/userinfo_data.py
2026-06-07 18:44:01 [INFO    ] forensic.core.build_info (build_info.py:144):     9bdbdc7be233589a10bc4935570803e7  forensic_api/userinfo_static.py
2026-06-07 18:44:01 [INFO    ] forensic.core.build_info (build_info.py:144):     6b4cee54f3d596804768a5ef06db3490  forensic_api/version.py
2026-06-07 18:44:01 [INFO    ] forensic.core.build_info (build_info.py:144):     612c6dc8137ced9b2314fb4be57e6a70  forensic_api/viewport.py
2026-06-07 18:44:01 [INFO    ] forensic.core.build_info (build_info.py:144):     e5208791e708425cf1a494942e8bbd44  forensic_api/windows.py
2026-06-07 18:44:01 [INFO    ] forensic.core.build_info (build_info.py:139):   userinfo/
2026-06-07 18:44:01 [INFO    ] forensic.core.build_info (build_info.py:144):     98e606ba3e75a80563208173a43ed07d  userinfo/annotation_sidebar.js
2026-06-07 18:44:01 [INFO    ] forensic.core.build_info (build_info.py:144):     97b3170d33f39937dd63168a0dba149b  userinfo/comment_thread.js
2026-06-07 18:44:01 [INFO    ] forensic.core.build_info (build_info.py:144):     b65ee930e203ca6d863ab2eba78f02e6  userinfo/debug_events.js
2026-06-07 18:44:01 [INFO    ] forensic.core.build_info (build_info.py:144):     2c826825b2c52e7ce817b296d6048293  userinfo/document_layer.js
2026-06-07 18:44:01 [INFO    ] forensic.core.build_info (build_info.py:144):     fc700f25d69b2bccfb8aefc7dcec60ba  userinfo/editor_bootstrap.js
2026-06-07 18:44:01 [INFO    ] forensic.core.build_info (build_info.py:144):     afa9c584584c55284c0af895739a25bc  userinfo/lock_layer.js
2026-06-07 18:44:01 [INFO    ] forensic.core.build_info (build_info.py:144):     88bd495d79b913c920282856d8a44f35  userinfo/module_panel.js
2026-06-07 18:44:01 [INFO    ] forensic.core.build_info (build_info.py:144):     8374c259ea766060b94af35bab49f961  userinfo/placeholder_chips.js
2026-06-07 18:44:01 [INFO    ] forensic.core.build_info (build_info.py:144):     3a5d01f17877c45027ddc9586e4c8d83  userinfo/placeholder_wizard.js
2026-06-07 18:44:01 [INFO    ] forensic.core.build_info (build_info.py:144):     e49010a802ae10269091f7b31363d461  userinfo/report.css
2026-06-07 18:44:01 [INFO    ] forensic.core.build_info (build_info.py:144):     114ed06c021fd0e589d7e32ec96d415b  userinfo/report.js
2026-06-07 18:44:01 [INFO    ] forensic.core.build_info (build_info.py:144):     d55211762aefe2b4a97464bd36894a03  userinfo/report_editor.js
2026-06-07 18:44:01 [INFO    ] forensic.core.build_info (build_info.py:144):     c843a3b82e95f30fcbb2ac06c7d01a27  userinfo/report_layer.js
2026-06-07 18:44:01 [INFO    ] forensic.core.build_info (build_info.py:144):     19a4f5ff36e3ccc337d02a58b518a4b7  userinfo/sse_layer.js
2026-06-07 18:44:01 [INFO    ] forensic.core.build_info (build_info.py:144):     a0af65cf6bcae5ef6793c72dec97b426  userinfo/userinfo.css
2026-06-07 18:44:01 [INFO    ] forensic.core.build_info (build_info.py:144):     178be6fe1ee70a18f793ebb9bfbba13e  userinfo/userinfo.js
2026-06-07 18:44:01 [INFO    ] forensic.core.build_info (build_info.py:139):   editor/
2026-06-07 18:44:01 [INFO    ] forensic.core.build_info (build_info.py:144):     d41d8cd98f00b204e9800998ecf8427e  editor/__init__.py
2026-06-07 18:44:01 [INFO    ] forensic.core.build_info (build_info.py:144):     6937f1a3a1fec2608183dbdecde5d006  editor/html_renderer.py
2026-06-07 18:44:01 [INFO    ] forensic.core.build_info (build_info.py:139):   toolbar/
2026-06-07 18:44:01 [INFO    ] forensic.core.build_info (build_info.py:144):     82d70e7d1ac771aa1d1573052b6c089b  toolbar/toolbar.css
2026-06-07 18:44:01 [INFO    ] forensic.core.build_info (build_info.py:144):     f5704d22258ece2c9cf6c268410fb491  toolbar/toolbar.js
2026-06-07 18:44:01 [DEBUG   ] forensic.core.build_info (build_info.py:136):   [leer] data/
2026-06-07 18:44:01 [INFO    ] forensic.core.build_info (build_info.py:139):   core/
2026-06-07 18:44:01 [INFO    ] forensic.core.build_info (build_info.py:144):     7927ee36542484c7320d7934218cc7ca  core/__init__.py
2026-06-07 18:44:01 [INFO    ] forensic.core.build_info (build_info.py:144):     139421d80f349dd8d1f7ca0f69b0b827  core/build_info.py
2026-06-07 18:44:01 [INFO    ] forensic.core.build_info (build_info.py:144):     8efc0965c3fb1a2640922bbe95f9eced  core/config_loader.py
2026-06-07 18:44:01 [INFO    ] forensic.core.build_info (build_info.py:144):     d4cf0da5390bc28ab841e955ee797221  core/hosts_manager.py
2026-06-07 18:44:01 [INFO    ] forensic.core.build_info (build_info.py:144):     9e1e6e718de683bad2db3e9946bd6583  core/logger.py
2026-06-07 18:44:01 [INFO    ] forensic.core.build_info (build_info.py:144):     66002a767e40c8988b8943af69e9f065  core/mode_resolver.py
2026-06-07 18:44:01 [INFO    ] forensic.core.build_info (build_info.py:144):     67ba2bef87e31e3e8fc4b684f125c9c2  core/startup_checks.py
2026-06-07 18:44:01 [INFO    ] forensic.core.build_info (build_info.py:144):     dd0ed27c3aaa8aad9ac0060b5f4c475a  core/user_resolver.py
2026-06-07 18:44:01 [INFO    ] forensic.core.build_info (build_info.py:139):   server/
2026-06-07 18:44:01 [INFO    ] forensic.core.build_info (build_info.py:144):     cb1df466eddc44b80558d5b7f9c47a53  server/__init__.py
2026-06-07 18:44:01 [INFO    ] forensic.core.build_info (build_info.py:144):     6557762ffe63c9e5838a7aded8be5a38  server/asset_handler.py
2026-06-07 18:44:01 [INFO    ] forensic.core.build_info (build_info.py:144):     0522a678a9905cbd7ffaa03955485130  server/blob_handler.py
2026-06-07 18:44:01 [INFO    ] forensic.core.build_info (build_info.py:144):     14b08d37a307281bae0c4f9d6a7dd22e  server/head_extractor.py
2026-06-07 18:44:01 [INFO    ] forensic.core.build_info (build_info.py:144):     79d80d36082a370fb466c8160333e5fe  server/http_server.py
2026-06-07 18:44:01 [INFO    ] forensic.core.build_info (build_info.py:144):     ebbf539ef5963d32ccdd499e26c2dc84  server/router.py
2026-06-07 18:44:01 [INFO    ] forensic.core.build_info (build_info.py:144):     2f11a43976926fc9df308c2604585ca3  server/shell_handler.py
2026-06-07 18:44:01 [INFO    ] forensic.core.build_info (build_info.py:139):   static/
2026-06-07 18:44:01 [INFO    ] forensic.core.build_info (build_info.py:144):     bc745390dfecf0edec56cfde0abf0be1  static/editor/bundle_manifest.json
2026-06-07 18:44:01 [INFO    ] forensic.core.build_info (build_info.py:144):     c6c5a4b4615c245c56826dad2c27f1af  static/editor/editor.bundle.js
2026-06-07 18:44:01 [INFO    ] forensic.core.build_info (build_info.py:144):     602170ae2f1d5c003e894f32217a96df  static/vendor/tabulator/tabulator.min.css
2026-06-07 18:44:01 [INFO    ] forensic.core.build_info (build_info.py:144):     0a71453fb151b4ff2392904746c8d8a2  static/vendor/tabulator/tabulator.min.js
2026-06-07 18:44:01 [INFO    ] forensic.core.build_info (build_info.py:156):   d79a2ee75e0bcc764ea44b94c9a3e14e  build.json
2026-06-07 18:44:01 [INFO    ] forensic.core.build_info (build_info.py:159): ======================================================================
2026-06-07 18:44:01 [INFO    ] forensic.core.build_info (build_info.py:160): Prüfsummen ausgegeben: 71 Dateien
2026-06-07 18:44:01 [INFO    ] forensic.core.build_info (build_info.py:161): ======================================================================
2026-06-07 18:44:01 [DEBUG   ] forensic.forensic_api.cross_annotation_integrator (cross_annotation_integrator.py:96): CrossAnnotationIntegrator: keine ausstehenden Eintraege fuer uid=2948078
2026-06-07 18:44:01 [INFO    ] forensic.forensic_api.cross_annotation_integrator (cross_annotation_integrator.py:139): CrossAnnotationIntegrator: Hintergrundpolling gestartet (3600s Intervall)
2026-06-07 18:44:01 [INFO    ] forensic.server.http_server (http_server.py:293): ForensicHTTPServer initialisiert: http://127.0.0.2:8080 (socket-backlog=50, sse-max=20)
2026-06-07 18:44:01 [INFO    ] forensic (main.py:435): Server bereit: http://127.0.0.2:8080 | v0.6.287 Build 287 (2026-06-07)
2026-06-07 18:44:01 [INFO    ] forensic (main.py:440): Ermittlung: user_id=2948078 ('uid_2948078'), Modus='cli'
2026-06-07 18:44:01 [WARNING ] forensic (main.py:445): ⚠  --web-debug aktiv: FORENSIC_DEBUG=true wird an alle Browser-Clients gesendet. Nur für Entwicklung verwenden!
2026-06-07 18:44:01 [INFO    ] forensic (main.py:500): Watchdog gestartet (Intervall: 30s, Dump: 'logs/freeze_dump.txt')
2026-06-07 18:44:01 [INFO    ] forensic.server.http_server (http_server.py:304): Server läuft. Strg+C zum Beenden.
2026-06-07 18:44:06 [DEBUG   ] forensic.server.router (router.py:104): Router: GET /_forensic/report (ajax=False)
2026-06-07 18:44:06 [DEBUG   ] forensic.server.http_server (http_server.py:115): HTTP "GET /_forensic/report HTTP/1.1" 200 -
2026-06-07 18:44:06 [DEBUG   ] forensic.forensic_api.report (report.py:513): /_forensic/report (HTML) ausgeliefert: user_id=2948078
2026-06-07 18:44:07 [DEBUG   ] forensic.server.router (router.py:104): Router: GET /_forensic/userinfo.css (ajax=False)
2026-06-07 18:44:07 [DEBUG   ] forensic.forensic_api.static (static.py:147): Static: '/_forensic/userinfo.css' ausgeliefert (47040 bytes)
2026-06-07 18:44:07 [DEBUG   ] forensic.server.http_server (http_server.py:115): HTTP "GET /_forensic/userinfo.css HTTP/1.1" 200 -
2026-06-07 18:44:07 [DEBUG   ] forensic.server.router (router.py:104): Router: GET /_forensic/report.css (ajax=False)
2026-06-07 18:44:07 [DEBUG   ] forensic.forensic_api.static (static.py:147): Static: '/_forensic/report.css' ausgeliefert (90467 bytes)
2026-06-07 18:44:07 [DEBUG   ] forensic.server.http_server (http_server.py:115): HTTP "GET /_forensic/report.css HTTP/1.1" 200 -
2026-06-07 18:44:07 [DEBUG   ] forensic.server.router (router.py:104): Router: GET /.well-known/appspecific/com.chrome.devtools.json (ajax=False)
2026-06-07 18:44:07 [DEBUG   ] forensic.server.router (router.py:104): Router: GET /_forensic/static/editor/editor.bundle.js (ajax=False)
2026-06-07 18:44:07 [DEBUG   ] forensic.forensic_api.static (static.py:211): Editor-Asset: 'editor.bundle.js' ausgeliefert (367283 bytes)
2026-06-07 18:44:07 [DEBUG   ] forensic.server.http_server (http_server.py:115): HTTP "GET /_forensic/static/editor/editor.bundle.js HTTP/1.1" 200 -
2026-06-07 18:44:07 [DEBUG   ] forensic.server.router (router.py:104): Router: GET /_forensic/debug_events.js (ajax=False)
2026-06-07 18:44:07 [DEBUG   ] forensic.forensic_api.static (static.py:147): Static: '/_forensic/debug_events.js' ausgeliefert (10500 bytes)
2026-06-07 18:44:07 [DEBUG   ] forensic.server.http_server (http_server.py:115): HTTP "GET /_forensic/debug_events.js HTTP/1.1" 200 -
2026-06-07 18:44:07 [DEBUG   ] forensic.server.router (router.py:104): Router: GET /_forensic/placeholder_chips.js (ajax=False)
2026-06-07 18:44:07 [DEBUG   ] forensic.server.router (router.py:104): Router: GET /_forensic/placeholder_wizard.js (ajax=False)
2026-06-07 18:44:07 [DEBUG   ] forensic.server.router (router.py:104): Router: GET /_forensic/module_panel.js (ajax=False)
2026-06-07 18:44:07 [DEBUG   ] forensic.forensic_api.static (static.py:147): Static: '/_forensic/placeholder_chips.js' ausgeliefert (20569 bytes)
2026-06-07 18:44:07 [DEBUG   ] forensic.server.http_server (http_server.py:115): HTTP "GET /_forensic/placeholder_chips.js HTTP/1.1" 200 -
2026-06-07 18:44:07 [DEBUG   ] forensic.forensic_api.static (static.py:147): Static: '/_forensic/module_panel.js' ausgeliefert (56737 bytes)
2026-06-07 18:44:07 [DEBUG   ] forensic.forensic_api.static (static.py:147): Static: '/_forensic/placeholder_wizard.js' ausgeliefert (28398 bytes)
2026-06-07 18:44:07 [DEBUG   ] forensic.server.http_server (http_server.py:115): HTTP "GET /_forensic/module_panel.js HTTP/1.1" 200 -
2026-06-07 18:44:07 [DEBUG   ] forensic.server.http_server (http_server.py:115): HTTP "GET /_forensic/placeholder_wizard.js HTTP/1.1" 200 -
2026-06-07 18:44:07 [DEBUG   ] forensic.server.router (router.py:104): Router: GET /_forensic/annotation_sidebar.js (ajax=False)
2026-06-07 18:44:07 [DEBUG   ] forensic.forensic_api.static (static.py:147): Static: '/_forensic/annotation_sidebar.js' ausgeliefert (34859 bytes)
2026-06-07 18:44:07 [DEBUG   ] forensic.server.http_server (http_server.py:115): HTTP "GET /_forensic/annotation_sidebar.js HTTP/1.1" 200 -
2026-06-07 18:44:07 [DEBUG   ] forensic.server.router (router.py:104): Router: GET /_forensic/comment_thread.js (ajax=False)
2026-06-07 18:44:07 [DEBUG   ] forensic.server.router (router.py:104): Router: GET /_forensic/sse_layer.js (ajax=False)
2026-06-07 18:44:07 [DEBUG   ] forensic.server.router (router.py:104): Router: GET /_forensic/report_layer.js (ajax=False)
2026-06-07 18:44:07 [DEBUG   ] forensic.server.router (router.py:104): Router: GET /_forensic/report_editor.js (ajax=False)
2026-06-07 18:44:07 [DEBUG   ] forensic.forensic_api.static (static.py:147): Static: '/_forensic/sse_layer.js' ausgeliefert (34232 bytes)
2026-06-07 18:44:07 [DEBUG   ] forensic.forensic_api.static (static.py:147): Static: '/_forensic/report_layer.js' ausgeliefert (16624 bytes)
2026-06-07 18:44:07 [DEBUG   ] forensic.server.http_server (http_server.py:115): HTTP "GET /_forensic/report_layer.js HTTP/1.1" 200 -
2026-06-07 18:44:07 [DEBUG   ] forensic.server.http_server (http_server.py:115): HTTP "GET /_forensic/sse_layer.js HTTP/1.1" 200 -
2026-06-07 18:44:07 [DEBUG   ] forensic.forensic_api.static (static.py:147): Static: '/_forensic/comment_thread.js' ausgeliefert (17543 bytes)
2026-06-07 18:44:07 [DEBUG   ] forensic.server.router (router.py:104): Router: GET /_forensic/userinfo.js (ajax=False)
2026-06-07 18:44:07 [DEBUG   ] forensic.forensic_api.static (static.py:147): Static: '/_forensic/report_editor.js' ausgeliefert (172080 bytes)
2026-06-07 18:44:07 [DEBUG   ] forensic.server.http_server (http_server.py:115): HTTP "GET /_forensic/comment_thread.js HTTP/1.1" 200 -
2026-06-07 18:44:07 [DEBUG   ] forensic.server.http_server (http_server.py:115): HTTP "GET /_forensic/report_editor.js HTTP/1.1" 200 -
2026-06-07 18:44:07 [DEBUG   ] forensic.forensic_api.static (static.py:147): Static: '/_forensic/userinfo.js' ausgeliefert (58070 bytes)
2026-06-07 18:44:07 [DEBUG   ] forensic.server.http_server (http_server.py:115): HTTP "GET /_forensic/userinfo.js HTTP/1.1" 200 -
2026-06-07 18:44:07 [DEBUG   ] forensic.server.router (router.py:104): Router: GET /_forensic/lock_layer.js (ajax=False)
2026-06-07 18:44:07 [DEBUG   ] forensic.db.forensic_db (forensic_db.py:264): Seite nicht im Scope: '/.well-known/appspecific/com.chrome.devtools.json' (method=GET)
2026-06-07 18:44:07 [DEBUG   ] forensic.server.shell_handler (shell_handler.py:133): Shell: NOT_IN_SCOPE für '/.well-known/appspecific/com.chrome.devtools.json'
2026-06-07 18:44:07 [DEBUG   ] forensic.server.http_server (http_server.py:115): HTTP "GET /.well-known/appspecific/com.chrome.devtools.json HTTP/1.1" 404 -
2026-06-07 18:44:07 [DEBUG   ] forensic.forensic_api.static (static.py:147): Static: '/_forensic/lock_layer.js' ausgeliefert (31416 bytes)
2026-06-07 18:44:07 [DEBUG   ] forensic.server.http_server (http_server.py:115): HTTP "GET /_forensic/lock_layer.js HTTP/1.1" 200 -
2026-06-07 18:44:07 [DEBUG   ] forensic.server.router (router.py:104): Router: GET /_forensic/document_layer.js (ajax=False)
2026-06-07 18:44:07 [DEBUG   ] forensic.server.router (router.py:104): Router: GET /_forensic/editor_bootstrap.js (ajax=False)
2026-06-07 18:44:07 [DEBUG   ] forensic.forensic_api.static (static.py:147): Static: '/_forensic/document_layer.js' ausgeliefert (23673 bytes)
2026-06-07 18:44:07 [DEBUG   ] forensic.server.http_server (http_server.py:115): HTTP "GET /_forensic/document_layer.js HTTP/1.1" 200 -
2026-06-07 18:44:07 [DEBUG   ] forensic.forensic_api.static (static.py:147): Static: '/_forensic/editor_bootstrap.js' ausgeliefert (11507 bytes)
2026-06-07 18:44:07 [DEBUG   ] forensic.server.http_server (http_server.py:115): HTTP "GET /_forensic/editor_bootstrap.js HTTP/1.1" 200 -
2026-06-07 18:44:07 [DEBUG   ] forensic.server.router (router.py:104): Router: GET /_forensic/static/editor/editor.bundle.js.map (ajax=False)
2026-06-07 18:44:07 [DEBUG   ] forensic.forensic_api.static (static.py:211): Editor-Asset: 'editor.bundle.js.map' ausgeliefert (939250 bytes)
2026-06-07 18:44:07 [DEBUG   ] forensic.server.http_server (http_server.py:115): HTTP "GET /_forensic/static/editor/editor.bundle.js.map HTTP/1.1" 200 -
2026-06-07 18:44:07 [DEBUG   ] forensic.server.router (router.py:104): Router: GET /_forensic/version (ajax=True)
2026-06-07 18:44:07 [DEBUG   ] forensic.server.http_server (http_server.py:115): HTTP "GET /_forensic/version HTTP/1.1" 200 -
2026-06-07 18:44:07 [DEBUG   ] forensic.server.router (router.py:104): Router: POST /_forensic/windows (ajax=True)
2026-06-07 18:44:07 [DEBUG   ] forensic.forensic_api.windows (windows.py:287): /_forensic/windows POST: Fenster 'e2abfb40-fb13-407a-94e9-c0dc3b791e63' (Rolle 'userinfo') registriert
2026-06-07 18:44:07 [DEBUG   ] forensic.server.http_server (http_server.py:115): HTTP "POST /_forensic/windows HTTP/1.1" 200 -
2026-06-07 18:44:07 [DEBUG   ] forensic.server.router (router.py:104): Router: GET /_forensic/events (ajax=False)
2026-06-07 18:44:07 [DEBUG   ] forensic.forensic_api.events (events.py:263): SSE-Preflight: Rolle 'report' frei — 200 OK (kein Stream).
2026-06-07 18:44:07 [DEBUG   ] forensic.server.http_server (http_server.py:115): HTTP "GET /_forensic/events?role=report HTTP/1.1" 200 -
2026-06-07 18:44:07 [DEBUG   ] forensic.server.router (router.py:104): Router: GET /_forensic/events (ajax=False)
2026-06-07 18:44:07 [DEBUG   ] forensic.forensic_api.events (events.py:357): SSE-Rolle 'report' beansprucht: client_id=88a10f78-848d-48d9-bc07-a72c5fae77a9
2026-06-07 18:44:07 [DEBUG   ] forensic.server.http_server (http_server.py:115): HTTP "GET /_forensic/events?role=report HTTP/1.1" 200 -
2026-06-07 18:44:07 [DEBUG   ] forensic.server.router (router.py:104): Router: POST /_forensic/windows (ajax=True)
2026-06-07 18:44:07 [DEBUG   ] forensic.forensic_api.windows (windows.py:287): /_forensic/windows POST: Fenster 'b486fd93-6ef4-4db2-bafa-20c63f515c97' (Rolle 'report') registriert
2026-06-07 18:44:07 [DEBUG   ] forensic.server.http_server (http_server.py:115): HTTP "POST /_forensic/windows HTTP/1.1" 200 -
2026-06-07 18:44:07 [DEBUG   ] forensic.server.router (router.py:104): Router: GET /_forensic/reports (ajax=True)
2026-06-07 18:44:07 [DEBUG   ] forensic.server.http_server (http_server.py:115): HTTP "GET /_forensic/reports HTTP/1.1" 200 -
2026-06-07 18:44:07 [DEBUG   ] forensic.forensic_api.reports (reports.py:91): /_forensic/reports (GET): 1 Berichte ausgeliefert
2026-06-07 18:44:07 [DEBUG   ] forensic.server.router (router.py:104): Router: POST /_forensic/report (ajax=False)
2026-06-07 18:44:07 [INFO    ] forensic.forensic_api.report (report.py:1023): OPENING: 'paul' öffnet Bericht report_id=1
2026-06-07 18:44:07 [DEBUG   ] forensic.server.http_server (http_server.py:115): HTTP "POST /_forensic/report HTTP/1.1" 200 -
2026-06-07 18:44:07 [DEBUG   ] forensic.server.router (router.py:104): Router: POST /_forensic/report (ajax=False)
2026-06-07 18:44:07 [DEBUG   ] forensic.server.http_server (http_server.py:115): HTTP "POST /_forensic/report HTTP/1.1" 200 -
2026-06-07 18:44:07 [INFO    ] forensic.forensic_api.report (report.py:1167): ACQUIRING ok: 'paul' report_id=1
2026-06-07 18:44:07 [DEBUG   ] forensic.server.router (router.py:104): Router: GET /_forensic/annotations (ajax=True)
2026-06-07 18:44:07 [DEBUG   ] forensic.forensic_api.annotations (annotations.py:160): Annotationen geliefert: url='None', count=77
2026-06-07 18:44:07 [DEBUG   ] forensic.server.http_server (http_server.py:115): HTTP "GET /_forensic/annotations HTTP/1.1" 200 -
2026-06-07 18:44:07 [DEBUG   ] forensic.server.router (router.py:104): Router: GET /_forensic/placeholders/values (ajax=True)
2026-06-07 18:44:07 [DEBUG   ] forensic.server.http_server (http_server.py:115): HTTP "GET /_forensic/placeholders/values?report_id=1 HTTP/1.1" 200 -
2026-06-07 18:44:18 [DEBUG   ] forensic.server.router (router.py:104): Router: POST /_forensic/windows (ajax=True)
2026-06-07 18:44:18 [DEBUG   ] forensic.forensic_api.windows (windows.py:287): /_forensic/windows POST: Fenster '28647da4-1b6f-40de-8490-df54938e70d5' (Rolle 'userinfo') registriert
2026-06-07 18:44:18 [DEBUG   ] forensic.server.http_server (http_server.py:115): HTTP "POST /_forensic/windows HTTP/1.1" 200 -
2026-06-07 18:44:31 [DEBUG   ] forensic (main.py:485): Watchdog: Heartbeat (Dump: 'logs/freeze_dump.txt')
2026-06-07 18:44:32 [DEBUG   ] forensic.server.router (router.py:104): Router: POST /_forensic/report (ajax=False)
2026-06-07 18:44:32 [DEBUG   ] forensic.server.http_server (http_server.py:115): HTTP "POST /_forensic/report HTTP/1.1" 201 -
2026-06-07 18:44:32 [INFO    ] forensic.forensic_api.report (report.py:803): save_block: block_id=oCHCBvopA_ report_id=1 type=paragraph von 'paul'
2026-06-07 18:44:32 [DEBUG   ] forensic.server.router (router.py:104): Router: POST /_forensic/report (ajax=False)
2026-06-07 18:44:32 [DEBUG   ] forensic.server.http_server (http_server.py:115): HTTP "POST /_forensic/report HTTP/1.1" 201 -
2026-06-07 18:44:32 [INFO    ] forensic.forensic_api.report (report.py:803): save_block: block_id=PSnO2XY66E report_id=1 type=evidence von 'paul'
2026-06-07 18:44:32 [DEBUG   ] forensic.server.router (router.py:104): Router: POST /_forensic/report (ajax=False)
2026-06-07 18:44:32 [DEBUG   ] forensic.server.http_server (http_server.py:115): HTTP "POST /_forensic/report HTTP/1.1" 201 -
2026-06-07 18:44:32 [INFO    ] forensic.forensic_api.report (report.py:803): save_block: block_id=ijjBIozKWn report_id=1 type=paragraph von 'paul'
2026-06-07 18:44:32 [DEBUG   ] forensic.server.router (router.py:104): Router: POST /_forensic/report (ajax=False)
2026-06-07 18:44:32 [DEBUG   ] forensic.server.http_server (http_server.py:115): HTTP "POST /_forensic/report HTTP/1.1" 200 -
2026-06-07 18:44:32 [DEBUG   ] forensic.server.router (router.py:104): Router: GET /_forensic/report (ajax=True)
2026-06-07 18:44:32 [DEBUG   ] forensic.server.http_server (http_server.py:115): HTTP "GET /_forensic/report?format=json&report_id=1 HTTP/1.1" 200 -
2026-06-07 18:44:32 [DEBUG   ] forensic.server.router (router.py:104): Router: GET /_forensic/placeholders/values (ajax=True)
2026-06-07 18:44:32 [DEBUG   ] forensic.server.http_server (http_server.py:115): HTTP "GET /_forensic/placeholders/values?report_id=1 HTTP/1.1" 200 -
2026-06-07 18:44:43 [DEBUG   ] forensic.server.router (router.py:104): Router: POST /_forensic/windows (ajax=True)
2026-06-07 18:44:43 [DEBUG   ] forensic.forensic_api.windows (windows.py:287): /_forensic/windows POST: Fenster 'e2abfb40-fb13-407a-94e9-c0dc3b791e63' (Rolle 'userinfo') registriert
2026-06-07 18:44:43 [DEBUG   ] forensic.server.http_server (http_server.py:115): HTTP "POST /_forensic/windows HTTP/1.1" 200 -
2026-06-07 18:44:43 [DEBUG   ] forensic.server.router (router.py:104): Router: POST /_forensic/windows (ajax=True)
2026-06-07 18:44:43 [DEBUG   ] forensic.forensic_api.windows (windows.py:287): /_forensic/windows POST: Fenster 'b486fd93-6ef4-4db2-bafa-20c63f515c97' (Rolle 'report') registriert
2026-06-07 18:44:43 [DEBUG   ] forensic.server.http_server (http_server.py:115): HTTP "POST /_forensic/windows HTTP/1.1" 200 -
2026-06-07 18:44:48 [DEBUG   ] forensic.server.router (router.py:104): Router: POST /_forensic/windows (ajax=True)
2026-06-07 18:44:48 [DEBUG   ] forensic.forensic_api.windows (windows.py:287): /_forensic/windows POST: Fenster '28647da4-1b6f-40de-8490-df54938e70d5' (Rolle 'userinfo') registriert
2026-06-07 18:44:48 [DEBUG   ] forensic.server.http_server (http_server.py:115): HTTP "POST /_forensic/windows HTTP/1.1" 200 -
2026-06-07 18:44:50 [DEBUG   ] forensic.server.router (router.py:104): Router: POST /_forensic/windows (ajax=True)
2026-06-07 18:44:50 [DEBUG   ] forensic.forensic_api.windows (windows.py:287): /_forensic/windows POST: Fenster '6c9c384f-d503-449b-a512-06c973b9d079' (Rolle 'main') registriert
2026-06-07 18:44:50 [DEBUG   ] forensic.server.http_server (http_server.py:115): HTTP "POST /_forensic/windows HTTP/1.1" 200 -
2026-06-07 18:44:50 [DEBUG   ] forensic.server.router (router.py:104): Router: POST /_forensic/windows (ajax=True)
2026-06-07 18:44:50 [DEBUG   ] forensic.forensic_api.windows (windows.py:287): /_forensic/windows POST: Fenster 'b1de0a1f-3b7c-4ce1-81c7-a2324ccd5457' (Rolle 'main') registriert
2026-06-07 18:44:50 [DEBUG   ] forensic.server.http_server (http_server.py:115): HTTP "POST /_forensic/windows HTTP/1.1" 200 -
2026-06-07 18:45:01 [DEBUG   ] forensic (main.py:485): Watchdog: Heartbeat (Dump: 'logs/freeze_dump.txt')
2026-06-07 18:45:07 [DEBUG   ] forensic.server.router (router.py:104): Router: POST /_forensic/windows (ajax=True)
2026-06-07 18:45:07 [DEBUG   ] forensic.forensic_api.windows (windows.py:287): /_forensic/windows POST: Fenster 'e2abfb40-fb13-407a-94e9-c0dc3b791e63' (Rolle 'userinfo') registriert
2026-06-07 18:45:07 [DEBUG   ] forensic.server.http_server (http_server.py:115): HTTP "POST /_forensic/windows HTTP/1.1" 200 -
2026-06-07 18:45:07 [DEBUG   ] forensic.server.router (router.py:104): Router: POST /_forensic/windows (ajax=True)
2026-06-07 18:45:07 [DEBUG   ] forensic.forensic_api.windows (windows.py:287): /_forensic/windows POST: Fenster 'b486fd93-6ef4-4db2-bafa-20c63f515c97' (Rolle 'report') registriert
2026-06-07 18:45:07 [DEBUG   ] forensic.server.http_server (http_server.py:115): HTTP "POST /_forensic/windows HTTP/1.1" 200 -
2026-06-07 18:45:18 [DEBUG   ] forensic.server.router (router.py:104): Router: POST /_forensic/windows (ajax=True)
2026-06-07 18:45:18 [DEBUG   ] forensic.forensic_api.windows (windows.py:287): /_forensic/windows POST: Fenster '28647da4-1b6f-40de-8490-df54938e70d5' (Rolle 'userinfo') registriert
2026-06-07 18:45:18 [DEBUG   ] forensic.server.http_server (http_server.py:115): HTTP "POST /_forensic/windows HTTP/1.1" 200 -
2026-06-07 18:45:31 [DEBUG   ] forensic (main.py:485): Watchdog: Heartbeat (Dump: 'logs/freeze_dump.txt')
2026-06-07 18:45:37 [DEBUG   ] forensic.server.router (router.py:104): Router: POST /_forensic/windows (ajax=True)
2026-06-07 18:45:37 [DEBUG   ] forensic.forensic_api.windows (windows.py:287): /_forensic/windows POST: Fenster 'e2abfb40-fb13-407a-94e9-c0dc3b791e63' (Rolle 'userinfo') registriert
2026-06-07 18:45:37 [DEBUG   ] forensic.server.http_server (http_server.py:115): HTTP "POST /_forensic/windows HTTP/1.1" 200 -
2026-06-07 18:45:37 [DEBUG   ] forensic.server.router (router.py:104): Router: POST /_forensic/windows (ajax=True)
2026-06-07 18:45:37 [DEBUG   ] forensic.forensic_api.windows (windows.py:287): /_forensic/windows POST: Fenster 'b486fd93-6ef4-4db2-bafa-20c63f515c97' (Rolle 'report') registriert
2026-06-07 18:45:37 [DEBUG   ] forensic.server.http_server (http_server.py:115): HTTP "POST /_forensic/windows HTTP/1.1" 200 -
2026-06-07 18:45:48 [DEBUG   ] forensic.server.router (router.py:104): Router: POST /_forensic/windows (ajax=True)
2026-06-07 18:45:48 [DEBUG   ] forensic.forensic_api.windows (windows.py:287): /_forensic/windows POST: Fenster '28647da4-1b6f-40de-8490-df54938e70d5' (Rolle 'userinfo') registriert
2026-06-07 18:45:48 [DEBUG   ] forensic.server.http_server (http_server.py:115): HTTP "POST /_forensic/windows HTTP/1.1" 200 -
2026-06-07 18:45:50 [DEBUG   ] forensic.server.router (router.py:104): Router: POST /_forensic/windows (ajax=True)
2026-06-07 18:45:50 [DEBUG   ] forensic.forensic_api.windows (windows.py:287): /_forensic/windows POST: Fenster 'b1de0a1f-3b7c-4ce1-81c7-a2324ccd5457' (Rolle 'main') registriert
2026-06-07 18:45:50 [DEBUG   ] forensic.server.http_server (http_server.py:115): HTTP "POST /_forensic/windows HTTP/1.1" 200 -
2026-06-07 18:45:50 [DEBUG   ] forensic.server.router (router.py:104): Router: POST /_forensic/windows (ajax=True)
2026-06-07 18:45:50 [DEBUG   ] forensic.forensic_api.windows (windows.py:287): /_forensic/windows POST: Fenster '6c9c384f-d503-449b-a512-06c973b9d079' (Rolle 'main') registriert
2026-06-07 18:45:50 [DEBUG   ] forensic.server.http_server (http_server.py:115): HTTP "POST /_forensic/windows HTTP/1.1" 200 -
2026-06-07 18:46:01 [DEBUG   ] forensic (main.py:485): Watchdog: Heartbeat (Dump: 'logs/freeze_dump.txt')
2026-06-07 18:46:07 [DEBUG   ] forensic.server.router (router.py:104): Router: POST /_forensic/windows (ajax=True)
2026-06-07 18:46:07 [DEBUG   ] forensic.forensic_api.windows (windows.py:287): /_forensic/windows POST: Fenster 'e2abfb40-fb13-407a-94e9-c0dc3b791e63' (Rolle 'userinfo') registriert
2026-06-07 18:46:07 [DEBUG   ] forensic.server.http_server (http_server.py:115): HTTP "POST /_forensic/windows HTTP/1.1" 200 -
2026-06-07 18:46:07 [DEBUG   ] forensic.server.router (router.py:104): Router: POST /_forensic/windows (ajax=True)
2026-06-07 18:46:07 [DEBUG   ] forensic.forensic_api.windows (windows.py:287): /_forensic/windows POST: Fenster 'b486fd93-6ef4-4db2-bafa-20c63f515c97' (Rolle 'report') registriert
2026-06-07 18:46:07 [DEBUG   ] forensic.server.http_server (http_server.py:115): HTTP "POST /_forensic/windows HTTP/1.1" 200 -
2026-06-07 18:46:18 [DEBUG   ] forensic.server.router (router.py:104): Router: POST /_forensic/windows (ajax=True)
2026-06-07 18:46:18 [DEBUG   ] forensic.forensic_api.windows (windows.py:287): /_forensic/windows POST: Fenster '28647da4-1b6f-40de-8490-df54938e70d5' (Rolle 'userinfo') registriert
2026-06-07 18:46:18 [DEBUG   ] forensic.server.http_server (http_server.py:115): HTTP "POST /_forensic/windows HTTP/1.1" 200 -
2026-06-07 18:46:31 [DEBUG   ] forensic (main.py:485): Watchdog: Heartbeat (Dump: 'logs/freeze_dump.txt')
2026-06-07 18:46:37 [DEBUG   ] forensic.server.router (router.py:104): Router: POST /_forensic/windows (ajax=True)
2026-06-07 18:46:37 [DEBUG   ] forensic.forensic_api.windows (windows.py:287): /_forensic/windows POST: Fenster 'e2abfb40-fb13-407a-94e9-c0dc3b791e63' (Rolle 'userinfo') registriert
2026-06-07 18:46:37 [DEBUG   ] forensic.server.http_server (http_server.py:115): HTTP "POST /_forensic/windows HTTP/1.1" 200 -
2026-06-07 18:46:37 [DEBUG   ] forensic.server.router (router.py:104): Router: POST /_forensic/windows (ajax=True)
2026-06-07 18:46:37 [DEBUG   ] forensic.forensic_api.windows (windows.py:287): /_forensic/windows POST: Fenster 'b486fd93-6ef4-4db2-bafa-20c63f515c97' (Rolle 'report') registriert
2026-06-07 18:46:37 [DEBUG   ] forensic.server.http_server (http_server.py:115): HTTP "POST /_forensic/windows HTTP/1.1" 200 -
2026-06-07 18:46:48 [DEBUG   ] forensic.server.router (router.py:104): Router: POST /_forensic/windows (ajax=True)
2026-06-07 18:46:48 [DEBUG   ] forensic.forensic_api.windows (windows.py:287): /_forensic/windows POST: Fenster '28647da4-1b6f-40de-8490-df54938e70d5' (Rolle 'userinfo') registriert
2026-06-07 18:46:48 [DEBUG   ] forensic.server.http_server (http_server.py:115): HTTP "POST /_forensic/windows HTTP/1.1" 200 -
2026-06-07 18:46:50 [DEBUG   ] forensic.server.router (router.py:104): Router: POST /_forensic/windows (ajax=True)
2026-06-07 18:46:50 [DEBUG   ] forensic.forensic_api.windows (windows.py:287): /_forensic/windows POST: Fenster '6c9c384f-d503-449b-a512-06c973b9d079' (Rolle 'main') registriert
2026-06-07 18:46:50 [DEBUG   ] forensic.server.http_server (http_server.py:115): HTTP "POST /_forensic/windows HTTP/1.1" 200 -
2026-06-07 18:46:50 [DEBUG   ] forensic.server.router (router.py:104): Router: POST /_forensic/windows (ajax=True)
2026-06-07 18:46:50 [DEBUG   ] forensic.forensic_api.windows (windows.py:287): /_forensic/windows POST: Fenster 'b1de0a1f-3b7c-4ce1-81c7-a2324ccd5457' (Rolle 'main') registriert
2026-06-07 18:46:50 [DEBUG   ] forensic.server.http_server (http_server.py:115): HTTP "POST /_forensic/windows HTTP/1.1" 200 -
2026-06-07 18:47:01 [DEBUG   ] forensic (main.py:485): Watchdog: Heartbeat (Dump: 'logs/freeze_dump.txt')
2026-06-07 18:47:07 [DEBUG   ] forensic.server.router (router.py:104): Router: POST /_forensic/windows (ajax=True)
2026-06-07 18:47:07 [DEBUG   ] forensic.forensic_api.windows (windows.py:287): /_forensic/windows POST: Fenster 'e2abfb40-fb13-407a-94e9-c0dc3b791e63' (Rolle 'userinfo') registriert
2026-06-07 18:47:07 [DEBUG   ] forensic.server.http_server (http_server.py:115): HTTP "POST /_forensic/windows HTTP/1.1" 200 -
2026-06-07 18:47:07 [DEBUG   ] forensic.server.router (router.py:104): Router: POST /_forensic/windows (ajax=True)
2026-06-07 18:47:07 [DEBUG   ] forensic.forensic_api.windows (windows.py:287): /_forensic/windows POST: Fenster 'b486fd93-6ef4-4db2-bafa-20c63f515c97' (Rolle 'report') registriert
2026-06-07 18:47:07 [DEBUG   ] forensic.server.http_server (http_server.py:115): HTTP "POST /_forensic/windows HTTP/1.1" 200 -
2026-06-07 18:47:18 [DEBUG   ] forensic.server.router (router.py:104): Router: POST /_forensic/windows (ajax=True)
2026-06-07 18:47:18 [DEBUG   ] forensic.forensic_api.windows (windows.py:287): /_forensic/windows POST: Fenster '28647da4-1b6f-40de-8490-df54938e70d5' (Rolle 'userinfo') registriert
2026-06-07 18:47:18 [DEBUG   ] forensic.server.http_server (http_server.py:115): HTTP "POST /_forensic/windows HTTP/1.1" 200 -
2026-06-07 18:47:31 [DEBUG   ] forensic (main.py:485): Watchdog: Heartbeat (Dump: 'logs/freeze_dump.txt')
2026-06-07 18:47:37 [DEBUG   ] forensic.server.router (router.py:104): Router: POST /_forensic/windows (ajax=True)
2026-06-07 18:47:37 [DEBUG   ] forensic.forensic_api.windows (windows.py:287): /_forensic/windows POST: Fenster 'e2abfb40-fb13-407a-94e9-c0dc3b791e63' (Rolle 'userinfo') registriert
2026-06-07 18:47:37 [DEBUG   ] forensic.server.http_server (http_server.py:115): HTTP "POST /_forensic/windows HTTP/1.1" 200 -
2026-06-07 18:47:37 [DEBUG   ] forensic.server.router (router.py:104): Router: POST /_forensic/windows (ajax=True)
2026-06-07 18:47:37 [DEBUG   ] forensic.forensic_api.windows (windows.py:287): /_forensic/windows POST: Fenster 'b486fd93-6ef4-4db2-bafa-20c63f515c97' (Rolle 'report') registriert
2026-06-07 18:47:37 [DEBUG   ] forensic.server.http_server (http_server.py:115): HTTP "POST /_forensic/windows HTTP/1.1" 200 -
2026-06-07 18:47:48 [DEBUG   ] forensic.server.router (router.py:104): Router: POST /_forensic/windows (ajax=True)
2026-06-07 18:47:48 [DEBUG   ] forensic.forensic_api.windows (windows.py:287): /_forensic/windows POST: Fenster '28647da4-1b6f-40de-8490-df54938e70d5' (Rolle 'userinfo') registriert
2026-06-07 18:47:48 [DEBUG   ] forensic.server.http_server (http_server.py:115): HTTP "POST /_forensic/windows HTTP/1.1" 200 -
2026-06-07 18:47:50 [DEBUG   ] forensic.server.router (router.py:104): Router: POST /_forensic/windows (ajax=True)
2026-06-07 18:47:50 [DEBUG   ] forensic.forensic_api.windows (windows.py:287): /_forensic/windows POST: Fenster '6c9c384f-d503-449b-a512-06c973b9d079' (Rolle 'main') registriert
2026-06-07 18:47:50 [DEBUG   ] forensic.server.http_server (http_server.py:115): HTTP "POST /_forensic/windows HTTP/1.1" 200 -
2026-06-07 18:47:50 [DEBUG   ] forensic.server.router (router.py:104): Router: POST /_forensic/windows (ajax=True)
2026-06-07 18:47:50 [DEBUG   ] forensic.forensic_api.windows (windows.py:287): /_forensic/windows POST: Fenster 'b1de0a1f-3b7c-4ce1-81c7-a2324ccd5457' (Rolle 'main') registriert
2026-06-07 18:47:50 [DEBUG   ] forensic.server.http_server (http_server.py:115): HTTP "POST /_forensic/windows HTTP/1.1" 200 -
2026-06-07 18:48:01 [DEBUG   ] forensic (main.py:485): Watchdog: Heartbeat (Dump: 'logs/freeze_dump.txt')
2026-06-07 18:48:07 [DEBUG   ] forensic.server.router (router.py:104): Router: POST /_forensic/windows (ajax=True)
2026-06-07 18:48:07 [DEBUG   ] forensic.forensic_api.windows (windows.py:287): /_forensic/windows POST: Fenster 'e2abfb40-fb13-407a-94e9-c0dc3b791e63' (Rolle 'userinfo') registriert
2026-06-07 18:48:07 [DEBUG   ] forensic.server.http_server (http_server.py:115): HTTP "POST /_forensic/windows HTTP/1.1" 200 -
2026-06-07 18:48:07 [DEBUG   ] forensic.server.router (router.py:104): Router: POST /_forensic/windows (ajax=True)
2026-06-07 18:48:07 [DEBUG   ] forensic.forensic_api.windows (windows.py:287): /_forensic/windows POST: Fenster 'b486fd93-6ef4-4db2-bafa-20c63f515c97' (Rolle 'report') registriert
2026-06-07 18:48:07 [DEBUG   ] forensic.server.http_server (http_server.py:115): HTTP "POST /_forensic/windows HTTP/1.1" 200 -
2026-06-07 18:48:18 [DEBUG   ] forensic.server.router (router.py:104): Router: POST /_forensic/windows (ajax=True)
2026-06-07 18:48:18 [DEBUG   ] forensic.forensic_api.windows (windows.py:287): /_forensic/windows POST: Fenster '28647da4-1b6f-40de-8490-df54938e70d5' (Rolle 'userinfo') registriert
2026-06-07 18:48:18 [DEBUG   ] forensic.server.http_server (http_server.py:115): HTTP "POST /_forensic/windows HTTP/1.1" 200 -
2026-06-07 18:48:31 [DEBUG   ] forensic (main.py:485): Watchdog: Heartbeat (Dump: 'logs/freeze_dump.txt')
2026-06-07 18:48:37 [DEBUG   ] forensic.server.router (router.py:104): Router: POST /_forensic/windows (ajax=True)
2026-06-07 18:48:37 [DEBUG   ] forensic.forensic_api.windows (windows.py:287): /_forensic/windows POST: Fenster 'e2abfb40-fb13-407a-94e9-c0dc3b791e63' (Rolle 'userinfo') registriert
2026-06-07 18:48:37 [DEBUG   ] forensic.server.http_server (http_server.py:115): HTTP "POST /_forensic/windows HTTP/1.1" 200 -
2026-06-07 18:48:37 [DEBUG   ] forensic.server.router (router.py:104): Router: POST /_forensic/windows (ajax=True)
2026-06-07 18:48:37 [DEBUG   ] forensic.forensic_api.windows (windows.py:287): /_forensic/windows POST: Fenster 'b486fd93-6ef4-4db2-bafa-20c63f515c97' (Rolle 'report') registriert
2026-06-07 18:48:37 [DEBUG   ] forensic.server.http_server (http_server.py:115): HTTP "POST /_forensic/windows HTTP/1.1" 200 -
2026-06-07 18:48:48 [DEBUG   ] forensic.server.router (router.py:104): Router: POST /_forensic/windows (ajax=True)
2026-06-07 18:48:48 [DEBUG   ] forensic.forensic_api.windows (windows.py:287): /_forensic/windows POST: Fenster '28647da4-1b6f-40de-8490-df54938e70d5' (Rolle 'userinfo') registriert
2026-06-07 18:48:48 [DEBUG   ] forensic.server.http_server (http_server.py:115): HTTP "POST /_forensic/windows HTTP/1.1" 200 -
2026-06-07 18:48:50 [DEBUG   ] forensic.server.router (router.py:104): Router: POST /_forensic/windows (ajax=True)
2026-06-07 18:48:50 [DEBUG   ] forensic.forensic_api.windows (windows.py:287): /_forensic/windows POST: Fenster '6c9c384f-d503-449b-a512-06c973b9d079' (Rolle 'main') registriert
2026-06-07 18:48:50 [DEBUG   ] forensic.server.http_server (http_server.py:115): HTTP "POST /_forensic/windows HTTP/1.1" 200 -
2026-06-07 18:48:50 [DEBUG   ] forensic.server.router (router.py:104): Router: POST /_forensic/windows (ajax=True)
2026-06-07 18:48:50 [DEBUG   ] forensic.forensic_api.windows (windows.py:287): /_forensic/windows POST: Fenster 'b1de0a1f-3b7c-4ce1-81c7-a2324ccd5457' (Rolle 'main') registriert
2026-06-07 18:48:50 [DEBUG   ] forensic.server.http_server (http_server.py:115): HTTP "POST /_forensic/windows HTTP/1.1" 200 -
2026-06-07 18:49:01 [DEBUG   ] forensic (main.py:485): Watchdog: Heartbeat (Dump: 'logs/freeze_dump.txt')
2026-06-07 18:49:07 [DEBUG   ] forensic.server.router (router.py:104): Router: POST /_forensic/windows (ajax=True)
2026-06-07 18:49:07 [DEBUG   ] forensic.forensic_api.windows (windows.py:287): /_forensic/windows POST: Fenster 'e2abfb40-fb13-407a-94e9-c0dc3b791e63' (Rolle 'userinfo') registriert
2026-06-07 18:49:07 [DEBUG   ] forensic.server.http_server (http_server.py:115): HTTP "POST /_forensic/windows HTTP/1.1" 200 -
2026-06-07 18:49:07 [DEBUG   ] forensic.server.router (router.py:104): Router: POST /_forensic/windows (ajax=True)
2026-06-07 18:49:07 [DEBUG   ] forensic.forensic_api.windows (windows.py:287): /_forensic/windows POST: Fenster 'b486fd93-6ef4-4db2-bafa-20c63f515c97' (Rolle 'report') registriert
2026-06-07 18:49:07 [DEBUG   ] forensic.server.http_server (http_server.py:115): HTTP "POST /_forensic/windows HTTP/1.1" 200 -
2026-06-07 18:49:18 [DEBUG   ] forensic.server.router (router.py:104): Router: POST /_forensic/windows (ajax=True)
2026-06-07 18:49:18 [DEBUG   ] forensic.forensic_api.windows (windows.py:287): /_forensic/windows POST: Fenster '28647da4-1b6f-40de-8490-df54938e70d5' (Rolle 'userinfo') registriert
2026-06-07 18:49:18 [DEBUG   ] forensic.server.http_server (http_server.py:115): HTTP "POST /_forensic/windows HTTP/1.1" 200 -
2026-06-07 18:49:31 [DEBUG   ] forensic (main.py:485): Watchdog: Heartbeat (Dump: 'logs/freeze_dump.txt')
2026-06-07 18:49:37 [DEBUG   ] forensic.server.router (router.py:104): Router: POST /_forensic/windows (ajax=True)
2026-06-07 18:49:37 [DEBUG   ] forensic.forensic_api.windows (windows.py:287): /_forensic/windows POST: Fenster 'e2abfb40-fb13-407a-94e9-c0dc3b791e63' (Rolle 'userinfo') registriert
2026-06-07 18:49:37 [DEBUG   ] forensic.server.http_server (http_server.py:115): HTTP "POST /_forensic/windows HTTP/1.1" 200 -
2026-06-07 18:49:37 [DEBUG   ] forensic.server.router (router.py:104): Router: POST /_forensic/windows (ajax=True)
2026-06-07 18:49:37 [DEBUG   ] forensic.forensic_api.windows (windows.py:287): /_forensic/windows POST: Fenster 'b486fd93-6ef4-4db2-bafa-20c63f515c97' (Rolle 'report') registriert
2026-06-07 18:49:37 [DEBUG   ] forensic.server.http_server (http_server.py:115): HTTP "POST /_forensic/windows HTTP/1.1" 200 -
2026-06-07 18:49:48 [DEBUG   ] forensic.server.router (router.py:104): Router: POST /_forensic/windows (ajax=True)
2026-06-07 18:49:48 [DEBUG   ] forensic.forensic_api.windows (windows.py:287): /_forensic/windows POST: Fenster '28647da4-1b6f-40de-8490-df54938e70d5' (Rolle 'userinfo') registriert
2026-06-07 18:49:48 [DEBUG   ] forensic.server.http_server (http_server.py:115): HTTP "POST /_forensic/windows HTTP/1.1" 200 -
2026-06-07 18:49:50 [DEBUG   ] forensic.server.router (router.py:104): Router: POST /_forensic/windows (ajax=True)
2026-06-07 18:49:50 [DEBUG   ] forensic.forensic_api.windows (windows.py:287): /_forensic/windows POST: Fenster '6c9c384f-d503-449b-a512-06c973b9d079' (Rolle 'main') registriert
2026-06-07 18:49:50 [DEBUG   ] forensic.server.http_server (http_server.py:115): HTTP "POST /_forensic/windows HTTP/1.1" 200 -
2026-06-07 18:49:50 [DEBUG   ] forensic.server.router (router.py:104): Router: POST /_forensic/windows (ajax=True)
2026-06-07 18:49:50 [DEBUG   ] forensic.forensic_api.windows (windows.py:287): /_forensic/windows POST: Fenster 'b1de0a1f-3b7c-4ce1-81c7-a2324ccd5457' (Rolle 'main') registriert
2026-06-07 18:49:50 [DEBUG   ] forensic.server.http_server (http_server.py:115): HTTP "POST /_forensic/windows HTTP/1.1" 200 -
2026-06-07 18:50:01 [DEBUG   ] forensic (main.py:485): Watchdog: Heartbeat (Dump: 'logs/freeze_dump.txt')
2026-06-07 18:50:07 [DEBUG   ] forensic.server.router (router.py:104): Router: POST /_forensic/windows (ajax=True)
2026-06-07 18:50:07 [DEBUG   ] forensic.forensic_api.windows (windows.py:287): /_forensic/windows POST: Fenster 'e2abfb40-fb13-407a-94e9-c0dc3b791e63' (Rolle 'userinfo') registriert
2026-06-07 18:50:07 [DEBUG   ] forensic.server.http_server (http_server.py:115): HTTP "POST /_forensic/windows HTTP/1.1" 200 -
2026-06-07 18:50:07 [DEBUG   ] forensic.server.router (router.py:104): Router: POST /_forensic/windows (ajax=True)
2026-06-07 18:50:07 [DEBUG   ] forensic.forensic_api.windows (windows.py:287): /_forensic/windows POST: Fenster 'b486fd93-6ef4-4db2-bafa-20c63f515c97' (Rolle 'report') registriert
2026-06-07 18:50:07 [DEBUG   ] forensic.server.http_server (http_server.py:115): HTTP "POST /_forensic/windows HTTP/1.1" 200 -
2026-06-07 18:50:18 [DEBUG   ] forensic.server.router (router.py:104): Router: POST /_forensic/windows (ajax=True)
2026-06-07 18:50:18 [DEBUG   ] forensic.forensic_api.windows (windows.py:287): /_forensic/windows POST: Fenster '28647da4-1b6f-40de-8490-df54938e70d5' (Rolle 'userinfo') registriert
2026-06-07 18:50:18 [DEBUG   ] forensic.server.http_server (http_server.py:115): HTTP "POST /_forensic/windows HTTP/1.1" 200 -
2026-06-07 18:50:31 [DEBUG   ] forensic (main.py:485): Watchdog: Heartbeat (Dump: 'logs/freeze_dump.txt')
2026-06-07 18:50:37 [DEBUG   ] forensic.server.router (router.py:104): Router: POST /_forensic/windows (ajax=True)
2026-06-07 18:50:37 [DEBUG   ] forensic.forensic_api.windows (windows.py:287): /_forensic/windows POST: Fenster 'e2abfb40-fb13-407a-94e9-c0dc3b791e63' (Rolle 'userinfo') registriert
2026-06-07 18:50:37 [DEBUG   ] forensic.server.http_server (http_server.py:115): HTTP "POST /_forensic/windows HTTP/1.1" 200 -
2026-06-07 18:50:37 [DEBUG   ] forensic.server.router (router.py:104): Router: POST /_forensic/windows (ajax=True)
2026-06-07 18:50:37 [DEBUG   ] forensic.forensic_api.windows (windows.py:287): /_forensic/windows POST: Fenster 'b486fd93-6ef4-4db2-bafa-20c63f515c97' (Rolle 'report') registriert
2026-06-07 18:50:37 [DEBUG   ] forensic.server.http_server (http_server.py:115): HTTP "POST /_forensic/windows HTTP/1.1" 200 -
2026-06-07 18:50:48 [DEBUG   ] forensic.server.router (router.py:104): Router: POST /_forensic/windows (ajax=True)
2026-06-07 18:50:48 [DEBUG   ] forensic.forensic_api.windows (windows.py:287): /_forensic/windows POST: Fenster '28647da4-1b6f-40de-8490-df54938e70d5' (Rolle 'userinfo') registriert
2026-06-07 18:50:48 [DEBUG   ] forensic.server.http_server (http_server.py:115): HTTP "POST /_forensic/windows HTTP/1.1" 200 -
2026-06-07 18:50:50 [DEBUG   ] forensic.server.router (router.py:104): Router: POST /_forensic/windows (ajax=True)
2026-06-07 18:50:50 [DEBUG   ] forensic.forensic_api.windows (windows.py:287): /_forensic/windows POST: Fenster 'b1de0a1f-3b7c-4ce1-81c7-a2324ccd5457' (Rolle 'main') registriert
2026-06-07 18:50:50 [DEBUG   ] forensic.server.http_server (http_server.py:115): HTTP "POST /_forensic/windows HTTP/1.1" 200 -
2026-06-07 18:50:50 [DEBUG   ] forensic.server.router (router.py:104): Router: POST /_forensic/windows (ajax=True)
2026-06-07 18:50:50 [DEBUG   ] forensic.forensic_api.windows (windows.py:287): /_forensic/windows POST: Fenster '6c9c384f-d503-449b-a512-06c973b9d079' (Rolle 'main') registriert
2026-06-07 18:50:50 [DEBUG   ] forensic.server.http_server (http_server.py:115): HTTP "POST /_forensic/windows HTTP/1.1" 200 -
2026-06-07 18:51:01 [DEBUG   ] forensic (main.py:485): Watchdog: Heartbeat (Dump: 'logs/freeze_dump.txt')
2026-06-07 18:51:07 [DEBUG   ] forensic.server.router (router.py:104): Router: POST /_forensic/windows (ajax=True)
2026-06-07 18:51:07 [DEBUG   ] forensic.forensic_api.windows (windows.py:287): /_forensic/windows POST: Fenster 'e2abfb40-fb13-407a-94e9-c0dc3b791e63' (Rolle 'userinfo') registriert
2026-06-07 18:51:07 [DEBUG   ] forensic.server.http_server (http_server.py:115): HTTP "POST /_forensic/windows HTTP/1.1" 200 -
2026-06-07 18:51:07 [DEBUG   ] forensic.server.router (router.py:104): Router: POST /_forensic/windows (ajax=True)
2026-06-07 18:51:07 [DEBUG   ] forensic.forensic_api.windows (windows.py:287): /_forensic/windows POST: Fenster 'b486fd93-6ef4-4db2-bafa-20c63f515c97' (Rolle 'report') registriert
2026-06-07 18:51:07 [DEBUG   ] forensic.server.http_server (http_server.py:115): HTTP "POST /_forensic/windows HTTP/1.1" 200 -
2026-06-07 18:51:18 [DEBUG   ] forensic.server.router (router.py:104): Router: POST /_forensic/windows (ajax=True)
2026-06-07 18:51:18 [DEBUG   ] forensic.forensic_api.windows (windows.py:287): /_forensic/windows POST: Fenster '28647da4-1b6f-40de-8490-df54938e70d5' (Rolle 'userinfo') registriert
2026-06-07 18:51:18 [DEBUG   ] forensic.server.http_server (http_server.py:115): HTTP "POST /_forensic/windows HTTP/1.1" 200 -
2026-06-07 18:51:31 [DEBUG   ] forensic (main.py:485): Watchdog: Heartbeat (Dump: 'logs/freeze_dump.txt')
2026-06-07 18:51:37 [DEBUG   ] forensic.server.router (router.py:104): Router: POST /_forensic/windows (ajax=True)
2026-06-07 18:51:37 [DEBUG   ] forensic.forensic_api.windows (windows.py:287): /_forensic/windows POST: Fenster 'e2abfb40-fb13-407a-94e9-c0dc3b791e63' (Rolle 'userinfo') registriert
2026-06-07 18:51:37 [DEBUG   ] forensic.server.http_server (http_server.py:115): HTTP "POST /_forensic/windows HTTP/1.1" 200 -
2026-06-07 18:51:37 [DEBUG   ] forensic.server.router (router.py:104): Router: POST /_forensic/windows (ajax=True)
2026-06-07 18:51:37 [DEBUG   ] forensic.forensic_api.windows (windows.py:287): /_forensic/windows POST: Fenster 'b486fd93-6ef4-4db2-bafa-20c63f515c97' (Rolle 'report') registriert
2026-06-07 18:51:37 [DEBUG   ] forensic.server.http_server (http_server.py:115): HTTP "POST /_forensic/windows HTTP/1.1" 200 -
2026-06-07 18:51:48 [DEBUG   ] forensic.server.router (router.py:104): Router: POST /_forensic/windows (ajax=True)
2026-06-07 18:51:48 [DEBUG   ] forensic.forensic_api.windows (windows.py:287): /_forensic/windows POST: Fenster '28647da4-1b6f-40de-8490-df54938e70d5' (Rolle 'userinfo') registriert
2026-06-07 18:51:48 [DEBUG   ] forensic.server.http_server (http_server.py:115): HTTP "POST /_forensic/windows HTTP/1.1" 200 -
2026-06-07 18:51:50 [DEBUG   ] forensic.server.router (router.py:104): Router: POST /_forensic/windows (ajax=True)
2026-06-07 18:51:50 [DEBUG   ] forensic.forensic_api.windows (windows.py:287): /_forensic/windows POST: Fenster '6c9c384f-d503-449b-a512-06c973b9d079' (Rolle 'main') registriert
2026-06-07 18:51:50 [DEBUG   ] forensic.server.http_server (http_server.py:115): HTTP "POST /_forensic/windows HTTP/1.1" 200 -
2026-06-07 18:51:50 [DEBUG   ] forensic.server.router (router.py:104): Router: POST /_forensic/windows (ajax=True)
2026-06-07 18:51:50 [DEBUG   ] forensic.forensic_api.windows (windows.py:287): /_forensic/windows POST: Fenster 'b1de0a1f-3b7c-4ce1-81c7-a2324ccd5457' (Rolle 'main') registriert
2026-06-07 18:51:50 [DEBUG   ] forensic.server.http_server (http_server.py:115): HTTP "POST /_forensic/windows HTTP/1.1" 200 -
2026-06-07 18:52:01 [DEBUG   ] forensic (main.py:485): Watchdog: Heartbeat (Dump: 'logs/freeze_dump.txt')
2026-06-07 18:52:07 [DEBUG   ] forensic.server.router (router.py:104): Router: POST /_forensic/windows (ajax=True)
2026-06-07 18:52:07 [DEBUG   ] forensic.forensic_api.windows (windows.py:287): /_forensic/windows POST: Fenster 'e2abfb40-fb13-407a-94e9-c0dc3b791e63' (Rolle 'userinfo') registriert
2026-06-07 18:52:07 [DEBUG   ] forensic.server.http_server (http_server.py:115): HTTP "POST /_forensic/windows HTTP/1.1" 200 -
2026-06-07 18:52:07 [DEBUG   ] forensic.server.router (router.py:104): Router: POST /_forensic/windows (ajax=True)
2026-06-07 18:52:07 [DEBUG   ] forensic.forensic_api.windows (windows.py:287): /_forensic/windows POST: Fenster 'b486fd93-6ef4-4db2-bafa-20c63f515c97' (Rolle 'report') registriert
2026-06-07 18:52:07 [DEBUG   ] forensic.server.http_server (http_server.py:115): HTTP "POST /_forensic/windows HTTP/1.1" 200 -
2026-06-07 18:52:18 [DEBUG   ] forensic.server.router (router.py:104): Router: POST /_forensic/windows (ajax=True)
2026-06-07 18:52:18 [DEBUG   ] forensic.forensic_api.windows (windows.py:287): /_forensic/windows POST: Fenster '28647da4-1b6f-40de-8490-df54938e70d5' (Rolle 'userinfo') registriert
2026-06-07 18:52:18 [DEBUG   ] forensic.server.http_server (http_server.py:115): HTTP "POST /_forensic/windows HTTP/1.1" 200 -
2026-06-07 18:52:31 [DEBUG   ] forensic (main.py:485): Watchdog: Heartbeat (Dump: 'logs/freeze_dump.txt')
2026-06-07 18:52:37 [DEBUG   ] forensic.server.router (router.py:104): Router: POST /_forensic/windows (ajax=True)
2026-06-07 18:52:37 [DEBUG   ] forensic.forensic_api.windows (windows.py:287): /_forensic/windows POST: Fenster 'e2abfb40-fb13-407a-94e9-c0dc3b791e63' (Rolle 'userinfo') registriert
2026-06-07 18:52:37 [DEBUG   ] forensic.server.http_server (http_server.py:115): HTTP "POST /_forensic/windows HTTP/1.1" 200 -
2026-06-07 18:52:37 [DEBUG   ] forensic.server.router (router.py:104): Router: POST /_forensic/windows (ajax=True)
2026-06-07 18:52:37 [DEBUG   ] forensic.forensic_api.windows (windows.py:287): /_forensic/windows POST: Fenster 'b486fd93-6ef4-4db2-bafa-20c63f515c97' (Rolle 'report') registriert
2026-06-07 18:52:37 [DEBUG   ] forensic.server.http_server (http_server.py:115): HTTP "POST /_forensic/windows HTTP/1.1" 200 -
2026-06-07 18:52:48 [DEBUG   ] forensic.server.router (router.py:104): Router: POST /_forensic/windows (ajax=True)
2026-06-07 18:52:48 [DEBUG   ] forensic.forensic_api.windows (windows.py:287): /_forensic/windows POST: Fenster '28647da4-1b6f-40de-8490-df54938e70d5' (Rolle 'userinfo') registriert
2026-06-07 18:52:48 [DEBUG   ] forensic.server.http_server (http_server.py:115): HTTP "POST /_forensic/windows HTTP/1.1" 200 -
2026-06-07 18:52:50 [DEBUG   ] forensic.server.router (router.py:104): Router: POST /_forensic/windows (ajax=True)
2026-06-07 18:52:50 [DEBUG   ] forensic.forensic_api.windows (windows.py:287): /_forensic/windows POST: Fenster '6c9c384f-d503-449b-a512-06c973b9d079' (Rolle 'main') registriert
2026-06-07 18:52:50 [DEBUG   ] forensic.server.http_server (http_server.py:115): HTTP "POST /_forensic/windows HTTP/1.1" 200 -
2026-06-07 18:52:50 [DEBUG   ] forensic.server.router (router.py:104): Router: POST /_forensic/windows (ajax=True)
2026-06-07 18:52:50 [DEBUG   ] forensic.forensic_api.windows (windows.py:287): /_forensic/windows POST: Fenster 'b1de0a1f-3b7c-4ce1-81c7-a2324ccd5457' (Rolle 'main') registriert
2026-06-07 18:52:50 [DEBUG   ] forensic.server.http_server (http_server.py:115): HTTP "POST /_forensic/windows HTTP/1.1" 200 -
2026-06-07 18:53:01 [DEBUG   ] forensic (main.py:485): Watchdog: Heartbeat (Dump: 'logs/freeze_dump.txt')
2026-06-07 18:53:07 [DEBUG   ] forensic.server.router (router.py:104): Router: POST /_forensic/windows (ajax=True)
2026-06-07 18:53:07 [DEBUG   ] forensic.forensic_api.windows (windows.py:287): /_forensic/windows POST: Fenster 'e2abfb40-fb13-407a-94e9-c0dc3b791e63' (Rolle 'userinfo') registriert
2026-06-07 18:53:07 [DEBUG   ] forensic.server.http_server (http_server.py:115): HTTP "POST /_forensic/windows HTTP/1.1" 200 -
2026-06-07 18:53:07 [DEBUG   ] forensic.server.router (router.py:104): Router: POST /_forensic/windows (ajax=True)
2026-06-07 18:53:07 [DEBUG   ] forensic.forensic_api.windows (windows.py:287): /_forensic/windows POST: Fenster 'b486fd93-6ef4-4db2-bafa-20c63f515c97' (Rolle 'report') registriert
2026-06-07 18:53:07 [DEBUG   ] forensic.server.http_server (http_server.py:115): HTTP "POST /_forensic/windows HTTP/1.1" 200 -
2026-06-07 18:53:18 [DEBUG   ] forensic.server.router (router.py:104): Router: POST /_forensic/windows (ajax=True)
2026-06-07 18:53:18 [DEBUG   ] forensic.forensic_api.windows (windows.py:287): /_forensic/windows POST: Fenster '28647da4-1b6f-40de-8490-df54938e70d5' (Rolle 'userinfo') registriert
2026-06-07 18:53:18 [DEBUG   ] forensic.server.http_server (http_server.py:115): HTTP "POST /_forensic/windows HTTP/1.1" 200 -
2026-06-07 18:53:31 [DEBUG   ] forensic (main.py:485): Watchdog: Heartbeat (Dump: 'logs/freeze_dump.txt')
2026-06-07 18:53:37 [DEBUG   ] forensic.server.router (router.py:104): Router: POST /_forensic/windows (ajax=True)
2026-06-07 18:53:37 [DEBUG   ] forensic.forensic_api.windows (windows.py:287): /_forensic/windows POST: Fenster 'e2abfb40-fb13-407a-94e9-c0dc3b791e63' (Rolle 'userinfo') registriert
2026-06-07 18:53:37 [DEBUG   ] forensic.server.http_server (http_server.py:115): HTTP "POST /_forensic/windows HTTP/1.1" 200 -
2026-06-07 18:53:37 [DEBUG   ] forensic.server.router (router.py:104): Router: POST /_forensic/windows (ajax=True)
2026-06-07 18:53:37 [DEBUG   ] forensic.forensic_api.windows (windows.py:287): /_forensic/windows POST: Fenster 'b486fd93-6ef4-4db2-bafa-20c63f515c97' (Rolle 'report') registriert
2026-06-07 18:53:37 [DEBUG   ] forensic.server.http_server (http_server.py:115): HTTP "POST /_forensic/windows HTTP/1.1" 200 -
2026-06-07 18:53:48 [DEBUG   ] forensic.server.router (router.py:104): Router: POST /_forensic/windows (ajax=True)
2026-06-07 18:53:48 [DEBUG   ] forensic.forensic_api.windows (windows.py:287): /_forensic/windows POST: Fenster '28647da4-1b6f-40de-8490-df54938e70d5' (Rolle 'userinfo') registriert
2026-06-07 18:53:48 [DEBUG   ] forensic.server.http_server (http_server.py:115): HTTP "POST /_forensic/windows HTTP/1.1" 200 -
2026-06-07 18:53:50 [DEBUG   ] forensic.server.router (router.py:104): Router: POST /_forensic/windows (ajax=True)
2026-06-07 18:53:50 [DEBUG   ] forensic.forensic_api.windows (windows.py:287): /_forensic/windows POST: Fenster 'b1de0a1f-3b7c-4ce1-81c7-a2324ccd5457' (Rolle 'main') registriert
2026-06-07 18:53:50 [DEBUG   ] forensic.server.http_server (http_server.py:115): HTTP "POST /_forensic/windows HTTP/1.1" 200 -
2026-06-07 18:53:50 [DEBUG   ] forensic.server.router (router.py:104): Router: POST /_forensic/windows (ajax=True)
2026-06-07 18:53:50 [DEBUG   ] forensic.forensic_api.windows (windows.py:287): /_forensic/windows POST: Fenster '6c9c384f-d503-449b-a512-06c973b9d079' (Rolle 'main') registriert
2026-06-07 18:53:50 [DEBUG   ] forensic.server.http_server (http_server.py:115): HTTP "POST /_forensic/windows HTTP/1.1" 200 -
2026-06-07 18:54:01 [DEBUG   ] forensic (main.py:485): Watchdog: Heartbeat (Dump: 'logs/freeze_dump.txt')
2026-06-07 18:54:07 [DEBUG   ] forensic.server.router (router.py:104): Router: POST /_forensic/windows (ajax=True)
2026-06-07 18:54:07 [DEBUG   ] forensic.forensic_api.windows (windows.py:287): /_forensic/windows POST: Fenster 'e2abfb40-fb13-407a-94e9-c0dc3b791e63' (Rolle 'userinfo') registriert
2026-06-07 18:54:07 [DEBUG   ] forensic.server.http_server (http_server.py:115): HTTP "POST /_forensic/windows HTTP/1.1" 200 -
2026-06-07 18:54:07 [DEBUG   ] forensic.server.router (router.py:104): Router: POST /_forensic/windows (ajax=True)
2026-06-07 18:54:07 [DEBUG   ] forensic.forensic_api.windows (windows.py:287): /_forensic/windows POST: Fenster 'b486fd93-6ef4-4db2-bafa-20c63f515c97' (Rolle 'report') registriert
2026-06-07 18:54:07 [DEBUG   ] forensic.server.http_server (http_server.py:115): HTTP "POST /_forensic/windows HTTP/1.1" 200 -
2026-06-07 18:54:18 [DEBUG   ] forensic.server.router (router.py:104): Router: POST /_forensic/windows (ajax=True)
2026-06-07 18:54:18 [DEBUG   ] forensic.forensic_api.windows (windows.py:287): /_forensic/windows POST: Fenster '28647da4-1b6f-40de-8490-df54938e70d5' (Rolle 'userinfo') registriert
2026-06-07 18:54:18 [DEBUG   ] forensic.server.http_server (http_server.py:115): HTTP "POST /_forensic/windows HTTP/1.1" 200 -
2026-06-07 18:54:31 [DEBUG   ] forensic (main.py:485): Watchdog: Heartbeat (Dump: 'logs/freeze_dump.txt')
2026-06-07 18:54:37 [DEBUG   ] forensic.server.router (router.py:104): Router: POST /_forensic/windows (ajax=True)
2026-06-07 18:54:37 [DEBUG   ] forensic.forensic_api.windows (windows.py:287): /_forensic/windows POST: Fenster 'e2abfb40-fb13-407a-94e9-c0dc3b791e63' (Rolle 'userinfo') registriert
2026-06-07 18:54:37 [DEBUG   ] forensic.server.http_server (http_server.py:115): HTTP "POST /_forensic/windows HTTP/1.1" 200 -
2026-06-07 18:54:37 [DEBUG   ] forensic.server.router (router.py:104): Router: POST /_forensic/windows (ajax=True)
2026-06-07 18:54:37 [DEBUG   ] forensic.forensic_api.windows (windows.py:287): /_forensic/windows POST: Fenster 'b486fd93-6ef4-4db2-bafa-20c63f515c97' (Rolle 'report') registriert
2026-06-07 18:54:37 [DEBUG   ] forensic.server.http_server (http_server.py:115): HTTP "POST /_forensic/windows HTTP/1.1" 200 -
2026-06-07 18:54:48 [DEBUG   ] forensic.server.router (router.py:104): Router: POST /_forensic/windows (ajax=True)
2026-06-07 18:54:48 [DEBUG   ] forensic.forensic_api.windows (windows.py:287): /_forensic/windows POST: Fenster '28647da4-1b6f-40de-8490-df54938e70d5' (Rolle 'userinfo') registriert
2026-06-07 18:54:48 [DEBUG   ] forensic.server.http_server (http_server.py:115): HTTP "POST /_forensic/windows HTTP/1.1" 200 -
2026-06-07 18:54:50 [DEBUG   ] forensic.server.router (router.py:104): Router: POST /_forensic/windows (ajax=True)
2026-06-07 18:54:50 [DEBUG   ] forensic.forensic_api.windows (windows.py:287): /_forensic/windows POST: Fenster '6c9c384f-d503-449b-a512-06c973b9d079' (Rolle 'main') registriert
2026-06-07 18:54:50 [DEBUG   ] forensic.server.http_server (http_server.py:115): HTTP "POST /_forensic/windows HTTP/1.1" 200 -
2026-06-07 18:54:50 [DEBUG   ] forensic.server.router (router.py:104): Router: POST /_forensic/windows (ajax=True)
2026-06-07 18:54:50 [DEBUG   ] forensic.forensic_api.windows (windows.py:287): /_forensic/windows POST: Fenster 'b1de0a1f-3b7c-4ce1-81c7-a2324ccd5457' (Rolle 'main') registriert
2026-06-07 18:54:50 [DEBUG   ] forensic.server.http_server (http_server.py:115): HTTP "POST /_forensic/windows HTTP/1.1" 200 -
2026-06-07 18:55:01 [DEBUG   ] forensic (main.py:485): Watchdog: Heartbeat (Dump: 'logs/freeze_dump.txt')
2026-06-07 18:55:07 [DEBUG   ] forensic.server.router (router.py:104): Router: POST /_forensic/windows (ajax=True)
2026-06-07 18:55:07 [DEBUG   ] forensic.forensic_api.windows (windows.py:287): /_forensic/windows POST: Fenster 'e2abfb40-fb13-407a-94e9-c0dc3b791e63' (Rolle 'userinfo') registriert
2026-06-07 18:55:07 [DEBUG   ] forensic.server.http_server (http_server.py:115): HTTP "POST /_forensic/windows HTTP/1.1" 200 -
2026-06-07 18:55:07 [DEBUG   ] forensic.server.router (router.py:104): Router: POST /_forensic/windows (ajax=True)
2026-06-07 18:55:07 [DEBUG   ] forensic.forensic_api.windows (windows.py:287): /_forensic/windows POST: Fenster 'b486fd93-6ef4-4db2-bafa-20c63f515c97' (Rolle 'report') registriert
2026-06-07 18:55:07 [DEBUG   ] forensic.server.http_server (http_server.py:115): HTTP "POST /_forensic/windows HTTP/1.1" 200 -
2026-06-07 18:55:18 [DEBUG   ] forensic.server.router (router.py:104): Router: POST /_forensic/windows (ajax=True)
2026-06-07 18:55:18 [DEBUG   ] forensic.forensic_api.windows (windows.py:287): /_forensic/windows POST: Fenster '28647da4-1b6f-40de-8490-df54938e70d5' (Rolle 'userinfo') registriert
2026-06-07 18:55:18 [DEBUG   ] forensic.server.http_server (http_server.py:115): HTTP "POST /_forensic/windows HTTP/1.1" 200 -
2026-06-07 18:55:31 [DEBUG   ] forensic (main.py:485): Watchdog: Heartbeat (Dump: 'logs/freeze_dump.txt')
2026-06-07 18:55:37 [DEBUG   ] forensic.server.router (router.py:104): Router: POST /_forensic/windows (ajax=True)
2026-06-07 18:55:37 [DEBUG   ] forensic.forensic_api.windows (windows.py:287): /_forensic/windows POST: Fenster 'e2abfb40-fb13-407a-94e9-c0dc3b791e63' (Rolle 'userinfo') registriert
2026-06-07 18:55:37 [DEBUG   ] forensic.server.http_server (http_server.py:115): HTTP "POST /_forensic/windows HTTP/1.1" 200 -
2026-06-07 18:55:37 [DEBUG   ] forensic.server.router (router.py:104): Router: POST /_forensic/windows (ajax=True)
2026-06-07 18:55:37 [DEBUG   ] forensic.forensic_api.windows (windows.py:287): /_forensic/windows POST: Fenster 'b486fd93-6ef4-4db2-bafa-20c63f515c97' (Rolle 'report') registriert
2026-06-07 18:55:37 [DEBUG   ] forensic.server.http_server (http_server.py:115): HTTP "POST /_forensic/windows HTTP/1.1" 200 -
2026-06-07 18:55:48 [DEBUG   ] forensic.server.router (router.py:104): Router: POST /_forensic/windows (ajax=True)
2026-06-07 18:55:48 [DEBUG   ] forensic.forensic_api.windows (windows.py:287): /_forensic/windows POST: Fenster '28647da4-1b6f-40de-8490-df54938e70d5' (Rolle 'userinfo') registriert
2026-06-07 18:55:48 [DEBUG   ] forensic.server.http_server (http_server.py:115): HTTP "POST /_forensic/windows HTTP/1.1" 200 -
2026-06-07 18:55:50 [DEBUG   ] forensic.server.router (router.py:104): Router: POST /_forensic/windows (ajax=True)
2026-06-07 18:55:50 [DEBUG   ] forensic.forensic_api.windows (windows.py:287): /_forensic/windows POST: Fenster 'b1de0a1f-3b7c-4ce1-81c7-a2324ccd5457' (Rolle 'main') registriert
2026-06-07 18:55:50 [DEBUG   ] forensic.server.http_server (http_server.py:115): HTTP "POST /_forensic/windows HTTP/1.1" 200 -
2026-06-07 18:55:50 [DEBUG   ] forensic.server.router (router.py:104): Router: POST /_forensic/windows (ajax=True)
2026-06-07 18:55:50 [DEBUG   ] forensic.forensic_api.windows (windows.py:287): /_forensic/windows POST: Fenster '6c9c384f-d503-449b-a512-06c973b9d079' (Rolle 'main') registriert
2026-06-07 18:55:50 [DEBUG   ] forensic.server.http_server (http_server.py:115): HTTP "POST /_forensic/windows HTTP/1.1" 200 -
2026-06-07 18:56:01 [DEBUG   ] forensic (main.py:485): Watchdog: Heartbeat (Dump: 'logs/freeze_dump.txt')
2026-06-07 18:56:07 [DEBUG   ] forensic.server.router (router.py:104): Router: POST /_forensic/windows (ajax=True)
2026-06-07 18:56:07 [DEBUG   ] forensic.forensic_api.windows (windows.py:287): /_forensic/windows POST: Fenster 'e2abfb40-fb13-407a-94e9-c0dc3b791e63' (Rolle 'userinfo') registriert
2026-06-07 18:56:07 [DEBUG   ] forensic.server.http_server (http_server.py:115): HTTP "POST /_forensic/windows HTTP/1.1" 200 -
2026-06-07 18:56:07 [DEBUG   ] forensic.server.router (router.py:104): Router: POST /_forensic/windows (ajax=True)
2026-06-07 18:56:07 [DEBUG   ] forensic.forensic_api.windows (windows.py:287): /_forensic/windows POST: Fenster 'b486fd93-6ef4-4db2-bafa-20c63f515c97' (Rolle 'report') registriert
2026-06-07 18:56:07 [DEBUG   ] forensic.server.http_server (http_server.py:115): HTTP "POST /_forensic/windows HTTP/1.1" 200 -
2026-06-07 18:56:18 [DEBUG   ] forensic.server.router (router.py:104): Router: POST /_forensic/windows (ajax=True)
2026-06-07 18:56:18 [DEBUG   ] forensic.forensic_api.windows (windows.py:287): /_forensic/windows POST: Fenster '28647da4-1b6f-40de-8490-df54938e70d5' (Rolle 'userinfo') registriert
2026-06-07 18:56:18 [DEBUG   ] forensic.server.http_server (http_server.py:115): HTTP "POST /_forensic/windows HTTP/1.1" 200 -
2026-06-07 18:56:31 [DEBUG   ] forensic (main.py:485): Watchdog: Heartbeat (Dump: 'logs/freeze_dump.txt')
2026-06-07 18:56:37 [DEBUG   ] forensic.server.router (router.py:104): Router: POST /_forensic/windows (ajax=True)
2026-06-07 18:56:37 [DEBUG   ] forensic.forensic_api.windows (windows.py:287): /_forensic/windows POST: Fenster 'e2abfb40-fb13-407a-94e9-c0dc3b791e63' (Rolle 'userinfo') registriert
2026-06-07 18:56:37 [DEBUG   ] forensic.server.http_server (http_server.py:115): HTTP "POST /_forensic/windows HTTP/1.1" 200 -
2026-06-07 18:56:37 [DEBUG   ] forensic.server.router (router.py:104): Router: POST /_forensic/windows (ajax=True)
2026-06-07 18:56:37 [DEBUG   ] forensic.forensic_api.windows (windows.py:287): /_forensic/windows POST: Fenster 'b486fd93-6ef4-4db2-bafa-20c63f515c97' (Rolle 'report') registriert
2026-06-07 18:56:37 [DEBUG   ] forensic.server.http_server (http_server.py:115): HTTP "POST /_forensic/windows HTTP/1.1" 200 -
2026-06-07 18:56:48 [DEBUG   ] forensic.server.router (router.py:104): Router: POST /_forensic/windows (ajax=True)
2026-06-07 18:56:48 [DEBUG   ] forensic.forensic_api.windows (windows.py:287): /_forensic/windows POST: Fenster '28647da4-1b6f-40de-8490-df54938e70d5' (Rolle 'userinfo') registriert
2026-06-07 18:56:48 [DEBUG   ] forensic.server.http_server (http_server.py:115): HTTP "POST /_forensic/windows HTTP/1.1" 200 -
2026-06-07 18:56:50 [DEBUG   ] forensic.server.router (router.py:104): Router: POST /_forensic/windows (ajax=True)
2026-06-07 18:56:50 [DEBUG   ] forensic.forensic_api.windows (windows.py:287): /_forensic/windows POST: Fenster '6c9c384f-d503-449b-a512-06c973b9d079' (Rolle 'main') registriert
2026-06-07 18:56:50 [DEBUG   ] forensic.server.http_server (http_server.py:115): HTTP "POST /_forensic/windows HTTP/1.1" 200 -
2026-06-07 18:56:50 [DEBUG   ] forensic.server.router (router.py:104): Router: POST /_forensic/windows (ajax=True)
2026-06-07 18:56:50 [DEBUG   ] forensic.forensic_api.windows (windows.py:287): /_forensic/windows POST: Fenster 'b1de0a1f-3b7c-4ce1-81c7-a2324ccd5457' (Rolle 'main') registriert
2026-06-07 18:56:50 [DEBUG   ] forensic.server.http_server (http_server.py:115): HTTP "POST /_forensic/windows HTTP/1.1" 200 -
2026-06-07 18:57:01 [DEBUG   ] forensic (main.py:485): Watchdog: Heartbeat (Dump: 'logs/freeze_dump.txt')
2026-06-07 18:57:07 [DEBUG   ] forensic.server.router (router.py:104): Router: POST /_forensic/windows (ajax=True)
2026-06-07 18:57:07 [DEBUG   ] forensic.forensic_api.windows (windows.py:287): /_forensic/windows POST: Fenster 'e2abfb40-fb13-407a-94e9-c0dc3b791e63' (Rolle 'userinfo') registriert
2026-06-07 18:57:07 [DEBUG   ] forensic.server.http_server (http_server.py:115): HTTP "POST /_forensic/windows HTTP/1.1" 200 -
2026-06-07 18:57:07 [DEBUG   ] forensic.server.router (router.py:104): Router: POST /_forensic/windows (ajax=True)
2026-06-07 18:57:07 [DEBUG   ] forensic.forensic_api.windows (windows.py:287): /_forensic/windows POST: Fenster 'b486fd93-6ef4-4db2-bafa-20c63f515c97' (Rolle 'report') registriert
2026-06-07 18:57:07 [DEBUG   ] forensic.server.http_server (http_server.py:115): HTTP "POST /_forensic/windows HTTP/1.1" 200 -
2026-06-07 18:57:18 [DEBUG   ] forensic.server.router (router.py:104): Router: POST /_forensic/windows (ajax=True)
2026-06-07 18:57:18 [DEBUG   ] forensic.forensic_api.windows (windows.py:287): /_forensic/windows POST: Fenster '28647da4-1b6f-40de-8490-df54938e70d5' (Rolle 'userinfo') registriert
2026-06-07 18:57:18 [DEBUG   ] forensic.server.http_server (http_server.py:115): HTTP "POST /_forensic/windows HTTP/1.1" 200 -
2026-06-07 18:57:31 [DEBUG   ] forensic (main.py:485): Watchdog: Heartbeat (Dump: 'logs/freeze_dump.txt')
2026-06-07 18:57:37 [DEBUG   ] forensic.server.router (router.py:104): Router: POST /_forensic/windows (ajax=True)
2026-06-07 18:57:37 [DEBUG   ] forensic.forensic_api.windows (windows.py:287): /_forensic/windows POST: Fenster 'e2abfb40-fb13-407a-94e9-c0dc3b791e63' (Rolle 'userinfo') registriert
2026-06-07 18:57:37 [DEBUG   ] forensic.server.http_server (http_server.py:115): HTTP "POST /_forensic/windows HTTP/1.1" 200 -
2026-06-07 18:57:37 [DEBUG   ] forensic.server.router (router.py:104): Router: POST /_forensic/windows (ajax=True)
2026-06-07 18:57:37 [DEBUG   ] forensic.forensic_api.windows (windows.py:287): /_forensic/windows POST: Fenster 'b486fd93-6ef4-4db2-bafa-20c63f515c97' (Rolle 'report') registriert
2026-06-07 18:57:37 [DEBUG   ] forensic.server.http_server (http_server.py:115): HTTP "POST /_forensic/windows HTTP/1.1" 200 -
2026-06-07 18:57:48 [DEBUG   ] forensic.server.router (router.py:104): Router: POST /_forensic/windows (ajax=True)
2026-06-07 18:57:48 [DEBUG   ] forensic.forensic_api.windows (windows.py:287): /_forensic/windows POST: Fenster '28647da4-1b6f-40de-8490-df54938e70d5' (Rolle 'userinfo') registriert
2026-06-07 18:57:48 [DEBUG   ] forensic.server.http_server (http_server.py:115): HTTP "POST /_forensic/windows HTTP/1.1" 200 -
2026-06-07 18:57:50 [DEBUG   ] forensic.server.router (router.py:104): Router: POST /_forensic/windows (ajax=True)
2026-06-07 18:57:50 [DEBUG   ] forensic.forensic_api.windows (windows.py:287): /_forensic/windows POST: Fenster '6c9c384f-d503-449b-a512-06c973b9d079' (Rolle 'main') registriert
2026-06-07 18:57:50 [DEBUG   ] forensic.server.http_server (http_server.py:115): HTTP "POST /_forensic/windows HTTP/1.1" 200 -
2026-06-07 18:57:50 [DEBUG   ] forensic.server.router (router.py:104): Router: POST /_forensic/windows (ajax=True)
2026-06-07 18:57:50 [DEBUG   ] forensic.forensic_api.windows (windows.py:287): /_forensic/windows POST: Fenster 'b1de0a1f-3b7c-4ce1-81c7-a2324ccd5457' (Rolle 'main') registriert
2026-06-07 18:57:50 [DEBUG   ] forensic.server.http_server (http_server.py:115): HTTP "POST /_forensic/windows HTTP/1.1" 200 -
2026-06-07 18:58:01 [DEBUG   ] forensic (main.py:485): Watchdog: Heartbeat (Dump: 'logs/freeze_dump.txt')
2026-06-07 18:58:07 [DEBUG   ] forensic.server.router (router.py:104): Router: POST /_forensic/windows (ajax=True)
2026-06-07 18:58:07 [DEBUG   ] forensic.forensic_api.windows (windows.py:287): /_forensic/windows POST: Fenster 'e2abfb40-fb13-407a-94e9-c0dc3b791e63' (Rolle 'userinfo') registriert
2026-06-07 18:58:07 [DEBUG   ] forensic.server.http_server (http_server.py:115): HTTP "POST /_forensic/windows HTTP/1.1" 200 -
2026-06-07 18:58:07 [DEBUG   ] forensic.server.router (router.py:104): Router: POST /_forensic/windows (ajax=True)
2026-06-07 18:58:07 [DEBUG   ] forensic.forensic_api.windows (windows.py:287): /_forensic/windows POST: Fenster 'b486fd93-6ef4-4db2-bafa-20c63f515c97' (Rolle 'report') registriert
2026-06-07 18:58:07 [DEBUG   ] forensic.server.http_server (http_server.py:115): HTTP "POST /_forensic/windows HTTP/1.1" 200 -
2026-06-07 18:58:18 [DEBUG   ] forensic.server.router (router.py:104): Router: POST /_forensic/windows (ajax=True)
2026-06-07 18:58:18 [DEBUG   ] forensic.forensic_api.windows (windows.py:287): /_forensic/windows POST: Fenster '28647da4-1b6f-40de-8490-df54938e70d5' (Rolle 'userinfo') registriert
2026-06-07 18:58:18 [DEBUG   ] forensic.server.http_server (http_server.py:115): HTTP "POST /_forensic/windows HTTP/1.1" 200 -
2026-06-07 18:58:31 [DEBUG   ] forensic (main.py:485): Watchdog: Heartbeat (Dump: 'logs/freeze_dump.txt')
2026-06-07 18:58:37 [DEBUG   ] forensic.server.router (router.py:104): Router: POST /_forensic/windows (ajax=True)
2026-06-07 18:58:37 [DEBUG   ] forensic.forensic_api.windows (windows.py:287): /_forensic/windows POST: Fenster 'e2abfb40-fb13-407a-94e9-c0dc3b791e63' (Rolle 'userinfo') registriert
2026-06-07 18:58:37 [DEBUG   ] forensic.server.http_server (http_server.py:115): HTTP "POST /_forensic/windows HTTP/1.1" 200 -
2026-06-07 18:58:37 [DEBUG   ] forensic.server.router (router.py:104): Router: POST /_forensic/windows (ajax=True)
2026-06-07 18:58:37 [DEBUG   ] forensic.forensic_api.windows (windows.py:287): /_forensic/windows POST: Fenster 'b486fd93-6ef4-4db2-bafa-20c63f515c97' (Rolle 'report') registriert
2026-06-07 18:58:37 [DEBUG   ] forensic.server.http_server (http_server.py:115): HTTP "POST /_forensic/windows HTTP/1.1" 200 -
2026-06-07 18:58:48 [DEBUG   ] forensic.server.router (router.py:104): Router: POST /_forensic/windows (ajax=True)
2026-06-07 18:58:48 [DEBUG   ] forensic.forensic_api.windows (windows.py:287): /_forensic/windows POST: Fenster '28647da4-1b6f-40de-8490-df54938e70d5' (Rolle 'userinfo') registriert
2026-06-07 18:58:48 [DEBUG   ] forensic.server.http_server (http_server.py:115): HTTP "POST /_forensic/windows HTTP/1.1" 200 -
2026-06-07 18:58:50 [DEBUG   ] forensic.server.router (router.py:104): Router: POST /_forensic/windows (ajax=True)
2026-06-07 18:58:50 [DEBUG   ] forensic.forensic_api.windows (windows.py:287): /_forensic/windows POST: Fenster 'b1de0a1f-3b7c-4ce1-81c7-a2324ccd5457' (Rolle 'main') registriert
2026-06-07 18:58:50 [DEBUG   ] forensic.server.http_server (http_server.py:115): HTTP "POST /_forensic/windows HTTP/1.1" 200 -
2026-06-07 18:58:50 [DEBUG   ] forensic.server.router (router.py:104): Router: POST /_forensic/windows (ajax=True)
2026-06-07 18:58:50 [DEBUG   ] forensic.forensic_api.windows (windows.py:287): /_forensic/windows POST: Fenster '6c9c384f-d503-449b-a512-06c973b9d079' (Rolle 'main') registriert
2026-06-07 18:58:50 [DEBUG   ] forensic.server.http_server (http_server.py:115): HTTP "POST /_forensic/windows HTTP/1.1" 200 -
2026-06-07 18:59:01 [DEBUG   ] forensic (main.py:485): Watchdog: Heartbeat (Dump: 'logs/freeze_dump.txt')
2026-06-07 18:59:07 [DEBUG   ] forensic.server.router (router.py:104): Router: POST /_forensic/windows (ajax=True)
2026-06-07 18:59:07 [DEBUG   ] forensic.forensic_api.windows (windows.py:287): /_forensic/windows POST: Fenster 'e2abfb40-fb13-407a-94e9-c0dc3b791e63' (Rolle 'userinfo') registriert
2026-06-07 18:59:07 [DEBUG   ] forensic.server.http_server (http_server.py:115): HTTP "POST /_forensic/windows HTTP/1.1" 200 -
2026-06-07 18:59:07 [DEBUG   ] forensic.server.router (router.py:104): Router: POST /_forensic/windows (ajax=True)
2026-06-07 18:59:07 [DEBUG   ] forensic.forensic_api.windows (windows.py:287): /_forensic/windows POST: Fenster 'b486fd93-6ef4-4db2-bafa-20c63f515c97' (Rolle 'report') registriert
2026-06-07 18:59:07 [DEBUG   ] forensic.server.http_server (http_server.py:115): HTTP "POST /_forensic/windows HTTP/1.1" 200 -
2026-06-07 18:59:18 [DEBUG   ] forensic.server.router (router.py:104): Router: POST /_forensic/windows (ajax=True)
2026-06-07 18:59:18 [DEBUG   ] forensic.forensic_api.windows (windows.py:287): /_forensic/windows POST: Fenster '28647da4-1b6f-40de-8490-df54938e70d5' (Rolle 'userinfo') registriert
2026-06-07 18:59:18 [DEBUG   ] forensic.server.http_server (http_server.py:115): HTTP "POST /_forensic/windows HTTP/1.1" 200 -
2026-06-07 18:59:31 [DEBUG   ] forensic (main.py:485): Watchdog: Heartbeat (Dump: 'logs/freeze_dump.txt')
2026-06-07 18:59:37 [DEBUG   ] forensic.server.router (router.py:104): Router: POST /_forensic/windows (ajax=True)
2026-06-07 18:59:37 [DEBUG   ] forensic.forensic_api.windows (windows.py:287): /_forensic/windows POST: Fenster 'e2abfb40-fb13-407a-94e9-c0dc3b791e63' (Rolle 'userinfo') registriert
2026-06-07 18:59:37 [DEBUG   ] forensic.server.http_server (http_server.py:115): HTTP "POST /_forensic/windows HTTP/1.1" 200 -
2026-06-07 18:59:37 [DEBUG   ] forensic.server.router (router.py:104): Router: POST /_forensic/windows (ajax=True)
2026-06-07 18:59:37 [DEBUG   ] forensic.forensic_api.windows (windows.py:287): /_forensic/windows POST: Fenster 'b486fd93-6ef4-4db2-bafa-20c63f515c97' (Rolle 'report') registriert
2026-06-07 18:59:37 [DEBUG   ] forensic.server.http_server (http_server.py:115): HTTP "POST /_forensic/windows HTTP/1.1" 200 -
2026-06-07 18:59:48 [DEBUG   ] forensic.server.router (router.py:104): Router: POST /_forensic/windows (ajax=True)
2026-06-07 18:59:48 [DEBUG   ] forensic.forensic_api.windows (windows.py:287): /_forensic/windows POST: Fenster '28647da4-1b6f-40de-8490-df54938e70d5' (Rolle 'userinfo') registriert
2026-06-07 18:59:48 [DEBUG   ] forensic.server.http_server (http_server.py:115): HTTP "POST /_forensic/windows HTTP/1.1" 200 -
2026-06-07 18:59:50 [DEBUG   ] forensic.server.router (router.py:104): Router: POST /_forensic/windows (ajax=True)
2026-06-07 18:59:50 [DEBUG   ] forensic.server.router (router.py:104): Router: POST /_forensic/windows (ajax=True)
2026-06-07 18:59:50 [DEBUG   ] forensic.forensic_api.windows (windows.py:287): /_forensic/windows POST: Fenster 'b1de0a1f-3b7c-4ce1-81c7-a2324ccd5457' (Rolle 'main') registriert
2026-06-07 18:59:50 [DEBUG   ] forensic.forensic_api.windows (windows.py:287): /_forensic/windows POST: Fenster '6c9c384f-d503-449b-a512-06c973b9d079' (Rolle 'main') registriert
2026-06-07 18:59:50 [DEBUG   ] forensic.server.http_server (http_server.py:115): HTTP "POST /_forensic/windows HTTP/1.1" 200 -
2026-06-07 18:59:50 [DEBUG   ] forensic.server.http_server (http_server.py:115): HTTP "POST /_forensic/windows HTTP/1.1" 200 -
2026-06-07 19:00:01 [DEBUG   ] forensic (main.py:485): Watchdog: Heartbeat (Dump: 'logs/freeze_dump.txt')
2026-06-07 19:00:07 [DEBUG   ] forensic.server.router (router.py:104): Router: POST /_forensic/windows (ajax=True)
2026-06-07 19:00:07 [DEBUG   ] forensic.forensic_api.windows (windows.py:287): /_forensic/windows POST: Fenster 'e2abfb40-fb13-407a-94e9-c0dc3b791e63' (Rolle 'userinfo') registriert
2026-06-07 19:00:07 [DEBUG   ] forensic.server.http_server (http_server.py:115): HTTP "POST /_forensic/windows HTTP/1.1" 200 -
2026-06-07 19:00:07 [DEBUG   ] forensic.server.router (router.py:104): Router: POST /_forensic/windows (ajax=True)
2026-06-07 19:00:07 [DEBUG   ] forensic.forensic_api.windows (windows.py:287): /_forensic/windows POST: Fenster 'b486fd93-6ef4-4db2-bafa-20c63f515c97' (Rolle 'report') registriert
2026-06-07 19:00:07 [DEBUG   ] forensic.server.http_server (http_server.py:115): HTTP "POST /_forensic/windows HTTP/1.1" 200 -
2026-06-07 19:00:18 [DEBUG   ] forensic.server.router (router.py:104): Router: POST /_forensic/windows (ajax=True)
2026-06-07 19:00:18 [DEBUG   ] forensic.forensic_api.windows (windows.py:287): /_forensic/windows POST: Fenster '28647da4-1b6f-40de-8490-df54938e70d5' (Rolle 'userinfo') registriert
2026-06-07 19:00:18 [DEBUG   ] forensic.server.http_server (http_server.py:115): HTTP "POST /_forensic/windows HTTP/1.1" 200 -
2026-06-07 19:00:31 [DEBUG   ] forensic (main.py:485): Watchdog: Heartbeat (Dump: 'logs/freeze_dump.txt')
2026-06-07 19:00:37 [DEBUG   ] forensic.server.router (router.py:104): Router: POST /_forensic/windows (ajax=True)
2026-06-07 19:00:37 [DEBUG   ] forensic.forensic_api.windows (windows.py:287): /_forensic/windows POST: Fenster 'e2abfb40-fb13-407a-94e9-c0dc3b791e63' (Rolle 'userinfo') registriert
2026-06-07 19:00:37 [DEBUG   ] forensic.server.http_server (http_server.py:115): HTTP "POST /_forensic/windows HTTP/1.1" 200 -
2026-06-07 19:00:37 [DEBUG   ] forensic.server.router (router.py:104): Router: POST /_forensic/windows (ajax=True)
2026-06-07 19:00:37 [DEBUG   ] forensic.forensic_api.windows (windows.py:287): /_forensic/windows POST: Fenster 'b486fd93-6ef4-4db2-bafa-20c63f515c97' (Rolle 'report') registriert
2026-06-07 19:00:37 [DEBUG   ] forensic.server.http_server (http_server.py:115): HTTP "POST /_forensic/windows HTTP/1.1" 200 -
2026-06-07 19:00:48 [DEBUG   ] forensic.server.router (router.py:104): Router: POST /_forensic/windows (ajax=True)
2026-06-07 19:00:48 [DEBUG   ] forensic.forensic_api.windows (windows.py:287): /_forensic/windows POST: Fenster '28647da4-1b6f-40de-8490-df54938e70d5' (Rolle 'userinfo') registriert
2026-06-07 19:00:48 [DEBUG   ] forensic.server.http_server (http_server.py:115): HTTP "POST /_forensic/windows HTTP/1.1" 200 -
2026-06-07 19:00:50 [DEBUG   ] forensic.server.router (router.py:104): Router: POST /_forensic/windows (ajax=True)
2026-06-07 19:00:50 [DEBUG   ] forensic.forensic_api.windows (windows.py:287): /_forensic/windows POST: Fenster '6c9c384f-d503-449b-a512-06c973b9d079' (Rolle 'main') registriert
2026-06-07 19:00:50 [DEBUG   ] forensic.server.http_server (http_server.py:115): HTTP "POST /_forensic/windows HTTP/1.1" 200 -
2026-06-07 19:00:50 [DEBUG   ] forensic.server.router (router.py:104): Router: POST /_forensic/windows (ajax=True)
2026-06-07 19:00:50 [DEBUG   ] forensic.forensic_api.windows (windows.py:287): /_forensic/windows POST: Fenster 'b1de0a1f-3b7c-4ce1-81c7-a2324ccd5457' (Rolle 'main') registriert
2026-06-07 19:00:50 [DEBUG   ] forensic.server.http_server (http_server.py:115): HTTP "POST /_forensic/windows HTTP/1.1" 200 -
2026-06-07 19:01:01 [DEBUG   ] forensic (main.py:485): Watchdog: Heartbeat (Dump: 'logs/freeze_dump.txt')
2026-06-07 19:01:07 [DEBUG   ] forensic.server.router (router.py:104): Router: POST /_forensic/windows (ajax=True)
2026-06-07 19:01:07 [DEBUG   ] forensic.forensic_api.windows (windows.py:287): /_forensic/windows POST: Fenster 'e2abfb40-fb13-407a-94e9-c0dc3b791e63' (Rolle 'userinfo') registriert
2026-06-07 19:01:07 [DEBUG   ] forensic.server.http_server (http_server.py:115): HTTP "POST /_forensic/windows HTTP/1.1" 200 -
2026-06-07 19:01:07 [DEBUG   ] forensic.server.router (router.py:104): Router: POST /_forensic/windows (ajax=True)
2026-06-07 19:01:07 [DEBUG   ] forensic.forensic_api.windows (windows.py:287): /_forensic/windows POST: Fenster 'b486fd93-6ef4-4db2-bafa-20c63f515c97' (Rolle 'report') registriert
2026-06-07 19:01:07 [DEBUG   ] forensic.server.http_server (http_server.py:115): HTTP "POST /_forensic/windows HTTP/1.1" 200 -
2026-06-07 19:01:18 [DEBUG   ] forensic.server.router (router.py:104): Router: POST /_forensic/windows (ajax=True)
2026-06-07 19:01:18 [DEBUG   ] forensic.forensic_api.windows (windows.py:287): /_forensic/windows POST: Fenster '28647da4-1b6f-40de-8490-df54938e70d5' (Rolle 'userinfo') registriert
2026-06-07 19:01:18 [DEBUG   ] forensic.server.http_server (http_server.py:115): HTTP "POST /_forensic/windows HTTP/1.1" 200 -
2026-06-07 19:01:31 [DEBUG   ] forensic (main.py:485): Watchdog: Heartbeat (Dump: 'logs/freeze_dump.txt')
2026-06-07 19:01:37 [DEBUG   ] forensic.server.router (router.py:104): Router: POST /_forensic/windows (ajax=True)
2026-06-07 19:01:37 [DEBUG   ] forensic.forensic_api.windows (windows.py:287): /_forensic/windows POST: Fenster 'e2abfb40-fb13-407a-94e9-c0dc3b791e63' (Rolle 'userinfo') registriert
2026-06-07 19:01:37 [DEBUG   ] forensic.server.http_server (http_server.py:115): HTTP "POST /_forensic/windows HTTP/1.1" 200 -
2026-06-07 19:01:37 [DEBUG   ] forensic.server.router (router.py:104): Router: POST /_forensic/windows (ajax=True)
2026-06-07 19:01:37 [DEBUG   ] forensic.forensic_api.windows (windows.py:287): /_forensic/windows POST: Fenster 'b486fd93-6ef4-4db2-bafa-20c63f515c97' (Rolle 'report') registriert
2026-06-07 19:01:37 [DEBUG   ] forensic.server.http_server (http_server.py:115): HTTP "POST /_forensic/windows HTTP/1.1" 200 -
2026-06-07 19:01:48 [DEBUG   ] forensic.server.router (router.py:104): Router: POST /_forensic/windows (ajax=True)
2026-06-07 19:01:48 [DEBUG   ] forensic.forensic_api.windows (windows.py:287): /_forensic/windows POST: Fenster '28647da4-1b6f-40de-8490-df54938e70d5' (Rolle 'userinfo') registriert
2026-06-07 19:01:48 [DEBUG   ] forensic.server.http_server (http_server.py:115): HTTP "POST /_forensic/windows HTTP/1.1" 200 -
2026-06-07 19:01:50 [DEBUG   ] forensic.server.router (router.py:104): Router: POST /_forensic/windows (ajax=True)
2026-06-07 19:01:50 [DEBUG   ] forensic.forensic_api.windows (windows.py:287): /_forensic/windows POST: Fenster 'b1de0a1f-3b7c-4ce1-81c7-a2324ccd5457' (Rolle 'main') registriert
2026-06-07 19:01:50 [DEBUG   ] forensic.server.router (router.py:104): Router: POST /_forensic/windows (ajax=True)
2026-06-07 19:01:50 [DEBUG   ] forensic.server.http_server (http_server.py:115): HTTP "POST /_forensic/windows HTTP/1.1" 200 -
2026-06-07 19:01:50 [DEBUG   ] forensic.forensic_api.windows (windows.py:287): /_forensic/windows POST: Fenster '6c9c384f-d503-449b-a512-06c973b9d079' (Rolle 'main') registriert
2026-06-07 19:01:50 [DEBUG   ] forensic.server.http_server (http_server.py:115): HTTP "POST /_forensic/windows HTTP/1.1" 200 -
2026-06-07 19:02:01 [DEBUG   ] forensic (main.py:485): Watchdog: Heartbeat (Dump: 'logs/freeze_dump.txt')
2026-06-07 19:02:07 [DEBUG   ] forensic.server.router (router.py:104): Router: POST /_forensic/windows (ajax=True)
2026-06-07 19:02:07 [DEBUG   ] forensic.forensic_api.windows (windows.py:287): /_forensic/windows POST: Fenster 'e2abfb40-fb13-407a-94e9-c0dc3b791e63' (Rolle 'userinfo') registriert
2026-06-07 19:02:07 [DEBUG   ] forensic.server.http_server (http_server.py:115): HTTP "POST /_forensic/windows HTTP/1.1" 200 -
2026-06-07 19:02:07 [DEBUG   ] forensic.server.router (router.py:104): Router: POST /_forensic/windows (ajax=True)
2026-06-07 19:02:07 [DEBUG   ] forensic.forensic_api.windows (windows.py:287): /_forensic/windows POST: Fenster 'b486fd93-6ef4-4db2-bafa-20c63f515c97' (Rolle 'report') registriert
2026-06-07 19:02:07 [DEBUG   ] forensic.server.http_server (http_server.py:115): HTTP "POST /_forensic/windows HTTP/1.1" 200 -
2026-06-07 19:02:18 [DEBUG   ] forensic.server.router (router.py:104): Router: POST /_forensic/windows (ajax=True)
2026-06-07 19:02:18 [DEBUG   ] forensic.forensic_api.windows (windows.py:287): /_forensic/windows POST: Fenster '28647da4-1b6f-40de-8490-df54938e70d5' (Rolle 'userinfo') registriert
2026-06-07 19:02:18 [DEBUG   ] forensic.server.http_server (http_server.py:115): HTTP "POST /_forensic/windows HTTP/1.1" 200 -
2026-06-07 19:02:31 [DEBUG   ] forensic (main.py:485): Watchdog: Heartbeat (Dump: 'logs/freeze_dump.txt')
2026-06-07 19:02:37 [DEBUG   ] forensic.server.router (router.py:104): Router: POST /_forensic/windows (ajax=True)
2026-06-07 19:02:37 [DEBUG   ] forensic.forensic_api.windows (windows.py:287): /_forensic/windows POST: Fenster 'e2abfb40-fb13-407a-94e9-c0dc3b791e63' (Rolle 'userinfo') registriert
2026-06-07 19:02:37 [DEBUG   ] forensic.server.http_server (http_server.py:115): HTTP "POST /_forensic/windows HTTP/1.1" 200 -
2026-06-07 19:02:37 [DEBUG   ] forensic.server.router (router.py:104): Router: POST /_forensic/windows (ajax=True)
2026-06-07 19:02:37 [DEBUG   ] forensic.forensic_api.windows (windows.py:287): /_forensic/windows POST: Fenster 'b486fd93-6ef4-4db2-bafa-20c63f515c97' (Rolle 'report') registriert
2026-06-07 19:02:37 [DEBUG   ] forensic.server.http_server (http_server.py:115): HTTP "POST /_forensic/windows HTTP/1.1" 200 -
2026-06-07 19:02:48 [DEBUG   ] forensic.server.router (router.py:104): Router: POST /_forensic/windows (ajax=True)
2026-06-07 19:02:48 [DEBUG   ] forensic.forensic_api.windows (windows.py:287): /_forensic/windows POST: Fenster '28647da4-1b6f-40de-8490-df54938e70d5' (Rolle 'userinfo') registriert
2026-06-07 19:02:48 [DEBUG   ] forensic.server.http_server (http_server.py:115): HTTP "POST /_forensic/windows HTTP/1.1" 200 -
2026-06-07 19:02:50 [DEBUG   ] forensic.server.router (router.py:104): Router: POST /_forensic/windows (ajax=True)
2026-06-07 19:02:50 [DEBUG   ] forensic.forensic_api.windows (windows.py:287): /_forensic/windows POST: Fenster 'b1de0a1f-3b7c-4ce1-81c7-a2324ccd5457' (Rolle 'main') registriert
2026-06-07 19:02:50 [DEBUG   ] forensic.server.http_server (http_server.py:115): HTTP "POST /_forensic/windows HTTP/1.1" 200 -
2026-06-07 19:02:50 [DEBUG   ] forensic.server.router (router.py:104): Router: POST /_forensic/windows (ajax=True)
2026-06-07 19:02:50 [DEBUG   ] forensic.forensic_api.windows (windows.py:287): /_forensic/windows POST: Fenster '6c9c384f-d503-449b-a512-06c973b9d079' (Rolle 'main') registriert
2026-06-07 19:02:50 [DEBUG   ] forensic.server.http_server (http_server.py:115): HTTP "POST /_forensic/windows HTTP/1.1" 200 -
2026-06-07 19:03:01 [DEBUG   ] forensic (main.py:485): Watchdog: Heartbeat (Dump: 'logs/freeze_dump.txt')
2026-06-07 19:03:07 [DEBUG   ] forensic.server.router (router.py:104): Router: POST /_forensic/windows (ajax=True)
2026-06-07 19:03:07 [DEBUG   ] forensic.forensic_api.windows (windows.py:287): /_forensic/windows POST: Fenster 'e2abfb40-fb13-407a-94e9-c0dc3b791e63' (Rolle 'userinfo') registriert
2026-06-07 19:03:07 [DEBUG   ] forensic.server.http_server (http_server.py:115): HTTP "POST /_forensic/windows HTTP/1.1" 200 -
2026-06-07 19:03:07 [DEBUG   ] forensic.server.router (router.py:104): Router: POST /_forensic/windows (ajax=True)
2026-06-07 19:03:07 [DEBUG   ] forensic.forensic_api.windows (windows.py:287): /_forensic/windows POST: Fenster 'b486fd93-6ef4-4db2-bafa-20c63f515c97' (Rolle 'report') registriert
2026-06-07 19:03:07 [DEBUG   ] forensic.server.http_server (http_server.py:115): HTTP "POST /_forensic/windows HTTP/1.1" 200 -
2026-06-07 19:03:18 [DEBUG   ] forensic.server.router (router.py:104): Router: POST /_forensic/windows (ajax=True)
2026-06-07 19:03:18 [DEBUG   ] forensic.forensic_api.windows (windows.py:287): /_forensic/windows POST: Fenster '28647da4-1b6f-40de-8490-df54938e70d5' (Rolle 'userinfo') registriert
2026-06-07 19:03:18 [DEBUG   ] forensic.server.http_server (http_server.py:115): HTTP "POST /_forensic/windows HTTP/1.1" 200 -
2026-06-07 19:03:31 [DEBUG   ] forensic (main.py:485): Watchdog: Heartbeat (Dump: 'logs/freeze_dump.txt')
2026-06-07 19:03:37 [DEBUG   ] forensic.server.router (router.py:104): Router: POST /_forensic/windows (ajax=True)
2026-06-07 19:03:37 [DEBUG   ] forensic.forensic_api.windows (windows.py:287): /_forensic/windows POST: Fenster 'e2abfb40-fb13-407a-94e9-c0dc3b791e63' (Rolle 'userinfo') registriert
2026-06-07 19:03:37 [DEBUG   ] forensic.server.http_server (http_server.py:115): HTTP "POST /_forensic/windows HTTP/1.1" 200 -
2026-06-07 19:03:37 [DEBUG   ] forensic.server.router (router.py:104): Router: POST /_forensic/windows (ajax=True)
2026-06-07 19:03:37 [DEBUG   ] forensic.forensic_api.windows (windows.py:287): /_forensic/windows POST: Fenster 'b486fd93-6ef4-4db2-bafa-20c63f515c97' (Rolle 'report') registriert
2026-06-07 19:03:37 [DEBUG   ] forensic.server.http_server (http_server.py:115): HTTP "POST /_forensic/windows HTTP/1.1" 200 -
2026-06-07 19:03:48 [DEBUG   ] forensic.server.router (router.py:104): Router: POST /_forensic/windows (ajax=True)
2026-06-07 19:03:48 [DEBUG   ] forensic.forensic_api.windows (windows.py:287): /_forensic/windows POST: Fenster '28647da4-1b6f-40de-8490-df54938e70d5' (Rolle 'userinfo') registriert
2026-06-07 19:03:48 [DEBUG   ] forensic.server.http_server (http_server.py:115): HTTP "POST /_forensic/windows HTTP/1.1" 200 -
2026-06-07 19:03:50 [DEBUG   ] forensic.server.router (router.py:104): Router: POST /_forensic/windows (ajax=True)
2026-06-07 19:03:50 [DEBUG   ] forensic.forensic_api.windows (windows.py:287): /_forensic/windows POST: Fenster 'b1de0a1f-3b7c-4ce1-81c7-a2324ccd5457' (Rolle 'main') registriert
2026-06-07 19:03:50 [DEBUG   ] forensic.server.http_server (http_server.py:115): HTTP "POST /_forensic/windows HTTP/1.1" 200 -
2026-06-07 19:03:50 [DEBUG   ] forensic.server.router (router.py:104): Router: POST /_forensic/windows (ajax=True)
2026-06-07 19:03:50 [DEBUG   ] forensic.forensic_api.windows (windows.py:287): /_forensic/windows POST: Fenster '6c9c384f-d503-449b-a512-06c973b9d079' (Rolle 'main') registriert
2026-06-07 19:03:50 [DEBUG   ] forensic.server.http_server (http_server.py:115): HTTP "POST /_forensic/windows HTTP/1.1" 200 -
2026-06-07 19:04:01 [DEBUG   ] forensic (main.py:485): Watchdog: Heartbeat (Dump: 'logs/freeze_dump.txt')
2026-06-07 19:04:07 [DEBUG   ] forensic.server.router (router.py:104): Router: POST /_forensic/windows (ajax=True)
2026-06-07 19:04:07 [DEBUG   ] forensic.forensic_api.windows (windows.py:287): /_forensic/windows POST: Fenster 'e2abfb40-fb13-407a-94e9-c0dc3b791e63' (Rolle 'userinfo') registriert
2026-06-07 19:04:07 [DEBUG   ] forensic.server.http_server (http_server.py:115): HTTP "POST /_forensic/windows HTTP/1.1" 200 -
2026-06-07 19:04:07 [DEBUG   ] forensic.server.router (router.py:104): Router: POST /_forensic/windows (ajax=True)
2026-06-07 19:04:07 [DEBUG   ] forensic.forensic_api.windows (windows.py:287): /_forensic/windows POST: Fenster 'b486fd93-6ef4-4db2-bafa-20c63f515c97' (Rolle 'report') registriert
2026-06-07 19:04:07 [DEBUG   ] forensic.server.http_server (http_server.py:115): HTTP "POST /_forensic/windows HTTP/1.1" 200 -
2026-06-07 19:04:18 [DEBUG   ] forensic.server.router (router.py:104): Router: POST /_forensic/windows (ajax=True)
2026-06-07 19:04:18 [DEBUG   ] forensic.forensic_api.windows (windows.py:287): /_forensic/windows POST: Fenster '28647da4-1b6f-40de-8490-df54938e70d5' (Rolle 'userinfo') registriert
2026-06-07 19:04:18 [DEBUG   ] forensic.server.http_server (http_server.py:115): HTTP "POST /_forensic/windows HTTP/1.1" 200 -
2026-06-07 19:04:31 [DEBUG   ] forensic (main.py:485): Watchdog: Heartbeat (Dump: 'logs/freeze_dump.txt')
2026-06-07 19:04:37 [DEBUG   ] forensic.server.router (router.py:104): Router: POST /_forensic/windows (ajax=True)
2026-06-07 19:04:37 [DEBUG   ] forensic.forensic_api.windows (windows.py:287): /_forensic/windows POST: Fenster 'e2abfb40-fb13-407a-94e9-c0dc3b791e63' (Rolle 'userinfo') registriert
2026-06-07 19:04:37 [DEBUG   ] forensic.server.http_server (http_server.py:115): HTTP "POST /_forensic/windows HTTP/1.1" 200 -
2026-06-07 19:04:37 [DEBUG   ] forensic.server.router (router.py:104): Router: POST /_forensic/windows (ajax=True)
2026-06-07 19:04:37 [DEBUG   ] forensic.forensic_api.windows (windows.py:287): /_forensic/windows POST: Fenster 'b486fd93-6ef4-4db2-bafa-20c63f515c97' (Rolle 'report') registriert
2026-06-07 19:04:37 [DEBUG   ] forensic.server.http_server (http_server.py:115): HTTP "POST /_forensic/windows HTTP/1.1" 200 -
2026-06-07 19:04:48 [DEBUG   ] forensic.server.router (router.py:104): Router: POST /_forensic/windows (ajax=True)
2026-06-07 19:04:48 [DEBUG   ] forensic.forensic_api.windows (windows.py:287): /_forensic/windows POST: Fenster '28647da4-1b6f-40de-8490-df54938e70d5' (Rolle 'userinfo') registriert
2026-06-07 19:04:48 [DEBUG   ] forensic.server.http_server (http_server.py:115): HTTP "POST /_forensic/windows HTTP/1.1" 200 -
2026-06-07 19:04:50 [DEBUG   ] forensic.server.router (router.py:104): Router: POST /_forensic/windows (ajax=True)
2026-06-07 19:04:50 [DEBUG   ] forensic.forensic_api.windows (windows.py:287): /_forensic/windows POST: Fenster '6c9c384f-d503-449b-a512-06c973b9d079' (Rolle 'main') registriert
2026-06-07 19:04:50 [DEBUG   ] forensic.server.http_server (http_server.py:115): HTTP "POST /_forensic/windows HTTP/1.1" 200 -
2026-06-07 19:04:50 [DEBUG   ] forensic.server.router (router.py:104): Router: POST /_forensic/windows (ajax=True)
2026-06-07 19:04:50 [DEBUG   ] forensic.forensic_api.windows (windows.py:287): /_forensic/windows POST: Fenster 'b1de0a1f-3b7c-4ce1-81c7-a2324ccd5457' (Rolle 'main') registriert
2026-06-07 19:04:50 [DEBUG   ] forensic.server.http_server (http_server.py:115): HTTP "POST /_forensic/windows HTTP/1.1" 200 -
2026-06-07 19:05:01 [DEBUG   ] forensic (main.py:485): Watchdog: Heartbeat (Dump: 'logs/freeze_dump.txt')
2026-06-07 19:05:07 [DEBUG   ] forensic.server.router (router.py:104): Router: POST /_forensic/windows (ajax=True)
2026-06-07 19:05:07 [DEBUG   ] forensic.forensic_api.windows (windows.py:287): /_forensic/windows POST: Fenster 'e2abfb40-fb13-407a-94e9-c0dc3b791e63' (Rolle 'userinfo') registriert
2026-06-07 19:05:07 [DEBUG   ] forensic.server.http_server (http_server.py:115): HTTP "POST /_forensic/windows HTTP/1.1" 200 -
2026-06-07 19:05:07 [DEBUG   ] forensic.server.router (router.py:104): Router: POST /_forensic/windows (ajax=True)
2026-06-07 19:05:07 [DEBUG   ] forensic.forensic_api.windows (windows.py:287): /_forensic/windows POST: Fenster 'b486fd93-6ef4-4db2-bafa-20c63f515c97' (Rolle 'report') registriert
2026-06-07 19:05:07 [DEBUG   ] forensic.server.http_server (http_server.py:115): HTTP "POST /_forensic/windows HTTP/1.1" 200 -
2026-06-07 19:05:18 [DEBUG   ] forensic.server.router (router.py:104): Router: POST /_forensic/windows (ajax=True)
2026-06-07 19:05:18 [DEBUG   ] forensic.forensic_api.windows (windows.py:287): /_forensic/windows POST: Fenster '28647da4-1b6f-40de-8490-df54938e70d5' (Rolle 'userinfo') registriert
2026-06-07 19:05:18 [DEBUG   ] forensic.server.http_server (http_server.py:115): HTTP "POST /_forensic/windows HTTP/1.1" 200 -
2026-06-07 19:05:31 [DEBUG   ] forensic (main.py:485): Watchdog: Heartbeat (Dump: 'logs/freeze_dump.txt')
2026-06-07 19:05:37 [DEBUG   ] forensic.server.router (router.py:104): Router: POST /_forensic/windows (ajax=True)
2026-06-07 19:05:37 [DEBUG   ] forensic.forensic_api.windows (windows.py:287): /_forensic/windows POST: Fenster 'e2abfb40-fb13-407a-94e9-c0dc3b791e63' (Rolle 'userinfo') registriert
2026-06-07 19:05:37 [DEBUG   ] forensic.server.http_server (http_server.py:115): HTTP "POST /_forensic/windows HTTP/1.1" 200 -
2026-06-07 19:05:37 [DEBUG   ] forensic.server.router (router.py:104): Router: POST /_forensic/windows (ajax=True)
2026-06-07 19:05:37 [DEBUG   ] forensic.forensic_api.windows (windows.py:287): /_forensic/windows POST: Fenster 'b486fd93-6ef4-4db2-bafa-20c63f515c97' (Rolle 'report') registriert
2026-06-07 19:05:37 [DEBUG   ] forensic.server.http_server (http_server.py:115): HTTP "POST /_forensic/windows HTTP/1.1" 200 -
2026-06-07 19:05:48 [DEBUG   ] forensic.server.router (router.py:104): Router: POST /_forensic/windows (ajax=True)
2026-06-07 19:05:48 [DEBUG   ] forensic.forensic_api.windows (windows.py:287): /_forensic/windows POST: Fenster '28647da4-1b6f-40de-8490-df54938e70d5' (Rolle 'userinfo') registriert
2026-06-07 19:05:48 [DEBUG   ] forensic.server.http_server (http_server.py:115): HTTP "POST /_forensic/windows HTTP/1.1" 200 -
2026-06-07 19:05:50 [DEBUG   ] forensic.server.router (router.py:104): Router: POST /_forensic/windows (ajax=True)
2026-06-07 19:05:50 [DEBUG   ] forensic.forensic_api.windows (windows.py:287): /_forensic/windows POST: Fenster 'b1de0a1f-3b7c-4ce1-81c7-a2324ccd5457' (Rolle 'main') registriert
2026-06-07 19:05:50 [DEBUG   ] forensic.server.http_server (http_server.py:115): HTTP "POST /_forensic/windows HTTP/1.1" 200 -
2026-06-07 19:05:50 [DEBUG   ] forensic.server.router (router.py:104): Router: POST /_forensic/windows (ajax=True)
2026-06-07 19:05:50 [DEBUG   ] forensic.forensic_api.windows (windows.py:287): /_forensic/windows POST: Fenster '6c9c384f-d503-449b-a512-06c973b9d079' (Rolle 'main') registriert
2026-06-07 19:05:50 [DEBUG   ] forensic.server.http_server (http_server.py:115): HTTP "POST /_forensic/windows HTTP/1.1" 200 -
2026-06-07 19:06:01 [DEBUG   ] forensic (main.py:485): Watchdog: Heartbeat (Dump: 'logs/freeze_dump.txt')
2026-06-07 19:06:07 [DEBUG   ] forensic.server.router (router.py:104): Router: POST /_forensic/windows (ajax=True)
2026-06-07 19:06:07 [DEBUG   ] forensic.forensic_api.windows (windows.py:287): /_forensic/windows POST: Fenster 'e2abfb40-fb13-407a-94e9-c0dc3b791e63' (Rolle 'userinfo') registriert
2026-06-07 19:06:07 [DEBUG   ] forensic.server.http_server (http_server.py:115): HTTP "POST /_forensic/windows HTTP/1.1" 200 -
2026-06-07 19:06:07 [DEBUG   ] forensic.server.router (router.py:104): Router: POST /_forensic/windows (ajax=True)
2026-06-07 19:06:07 [DEBUG   ] forensic.forensic_api.windows (windows.py:287): /_forensic/windows POST: Fenster 'b486fd93-6ef4-4db2-bafa-20c63f515c97' (Rolle 'report') registriert
2026-06-07 19:06:07 [DEBUG   ] forensic.server.http_server (http_server.py:115): HTTP "POST /_forensic/windows HTTP/1.1" 200 -
2026-06-07 19:06:18 [DEBUG   ] forensic.server.router (router.py:104): Router: POST /_forensic/windows (ajax=True)
2026-06-07 19:06:18 [DEBUG   ] forensic.forensic_api.windows (windows.py:287): /_forensic/windows POST: Fenster '28647da4-1b6f-40de-8490-df54938e70d5' (Rolle 'userinfo') registriert
2026-06-07 19:06:18 [DEBUG   ] forensic.server.http_server (http_server.py:115): HTTP "POST /_forensic/windows HTTP/1.1" 200 -
2026-06-07 19:06:31 [DEBUG   ] forensic (main.py:485): Watchdog: Heartbeat (Dump: 'logs/freeze_dump.txt')
2026-06-07 19:06:37 [DEBUG   ] forensic.server.router (router.py:104): Router: POST /_forensic/windows (ajax=True)
2026-06-07 19:06:37 [DEBUG   ] forensic.forensic_api.windows (windows.py:287): /_forensic/windows POST: Fenster 'e2abfb40-fb13-407a-94e9-c0dc3b791e63' (Rolle 'userinfo') registriert
2026-06-07 19:06:37 [DEBUG   ] forensic.server.http_server (http_server.py:115): HTTP "POST /_forensic/windows HTTP/1.1" 200 -
2026-06-07 19:06:37 [DEBUG   ] forensic.server.router (router.py:104): Router: POST /_forensic/windows (ajax=True)
2026-06-07 19:06:37 [DEBUG   ] forensic.forensic_api.windows (windows.py:287): /_forensic/windows POST: Fenster 'b486fd93-6ef4-4db2-bafa-20c63f515c97' (Rolle 'report') registriert
2026-06-07 19:06:37 [DEBUG   ] forensic.server.http_server (http_server.py:115): HTTP "POST /_forensic/windows HTTP/1.1" 200 -
2026-06-07 19:06:48 [DEBUG   ] forensic.server.router (router.py:104): Router: POST /_forensic/windows (ajax=True)
2026-06-07 19:06:48 [DEBUG   ] forensic.forensic_api.windows (windows.py:287): /_forensic/windows POST: Fenster '28647da4-1b6f-40de-8490-df54938e70d5' (Rolle 'userinfo') registriert
2026-06-07 19:06:48 [DEBUG   ] forensic.server.http_server (http_server.py:115): HTTP "POST /_forensic/windows HTTP/1.1" 200 -
2026-06-07 19:06:50 [DEBUG   ] forensic.server.router (router.py:104): Router: POST /_forensic/windows (ajax=True)
2026-06-07 19:06:50 [DEBUG   ] forensic.forensic_api.windows (windows.py:287): /_forensic/windows POST: Fenster 'b1de0a1f-3b7c-4ce1-81c7-a2324ccd5457' (Rolle 'main') registriert
2026-06-07 19:06:50 [DEBUG   ] forensic.server.http_server (http_server.py:115): HTTP "POST /_forensic/windows HTTP/1.1" 200 -
2026-06-07 19:06:50 [DEBUG   ] forensic.server.router (router.py:104): Router: POST /_forensic/windows (ajax=True)
2026-06-07 19:06:50 [DEBUG   ] forensic.forensic_api.windows (windows.py:287): /_forensic/windows POST: Fenster '6c9c384f-d503-449b-a512-06c973b9d079' (Rolle 'main') registriert
2026-06-07 19:06:50 [DEBUG   ] forensic.server.http_server (http_server.py:115): HTTP "POST /_forensic/windows HTTP/1.1" 200 -
2026-06-07 19:07:01 [DEBUG   ] forensic (main.py:485): Watchdog: Heartbeat (Dump: 'logs/freeze_dump.txt')
2026-06-07 19:07:07 [DEBUG   ] forensic.server.router (router.py:104): Router: POST /_forensic/windows (ajax=True)
2026-06-07 19:07:07 [DEBUG   ] forensic.forensic_api.windows (windows.py:287): /_forensic/windows POST: Fenster 'e2abfb40-fb13-407a-94e9-c0dc3b791e63' (Rolle 'userinfo') registriert
2026-06-07 19:07:07 [DEBUG   ] forensic.server.http_server (http_server.py:115): HTTP "POST /_forensic/windows HTTP/1.1" 200 -
2026-06-07 19:07:07 [DEBUG   ] forensic.server.router (router.py:104): Router: POST /_forensic/windows (ajax=True)
2026-06-07 19:07:07 [DEBUG   ] forensic.forensic_api.windows (windows.py:287): /_forensic/windows POST: Fenster 'b486fd93-6ef4-4db2-bafa-20c63f515c97' (Rolle 'report') registriert
2026-06-07 19:07:07 [DEBUG   ] forensic.server.http_server (http_server.py:115): HTTP "POST /_forensic/windows HTTP/1.1" 200 -
2026-06-07 19:07:18 [DEBUG   ] forensic.server.router (router.py:104): Router: POST /_forensic/windows (ajax=True)
2026-06-07 19:07:18 [DEBUG   ] forensic.forensic_api.windows (windows.py:287): /_forensic/windows POST: Fenster '28647da4-1b6f-40de-8490-df54938e70d5' (Rolle 'userinfo') registriert
2026-06-07 19:07:18 [DEBUG   ] forensic.server.http_server (http_server.py:115): HTTP "POST /_forensic/windows HTTP/1.1" 200 -
2026-06-07 19:07:31 [DEBUG   ] forensic (main.py:485): Watchdog: Heartbeat (Dump: 'logs/freeze_dump.txt')
2026-06-07 19:07:37 [DEBUG   ] forensic.server.router (router.py:104): Router: POST /_forensic/windows (ajax=True)
2026-06-07 19:07:37 [DEBUG   ] forensic.forensic_api.windows (windows.py:287): /_forensic/windows POST: Fenster 'e2abfb40-fb13-407a-94e9-c0dc3b791e63' (Rolle 'userinfo') registriert
2026-06-07 19:07:37 [DEBUG   ] forensic.server.http_server (http_server.py:115): HTTP "POST /_forensic/windows HTTP/1.1" 200 -
2026-06-07 19:07:37 [DEBUG   ] forensic.server.router (router.py:104): Router: POST /_forensic/windows (ajax=True)
2026-06-07 19:07:37 [DEBUG   ] forensic.forensic_api.windows (windows.py:287): /_forensic/windows POST: Fenster 'b486fd93-6ef4-4db2-bafa-20c63f515c97' (Rolle 'report') registriert
2026-06-07 19:07:37 [DEBUG   ] forensic.server.http_server (http_server.py:115): HTTP "POST /_forensic/windows HTTP/1.1" 200 -
2026-06-07 19:07:48 [DEBUG   ] forensic.server.router (router.py:104): Router: POST /_forensic/windows (ajax=True)
2026-06-07 19:07:48 [DEBUG   ] forensic.forensic_api.windows (windows.py:287): /_forensic/windows POST: Fenster '28647da4-1b6f-40de-8490-df54938e70d5' (Rolle 'userinfo') registriert
2026-06-07 19:07:48 [DEBUG   ] forensic.server.http_server (http_server.py:115): HTTP "POST /_forensic/windows HTTP/1.1" 200 -
2026-06-07 19:07:50 [DEBUG   ] forensic.server.router (router.py:104): Router: POST /_forensic/windows (ajax=True)
2026-06-07 19:07:50 [DEBUG   ] forensic.forensic_api.windows (windows.py:287): /_forensic/windows POST: Fenster 'b1de0a1f-3b7c-4ce1-81c7-a2324ccd5457' (Rolle 'main') registriert
2026-06-07 19:07:50 [DEBUG   ] forensic.server.http_server (http_server.py:115): HTTP "POST /_forensic/windows HTTP/1.1" 200 -
2026-06-07 19:07:50 [DEBUG   ] forensic.server.router (router.py:104): Router: POST /_forensic/windows (ajax=True)
2026-06-07 19:07:50 [DEBUG   ] forensic.forensic_api.windows (windows.py:287): /_forensic/windows POST: Fenster '6c9c384f-d503-449b-a512-06c973b9d079' (Rolle 'main') registriert
2026-06-07 19:07:50 [DEBUG   ] forensic.server.http_server (http_server.py:115): HTTP "POST /_forensic/windows HTTP/1.1" 200 -
2026-06-07 19:08:01 [DEBUG   ] forensic (main.py:485): Watchdog: Heartbeat (Dump: 'logs/freeze_dump.txt')
2026-06-07 19:08:07 [DEBUG   ] forensic.server.router (router.py:104): Router: POST /_forensic/windows (ajax=True)
2026-06-07 19:08:07 [DEBUG   ] forensic.forensic_api.windows (windows.py:287): /_forensic/windows POST: Fenster 'e2abfb40-fb13-407a-94e9-c0dc3b791e63' (Rolle 'userinfo') registriert
2026-06-07 19:08:07 [DEBUG   ] forensic.server.http_server (http_server.py:115): HTTP "POST /_forensic/windows HTTP/1.1" 200 -
2026-06-07 19:08:07 [DEBUG   ] forensic.server.router (router.py:104): Router: POST /_forensic/windows (ajax=True)
2026-06-07 19:08:07 [DEBUG   ] forensic.forensic_api.windows (windows.py:287): /_forensic/windows POST: Fenster 'b486fd93-6ef4-4db2-bafa-20c63f515c97' (Rolle 'report') registriert
2026-06-07 19:08:07 [DEBUG   ] forensic.server.http_server (http_server.py:115): HTTP "POST /_forensic/windows HTTP/1.1" 200 -
2026-06-07 19:08:18 [DEBUG   ] forensic.server.router (router.py:104): Router: POST /_forensic/windows (ajax=True)
2026-06-07 19:08:18 [DEBUG   ] forensic.forensic_api.windows (windows.py:287): /_forensic/windows POST: Fenster '28647da4-1b6f-40de-8490-df54938e70d5' (Rolle 'userinfo') registriert
2026-06-07 19:08:18 [DEBUG   ] forensic.server.http_server (http_server.py:115): HTTP "POST /_forensic/windows HTTP/1.1" 200 -
2026-06-07 19:08:31 [DEBUG   ] forensic (main.py:485): Watchdog: Heartbeat (Dump: 'logs/freeze_dump.txt')
2026-06-07 19:08:37 [DEBUG   ] forensic.server.router (router.py:104): Router: POST /_forensic/windows (ajax=True)
2026-06-07 19:08:37 [DEBUG   ] forensic.forensic_api.windows (windows.py:287): /_forensic/windows POST: Fenster 'e2abfb40-fb13-407a-94e9-c0dc3b791e63' (Rolle 'userinfo') registriert
2026-06-07 19:08:37 [DEBUG   ] forensic.server.http_server (http_server.py:115): HTTP "POST /_forensic/windows HTTP/1.1" 200 -
2026-06-07 19:08:37 [DEBUG   ] forensic.server.router (router.py:104): Router: POST /_forensic/windows (ajax=True)
2026-06-07 19:08:37 [DEBUG   ] forensic.forensic_api.windows (windows.py:287): /_forensic/windows POST: Fenster 'b486fd93-6ef4-4db2-bafa-20c63f515c97' (Rolle 'report') registriert
2026-06-07 19:08:37 [DEBUG   ] forensic.server.http_server (http_server.py:115): HTTP "POST /_forensic/windows HTTP/1.1" 200 -
2026-06-07 19:08:48 [DEBUG   ] forensic.server.router (router.py:104): Router: POST /_forensic/windows (ajax=True)
2026-06-07 19:08:48 [DEBUG   ] forensic.forensic_api.windows (windows.py:287): /_forensic/windows POST: Fenster '28647da4-1b6f-40de-8490-df54938e70d5' (Rolle 'userinfo') registriert
2026-06-07 19:08:48 [DEBUG   ] forensic.server.http_server (http_server.py:115): HTTP "POST /_forensic/windows HTTP/1.1" 200 -
2026-06-07 19:08:50 [DEBUG   ] forensic.server.router (router.py:104): Router: POST /_forensic/windows (ajax=True)
2026-06-07 19:08:50 [DEBUG   ] forensic.forensic_api.windows (windows.py:287): /_forensic/windows POST: Fenster '6c9c384f-d503-449b-a512-06c973b9d079' (Rolle 'main') registriert
2026-06-07 19:08:50 [DEBUG   ] forensic.server.http_server (http_server.py:115): HTTP "POST /_forensic/windows HTTP/1.1" 200 -
2026-06-07 19:08:50 [DEBUG   ] forensic.server.router (router.py:104): Router: POST /_forensic/windows (ajax=True)
2026-06-07 19:08:50 [DEBUG   ] forensic.forensic_api.windows (windows.py:287): /_forensic/windows POST: Fenster 'b1de0a1f-3b7c-4ce1-81c7-a2324ccd5457' (Rolle 'main') registriert
2026-06-07 19:08:50 [DEBUG   ] forensic.server.http_server (http_server.py:115): HTTP "POST /_forensic/windows HTTP/1.1" 200 -
2026-06-07 19:09:01 [DEBUG   ] forensic (main.py:485): Watchdog: Heartbeat (Dump: 'logs/freeze_dump.txt')
2026-06-07 19:09:07 [DEBUG   ] forensic.server.router (router.py:104): Router: POST /_forensic/windows (ajax=True)
2026-06-07 19:09:07 [DEBUG   ] forensic.forensic_api.windows (windows.py:287): /_forensic/windows POST: Fenster 'e2abfb40-fb13-407a-94e9-c0dc3b791e63' (Rolle 'userinfo') registriert
2026-06-07 19:09:07 [DEBUG   ] forensic.server.http_server (http_server.py:115): HTTP "POST /_forensic/windows HTTP/1.1" 200 -
2026-06-07 19:09:07 [DEBUG   ] forensic.server.router (router.py:104): Router: POST /_forensic/windows (ajax=True)
2026-06-07 19:09:07 [DEBUG   ] forensic.forensic_api.windows (windows.py:287): /_forensic/windows POST: Fenster 'b486fd93-6ef4-4db2-bafa-20c63f515c97' (Rolle 'report') registriert
2026-06-07 19:09:07 [DEBUG   ] forensic.server.http_server (http_server.py:115): HTTP "POST /_forensic/windows HTTP/1.1" 200 -
2026-06-07 19:09:18 [DEBUG   ] forensic.server.router (router.py:104): Router: POST /_forensic/windows (ajax=True)
2026-06-07 19:09:18 [DEBUG   ] forensic.forensic_api.windows (windows.py:287): /_forensic/windows POST: Fenster '28647da4-1b6f-40de-8490-df54938e70d5' (Rolle 'userinfo') registriert
2026-06-07 19:09:18 [DEBUG   ] forensic.server.http_server (http_server.py:115): HTTP "POST /_forensic/windows HTTP/1.1" 200 -
2026-06-07 19:09:31 [DEBUG   ] forensic (main.py:485): Watchdog: Heartbeat (Dump: 'logs/freeze_dump.txt')
2026-06-07 19:09:37 [DEBUG   ] forensic.server.router (router.py:104): Router: POST /_forensic/windows (ajax=True)
2026-06-07 19:09:37 [DEBUG   ] forensic.forensic_api.windows (windows.py:287): /_forensic/windows POST: Fenster 'e2abfb40-fb13-407a-94e9-c0dc3b791e63' (Rolle 'userinfo') registriert
2026-06-07 19:09:37 [DEBUG   ] forensic.server.http_server (http_server.py:115): HTTP "POST /_forensic/windows HTTP/1.1" 200 -
2026-06-07 19:09:37 [DEBUG   ] forensic.server.router (router.py:104): Router: POST /_forensic/windows (ajax=True)
2026-06-07 19:09:37 [DEBUG   ] forensic.forensic_api.windows (windows.py:287): /_forensic/windows POST: Fenster 'b486fd93-6ef4-4db2-bafa-20c63f515c97' (Rolle 'report') registriert
2026-06-07 19:09:37 [DEBUG   ] forensic.server.http_server (http_server.py:115): HTTP "POST /_forensic/windows HTTP/1.1" 200 -
2026-06-07 19:09:48 [DEBUG   ] forensic.server.router (router.py:104): Router: POST /_forensic/windows (ajax=True)
2026-06-07 19:09:48 [DEBUG   ] forensic.forensic_api.windows (windows.py:287): /_forensic/windows POST: Fenster '28647da4-1b6f-40de-8490-df54938e70d5' (Rolle 'userinfo') registriert
2026-06-07 19:09:48 [DEBUG   ] forensic.server.http_server (http_server.py:115): HTTP "POST /_forensic/windows HTTP/1.1" 200 -
2026-06-07 19:09:50 [DEBUG   ] forensic.server.router (router.py:104): Router: POST /_forensic/windows (ajax=True)
2026-06-07 19:09:50 [DEBUG   ] forensic.forensic_api.windows (windows.py:287): /_forensic/windows POST: Fenster '6c9c384f-d503-449b-a512-06c973b9d079' (Rolle 'main') registriert
2026-06-07 19:09:50 [DEBUG   ] forensic.server.http_server (http_server.py:115): HTTP "POST /_forensic/windows HTTP/1.1" 200 -
2026-06-07 19:09:50 [DEBUG   ] forensic.server.router (router.py:104): Router: POST /_forensic/windows (ajax=True)
2026-06-07 19:09:50 [DEBUG   ] forensic.forensic_api.windows (windows.py:287): /_forensic/windows POST: Fenster 'b1de0a1f-3b7c-4ce1-81c7-a2324ccd5457' (Rolle 'main') registriert
2026-06-07 19:09:50 [DEBUG   ] forensic.server.http_server (http_server.py:115): HTTP "POST /_forensic/windows HTTP/1.1" 200 -
2026-06-07 19:10:01 [DEBUG   ] forensic (main.py:485): Watchdog: Heartbeat (Dump: 'logs/freeze_dump.txt')
2026-06-07 19:10:07 [DEBUG   ] forensic.server.router (router.py:104): Router: POST /_forensic/windows (ajax=True)
2026-06-07 19:10:07 [DEBUG   ] forensic.forensic_api.windows (windows.py:287): /_forensic/windows POST: Fenster 'e2abfb40-fb13-407a-94e9-c0dc3b791e63' (Rolle 'userinfo') registriert
2026-06-07 19:10:07 [DEBUG   ] forensic.server.http_server (http_server.py:115): HTTP "POST /_forensic/windows HTTP/1.1" 200 -
2026-06-07 19:10:07 [DEBUG   ] forensic.server.router (router.py:104): Router: POST /_forensic/windows (ajax=True)
2026-06-07 19:10:07 [DEBUG   ] forensic.forensic_api.windows (windows.py:287): /_forensic/windows POST: Fenster 'b486fd93-6ef4-4db2-bafa-20c63f515c97' (Rolle 'report') registriert
2026-06-07 19:10:07 [DEBUG   ] forensic.server.http_server (http_server.py:115): HTTP "POST /_forensic/windows HTTP/1.1" 200 -
2026-06-07 19:10:18 [DEBUG   ] forensic.server.router (router.py:104): Router: POST /_forensic/windows (ajax=True)
2026-06-07 19:10:18 [DEBUG   ] forensic.forensic_api.windows (windows.py:287): /_forensic/windows POST: Fenster '28647da4-1b6f-40de-8490-df54938e70d5' (Rolle 'userinfo') registriert
2026-06-07 19:10:18 [DEBUG   ] forensic.server.http_server (http_server.py:115): HTTP "POST /_forensic/windows HTTP/1.1" 200 -
2026-06-07 19:10:31 [DEBUG   ] forensic (main.py:485): Watchdog: Heartbeat (Dump: 'logs/freeze_dump.txt')
2026-06-07 19:10:37 [DEBUG   ] forensic.server.router (router.py:104): Router: POST /_forensic/windows (ajax=True)
2026-06-07 19:10:37 [DEBUG   ] forensic.forensic_api.windows (windows.py:287): /_forensic/windows POST: Fenster 'e2abfb40-fb13-407a-94e9-c0dc3b791e63' (Rolle 'userinfo') registriert
2026-06-07 19:10:37 [DEBUG   ] forensic.server.http_server (http_server.py:115): HTTP "POST /_forensic/windows HTTP/1.1" 200 -
2026-06-07 19:10:37 [DEBUG   ] forensic.server.router (router.py:104): Router: POST /_forensic/windows (ajax=True)
2026-06-07 19:10:37 [DEBUG   ] forensic.forensic_api.windows (windows.py:287): /_forensic/windows POST: Fenster 'b486fd93-6ef4-4db2-bafa-20c63f515c97' (Rolle 'report') registriert
2026-06-07 19:10:37 [DEBUG   ] forensic.server.http_server (http_server.py:115): HTTP "POST /_forensic/windows HTTP/1.1" 200 -
2026-06-07 19:10:48 [DEBUG   ] forensic.server.router (router.py:104): Router: POST /_forensic/windows (ajax=True)
2026-06-07 19:10:48 [DEBUG   ] forensic.forensic_api.windows (windows.py:287): /_forensic/windows POST: Fenster '28647da4-1b6f-40de-8490-df54938e70d5' (Rolle 'userinfo') registriert
2026-06-07 19:10:48 [DEBUG   ] forensic.server.http_server (http_server.py:115): HTTP "POST /_forensic/windows HTTP/1.1" 200 -
2026-06-07 19:10:50 [DEBUG   ] forensic.server.router (router.py:104): Router: POST /_forensic/windows (ajax=True)
2026-06-07 19:10:50 [DEBUG   ] forensic.forensic_api.windows (windows.py:287): /_forensic/windows POST: Fenster 'b1de0a1f-3b7c-4ce1-81c7-a2324ccd5457' (Rolle 'main') registriert
2026-06-07 19:10:50 [DEBUG   ] forensic.server.http_server (http_server.py:115): HTTP "POST /_forensic/windows HTTP/1.1" 200 -
2026-06-07 19:10:50 [DEBUG   ] forensic.server.router (router.py:104): Router: POST /_forensic/windows (ajax=True)
2026-06-07 19:10:50 [DEBUG   ] forensic.forensic_api.windows (windows.py:287): /_forensic/windows POST: Fenster '6c9c384f-d503-449b-a512-06c973b9d079' (Rolle 'main') registriert
2026-06-07 19:10:50 [DEBUG   ] forensic.server.http_server (http_server.py:115): HTTP "POST /_forensic/windows HTTP/1.1" 200 -
2026-06-07 19:11:01 [DEBUG   ] forensic (main.py:485): Watchdog: Heartbeat (Dump: 'logs/freeze_dump.txt')
2026-06-07 19:11:07 [DEBUG   ] forensic.server.router (router.py:104): Router: POST /_forensic/windows (ajax=True)
2026-06-07 19:11:07 [DEBUG   ] forensic.forensic_api.windows (windows.py:287): /_forensic/windows POST: Fenster 'e2abfb40-fb13-407a-94e9-c0dc3b791e63' (Rolle 'userinfo') registriert
2026-06-07 19:11:07 [DEBUG   ] forensic.server.http_server (http_server.py:115): HTTP "POST /_forensic/windows HTTP/1.1" 200 -
2026-06-07 19:11:07 [DEBUG   ] forensic.server.router (router.py:104): Router: POST /_forensic/windows (ajax=True)
2026-06-07 19:11:07 [DEBUG   ] forensic.forensic_api.windows (windows.py:287): /_forensic/windows POST: Fenster 'b486fd93-6ef4-4db2-bafa-20c63f515c97' (Rolle 'report') registriert
2026-06-07 19:11:07 [DEBUG   ] forensic.server.http_server (http_server.py:115): HTTP "POST /_forensic/windows HTTP/1.1" 200 -
2026-06-07 19:11:18 [DEBUG   ] forensic.server.router (router.py:104): Router: POST /_forensic/windows (ajax=True)
2026-06-07 19:11:18 [DEBUG   ] forensic.forensic_api.windows (windows.py:287): /_forensic/windows POST: Fenster '28647da4-1b6f-40de-8490-df54938e70d5' (Rolle 'userinfo') registriert
2026-06-07 19:11:18 [DEBUG   ] forensic.server.http_server (http_server.py:115): HTTP "POST /_forensic/windows HTTP/1.1" 200 -
2026-06-07 19:11:31 [DEBUG   ] forensic (main.py:485): Watchdog: Heartbeat (Dump: 'logs/freeze_dump.txt')
2026-06-07 19:11:37 [DEBUG   ] forensic.server.router (router.py:104): Router: POST /_forensic/windows (ajax=True)
2026-06-07 19:11:37 [DEBUG   ] forensic.forensic_api.windows (windows.py:287): /_forensic/windows POST: Fenster 'e2abfb40-fb13-407a-94e9-c0dc3b791e63' (Rolle 'userinfo') registriert
2026-06-07 19:11:37 [DEBUG   ] forensic.server.http_server (http_server.py:115): HTTP "POST /_forensic/windows HTTP/1.1" 200 -
2026-06-07 19:11:37 [DEBUG   ] forensic.server.router (router.py:104): Router: POST /_forensic/windows (ajax=True)
2026-06-07 19:11:37 [DEBUG   ] forensic.forensic_api.windows (windows.py:287): /_forensic/windows POST: Fenster 'b486fd93-6ef4-4db2-bafa-20c63f515c97' (Rolle 'report') registriert
2026-06-07 19:11:37 [DEBUG   ] forensic.server.http_server (http_server.py:115): HTTP "POST /_forensic/windows HTTP/1.1" 200 -
2026-06-07 19:11:48 [DEBUG   ] forensic.server.router (router.py:104): Router: POST /_forensic/windows (ajax=True)
2026-06-07 19:11:48 [DEBUG   ] forensic.forensic_api.windows (windows.py:287): /_forensic/windows POST: Fenster '28647da4-1b6f-40de-8490-df54938e70d5' (Rolle 'userinfo') registriert
2026-06-07 19:11:48 [DEBUG   ] forensic.server.http_server (http_server.py:115): HTTP "POST /_forensic/windows HTTP/1.1" 200 -
2026-06-07 19:11:50 [DEBUG   ] forensic.server.router (router.py:104): Router: POST /_forensic/windows (ajax=True)
2026-06-07 19:11:50 [DEBUG   ] forensic.forensic_api.windows (windows.py:287): /_forensic/windows POST: Fenster 'b1de0a1f-3b7c-4ce1-81c7-a2324ccd5457' (Rolle 'main') registriert
2026-06-07 19:11:50 [DEBUG   ] forensic.server.http_server (http_server.py:115): HTTP "POST /_forensic/windows HTTP/1.1" 200 -
2026-06-07 19:11:50 [DEBUG   ] forensic.server.router (router.py:104): Router: POST /_forensic/windows (ajax=True)
2026-06-07 19:11:50 [DEBUG   ] forensic.forensic_api.windows (windows.py:287): /_forensic/windows POST: Fenster '6c9c384f-d503-449b-a512-06c973b9d079' (Rolle 'main') registriert
2026-06-07 19:11:50 [DEBUG   ] forensic.server.http_server (http_server.py:115): HTTP "POST /_forensic/windows HTTP/1.1" 200 -
2026-06-07 19:12:01 [DEBUG   ] forensic (main.py:485): Watchdog: Heartbeat (Dump: 'logs/freeze_dump.txt')
2026-06-07 19:12:07 [DEBUG   ] forensic.server.router (router.py:104): Router: POST /_forensic/windows (ajax=True)
2026-06-07 19:12:07 [DEBUG   ] forensic.forensic_api.windows (windows.py:287): /_forensic/windows POST: Fenster 'e2abfb40-fb13-407a-94e9-c0dc3b791e63' (Rolle 'userinfo') registriert
2026-06-07 19:12:07 [DEBUG   ] forensic.server.http_server (http_server.py:115): HTTP "POST /_forensic/windows HTTP/1.1" 200 -
2026-06-07 19:12:07 [DEBUG   ] forensic.server.router (router.py:104): Router: POST /_forensic/windows (ajax=True)
2026-06-07 19:12:07 [DEBUG   ] forensic.forensic_api.windows (windows.py:287): /_forensic/windows POST: Fenster 'b486fd93-6ef4-4db2-bafa-20c63f515c97' (Rolle 'report') registriert
2026-06-07 19:12:07 [DEBUG   ] forensic.server.http_server (http_server.py:115): HTTP "POST /_forensic/windows HTTP/1.1" 200 -
2026-06-07 19:12:18 [DEBUG   ] forensic.server.router (router.py:104): Router: POST /_forensic/windows (ajax=True)
2026-06-07 19:12:18 [DEBUG   ] forensic.forensic_api.windows (windows.py:287): /_forensic/windows POST: Fenster '28647da4-1b6f-40de-8490-df54938e70d5' (Rolle 'userinfo') registriert
2026-06-07 19:12:18 [DEBUG   ] forensic.server.http_server (http_server.py:115): HTTP "POST /_forensic/windows HTTP/1.1" 200 -
2026-06-07 19:12:31 [DEBUG   ] forensic (main.py:485): Watchdog: Heartbeat (Dump: 'logs/freeze_dump.txt')
2026-06-07 19:12:37 [DEBUG   ] forensic.server.router (router.py:104): Router: POST /_forensic/windows (ajax=True)
2026-06-07 19:12:37 [DEBUG   ] forensic.forensic_api.windows (windows.py:287): /_forensic/windows POST: Fenster 'e2abfb40-fb13-407a-94e9-c0dc3b791e63' (Rolle 'userinfo') registriert
2026-06-07 19:12:37 [DEBUG   ] forensic.server.http_server (http_server.py:115): HTTP "POST /_forensic/windows HTTP/1.1" 200 -
2026-06-07 19:12:37 [DEBUG   ] forensic.server.router (router.py:104): Router: POST /_forensic/windows (ajax=True)
2026-06-07 19:12:37 [DEBUG   ] forensic.forensic_api.windows (windows.py:287): /_forensic/windows POST: Fenster 'b486fd93-6ef4-4db2-bafa-20c63f515c97' (Rolle 'report') registriert
2026-06-07 19:12:37 [DEBUG   ] forensic.server.http_server (http_server.py:115): HTTP "POST /_forensic/windows HTTP/1.1" 200 -
2026-06-07 19:12:48 [DEBUG   ] forensic.server.router (router.py:104): Router: POST /_forensic/windows (ajax=True)
2026-06-07 19:12:48 [DEBUG   ] forensic.forensic_api.windows (windows.py:287): /_forensic/windows POST: Fenster '28647da4-1b6f-40de-8490-df54938e70d5' (Rolle 'userinfo') registriert
2026-06-07 19:12:48 [DEBUG   ] forensic.server.http_server (http_server.py:115): HTTP "POST /_forensic/windows HTTP/1.1" 200 -
2026-06-07 19:12:50 [DEBUG   ] forensic.server.router (router.py:104): Router: POST /_forensic/windows (ajax=True)
2026-06-07 19:12:50 [DEBUG   ] forensic.forensic_api.windows (windows.py:287): /_forensic/windows POST: Fenster '6c9c384f-d503-449b-a512-06c973b9d079' (Rolle 'main') registriert
2026-06-07 19:12:50 [DEBUG   ] forensic.server.http_server (http_server.py:115): HTTP "POST /_forensic/windows HTTP/1.1" 200 -
2026-06-07 19:12:50 [DEBUG   ] forensic.server.router (router.py:104): Router: POST /_forensic/windows (ajax=True)
2026-06-07 19:12:50 [DEBUG   ] forensic.forensic_api.windows (windows.py:287): /_forensic/windows POST: Fenster 'b1de0a1f-3b7c-4ce1-81c7-a2324ccd5457' (Rolle 'main') registriert
2026-06-07 19:12:50 [DEBUG   ] forensic.server.http_server (http_server.py:115): HTTP "POST /_forensic/windows HTTP/1.1" 200 -
2026-06-07 19:13:01 [DEBUG   ] forensic (main.py:485): Watchdog: Heartbeat (Dump: 'logs/freeze_dump.txt')
2026-06-07 19:13:07 [DEBUG   ] forensic.server.router (router.py:104): Router: POST /_forensic/windows (ajax=True)
2026-06-07 19:13:07 [DEBUG   ] forensic.forensic_api.windows (windows.py:287): /_forensic/windows POST: Fenster 'e2abfb40-fb13-407a-94e9-c0dc3b791e63' (Rolle 'userinfo') registriert
2026-06-07 19:13:07 [DEBUG   ] forensic.server.http_server (http_server.py:115): HTTP "POST /_forensic/windows HTTP/1.1" 200 -
2026-06-07 19:13:07 [DEBUG   ] forensic.server.router (router.py:104): Router: POST /_forensic/windows (ajax=True)
2026-06-07 19:13:07 [DEBUG   ] forensic.forensic_api.windows (windows.py:287): /_forensic/windows POST: Fenster 'b486fd93-6ef4-4db2-bafa-20c63f515c97' (Rolle 'report') registriert
2026-06-07 19:13:07 [DEBUG   ] forensic.server.http_server (http_server.py:115): HTTP "POST /_forensic/windows HTTP/1.1" 200 -
2026-06-07 19:13:18 [DEBUG   ] forensic.server.router (router.py:104): Router: POST /_forensic/windows (ajax=True)
2026-06-07 19:13:18 [DEBUG   ] forensic.forensic_api.windows (windows.py:287): /_forensic/windows POST: Fenster '28647da4-1b6f-40de-8490-df54938e70d5' (Rolle 'userinfo') registriert
2026-06-07 19:13:18 [DEBUG   ] forensic.server.http_server (http_server.py:115): HTTP "POST /_forensic/windows HTTP/1.1" 200 -
2026-06-07 19:13:31 [DEBUG   ] forensic (main.py:485): Watchdog: Heartbeat (Dump: 'logs/freeze_dump.txt')
2026-06-07 19:13:37 [DEBUG   ] forensic.server.router (router.py:104): Router: POST /_forensic/windows (ajax=True)
2026-06-07 19:13:37 [DEBUG   ] forensic.forensic_api.windows (windows.py:287): /_forensic/windows POST: Fenster 'e2abfb40-fb13-407a-94e9-c0dc3b791e63' (Rolle 'userinfo') registriert
2026-06-07 19:13:37 [DEBUG   ] forensic.server.http_server (http_server.py:115): HTTP "POST /_forensic/windows HTTP/1.1" 200 -
2026-06-07 19:13:37 [DEBUG   ] forensic.server.router (router.py:104): Router: POST /_forensic/windows (ajax=True)
2026-06-07 19:13:37 [DEBUG   ] forensic.forensic_api.windows (windows.py:287): /_forensic/windows POST: Fenster 'b486fd93-6ef4-4db2-bafa-20c63f515c97' (Rolle 'report') registriert
2026-06-07 19:13:37 [DEBUG   ] forensic.server.http_server (http_server.py:115): HTTP "POST /_forensic/windows HTTP/1.1" 200 -
2026-06-07 19:13:48 [DEBUG   ] forensic.server.router (router.py:104): Router: POST /_forensic/windows (ajax=True)
2026-06-07 19:13:48 [DEBUG   ] forensic.forensic_api.windows (windows.py:287): /_forensic/windows POST: Fenster '28647da4-1b6f-40de-8490-df54938e70d5' (Rolle 'userinfo') registriert
2026-06-07 19:13:48 [DEBUG   ] forensic.server.http_server (http_server.py:115): HTTP "POST /_forensic/windows HTTP/1.1" 200 -
2026-06-07 19:13:50 [DEBUG   ] forensic.server.router (router.py:104): Router: POST /_forensic/windows (ajax=True)
2026-06-07 19:13:50 [DEBUG   ] forensic.forensic_api.windows (windows.py:287): /_forensic/windows POST: Fenster 'b1de0a1f-3b7c-4ce1-81c7-a2324ccd5457' (Rolle 'main') registriert
2026-06-07 19:13:50 [DEBUG   ] forensic.server.http_server (http_server.py:115): HTTP "POST /_forensic/windows HTTP/1.1" 200 -
2026-06-07 19:13:50 [DEBUG   ] forensic.server.router (router.py:104): Router: POST /_forensic/windows (ajax=True)
2026-06-07 19:13:50 [DEBUG   ] forensic.forensic_api.windows (windows.py:287): /_forensic/windows POST: Fenster '6c9c384f-d503-449b-a512-06c973b9d079' (Rolle 'main') registriert
2026-06-07 19:13:50 [DEBUG   ] forensic.server.http_server (http_server.py:115): HTTP "POST /_forensic/windows HTTP/1.1" 200 -
2026-06-07 19:14:01 [DEBUG   ] forensic (main.py:485): Watchdog: Heartbeat (Dump: 'logs/freeze_dump.txt')
2026-06-07 19:14:07 [DEBUG   ] forensic.server.router (router.py:104): Router: POST /_forensic/windows (ajax=True)
2026-06-07 19:14:07 [DEBUG   ] forensic.forensic_api.windows (windows.py:287): /_forensic/windows POST: Fenster 'e2abfb40-fb13-407a-94e9-c0dc3b791e63' (Rolle 'userinfo') registriert
2026-06-07 19:14:07 [DEBUG   ] forensic.server.http_server (http_server.py:115): HTTP "POST /_forensic/windows HTTP/1.1" 200 -
2026-06-07 19:14:07 [DEBUG   ] forensic.server.router (router.py:104): Router: POST /_forensic/windows (ajax=True)
2026-06-07 19:14:07 [DEBUG   ] forensic.forensic_api.windows (windows.py:287): /_forensic/windows POST: Fenster 'b486fd93-6ef4-4db2-bafa-20c63f515c97' (Rolle 'report') registriert
2026-06-07 19:14:07 [DEBUG   ] forensic.server.http_server (http_server.py:115): HTTP "POST /_forensic/windows HTTP/1.1" 200 -
2026-06-07 19:14:18 [DEBUG   ] forensic.server.router (router.py:104): Router: POST /_forensic/windows (ajax=True)
2026-06-07 19:14:18 [DEBUG   ] forensic.forensic_api.windows (windows.py:287): /_forensic/windows POST: Fenster '28647da4-1b6f-40de-8490-df54938e70d5' (Rolle 'userinfo') registriert
2026-06-07 19:14:18 [DEBUG   ] forensic.server.http_server (http_server.py:115): HTTP "POST /_forensic/windows HTTP/1.1" 200 -
2026-06-07 19:14:31 [DEBUG   ] forensic (main.py:485): Watchdog: Heartbeat (Dump: 'logs/freeze_dump.txt')
2026-06-07 19:14:37 [DEBUG   ] forensic.server.router (router.py:104): Router: POST /_forensic/windows (ajax=True)
2026-06-07 19:14:37 [DEBUG   ] forensic.forensic_api.windows (windows.py:287): /_forensic/windows POST: Fenster 'e2abfb40-fb13-407a-94e9-c0dc3b791e63' (Rolle 'userinfo') registriert
2026-06-07 19:14:37 [DEBUG   ] forensic.server.http_server (http_server.py:115): HTTP "POST /_forensic/windows HTTP/1.1" 200 -
2026-06-07 19:14:37 [DEBUG   ] forensic.server.router (router.py:104): Router: POST /_forensic/windows (ajax=True)
2026-06-07 19:14:37 [DEBUG   ] forensic.forensic_api.windows (windows.py:287): /_forensic/windows POST: Fenster 'b486fd93-6ef4-4db2-bafa-20c63f515c97' (Rolle 'report') registriert
2026-06-07 19:14:37 [DEBUG   ] forensic.server.http_server (http_server.py:115): HTTP "POST /_forensic/windows HTTP/1.1" 200 -
2026-06-07 19:14:48 [DEBUG   ] forensic.server.router (router.py:104): Router: POST /_forensic/windows (ajax=True)
2026-06-07 19:14:48 [DEBUG   ] forensic.forensic_api.windows (windows.py:287): /_forensic/windows POST: Fenster '28647da4-1b6f-40de-8490-df54938e70d5' (Rolle 'userinfo') registriert
2026-06-07 19:14:48 [DEBUG   ] forensic.server.http_server (http_server.py:115): HTTP "POST /_forensic/windows HTTP/1.1" 200 -
2026-06-07 19:14:50 [DEBUG   ] forensic.server.router (router.py:104): Router: POST /_forensic/windows (ajax=True)
2026-06-07 19:14:50 [DEBUG   ] forensic.server.router (router.py:104): Router: POST /_forensic/windows (ajax=True)
2026-06-07 19:14:50 [DEBUG   ] forensic.forensic_api.windows (windows.py:287): /_forensic/windows POST: Fenster '6c9c384f-d503-449b-a512-06c973b9d079' (Rolle 'main') registriert
2026-06-07 19:14:50 [DEBUG   ] forensic.server.http_server (http_server.py:115): HTTP "POST /_forensic/windows HTTP/1.1" 200 -
2026-06-07 19:14:50 [DEBUG   ] forensic.forensic_api.windows (windows.py:287): /_forensic/windows POST: Fenster 'b1de0a1f-3b7c-4ce1-81c7-a2324ccd5457' (Rolle 'main') registriert
2026-06-07 19:14:50 [DEBUG   ] forensic.server.http_server (http_server.py:115): HTTP "POST /_forensic/windows HTTP/1.1" 200 -
2026-06-07 19:15:01 [DEBUG   ] forensic (main.py:485): Watchdog: Heartbeat (Dump: 'logs/freeze_dump.txt')
2026-06-07 19:15:07 [DEBUG   ] forensic.server.router (router.py:104): Router: POST /_forensic/windows (ajax=True)
2026-06-07 19:15:07 [DEBUG   ] forensic.forensic_api.windows (windows.py:287): /_forensic/windows POST: Fenster 'e2abfb40-fb13-407a-94e9-c0dc3b791e63' (Rolle 'userinfo') registriert
2026-06-07 19:15:07 [DEBUG   ] forensic.server.http_server (http_server.py:115): HTTP "POST /_forensic/windows HTTP/1.1" 200 -
2026-06-07 19:15:07 [DEBUG   ] forensic.server.router (router.py:104): Router: POST /_forensic/windows (ajax=True)
2026-06-07 19:15:07 [DEBUG   ] forensic.forensic_api.windows (windows.py:287): /_forensic/windows POST: Fenster 'b486fd93-6ef4-4db2-bafa-20c63f515c97' (Rolle 'report') registriert
2026-06-07 19:15:07 [DEBUG   ] forensic.server.http_server (http_server.py:115): HTTP "POST /_forensic/windows HTTP/1.1" 200 -
2026-06-07 19:15:18 [DEBUG   ] forensic.server.router (router.py:104): Router: POST /_forensic/windows (ajax=True)
2026-06-07 19:15:18 [DEBUG   ] forensic.forensic_api.windows (windows.py:287): /_forensic/windows POST: Fenster '28647da4-1b6f-40de-8490-df54938e70d5' (Rolle 'userinfo') registriert
2026-06-07 19:15:18 [DEBUG   ] forensic.server.http_server (http_server.py:115): HTTP "POST /_forensic/windows HTTP/1.1" 200 -
2026-06-07 19:15:31 [DEBUG   ] forensic (main.py:485): Watchdog: Heartbeat (Dump: 'logs/freeze_dump.txt')
2026-06-07 19:15:37 [DEBUG   ] forensic.server.router (router.py:104): Router: POST /_forensic/windows (ajax=True)
2026-06-07 19:15:37 [DEBUG   ] forensic.forensic_api.windows (windows.py:287): /_forensic/windows POST: Fenster 'e2abfb40-fb13-407a-94e9-c0dc3b791e63' (Rolle 'userinfo') registriert
2026-06-07 19:15:37 [DEBUG   ] forensic.server.http_server (http_server.py:115): HTTP "POST /_forensic/windows HTTP/1.1" 200 -
2026-06-07 19:15:37 [DEBUG   ] forensic.server.router (router.py:104): Router: POST /_forensic/windows (ajax=True)
2026-06-07 19:15:37 [DEBUG   ] forensic.forensic_api.windows (windows.py:287): /_forensic/windows POST: Fenster 'b486fd93-6ef4-4db2-bafa-20c63f515c97' (Rolle 'report') registriert
2026-06-07 19:15:37 [DEBUG   ] forensic.server.http_server (http_server.py:115): HTTP "POST /_forensic/windows HTTP/1.1" 200 -
2026-06-07 19:15:48 [DEBUG   ] forensic.server.router (router.py:104): Router: POST /_forensic/windows (ajax=True)
2026-06-07 19:15:48 [DEBUG   ] forensic.forensic_api.windows (windows.py:287): /_forensic/windows POST: Fenster '28647da4-1b6f-40de-8490-df54938e70d5' (Rolle 'userinfo') registriert
2026-06-07 19:15:48 [DEBUG   ] forensic.server.http_server (http_server.py:115): HTTP "POST /_forensic/windows HTTP/1.1" 200 -
2026-06-07 19:15:50 [DEBUG   ] forensic.server.router (router.py:104): Router: POST /_forensic/windows (ajax=True)
2026-06-07 19:15:50 [DEBUG   ] forensic.forensic_api.windows (windows.py:287): /_forensic/windows POST: Fenster '6c9c384f-d503-449b-a512-06c973b9d079' (Rolle 'main') registriert
2026-06-07 19:15:50 [DEBUG   ] forensic.server.router (router.py:104): Router: POST /_forensic/windows (ajax=True)
2026-06-07 19:15:50 [DEBUG   ] forensic.forensic_api.windows (windows.py:287): /_forensic/windows POST: Fenster 'b1de0a1f-3b7c-4ce1-81c7-a2324ccd5457' (Rolle 'main') registriert
2026-06-07 19:15:50 [DEBUG   ] forensic.server.http_server (http_server.py:115): HTTP "POST /_forensic/windows HTTP/1.1" 200 -
2026-06-07 19:15:50 [DEBUG   ] forensic.server.http_server (http_server.py:115): HTTP "POST /_forensic/windows HTTP/1.1" 200 -
2026-06-07 19:16:01 [DEBUG   ] forensic (main.py:485): Watchdog: Heartbeat (Dump: 'logs/freeze_dump.txt')
2026-06-07 19:16:07 [DEBUG   ] forensic.server.router (router.py:104): Router: POST /_forensic/windows (ajax=True)
2026-06-07 19:16:07 [DEBUG   ] forensic.forensic_api.windows (windows.py:287): /_forensic/windows POST: Fenster 'e2abfb40-fb13-407a-94e9-c0dc3b791e63' (Rolle 'userinfo') registriert
2026-06-07 19:16:07 [DEBUG   ] forensic.server.http_server (http_server.py:115): HTTP "POST /_forensic/windows HTTP/1.1" 200 -
2026-06-07 19:16:07 [DEBUG   ] forensic.server.router (router.py:104): Router: POST /_forensic/windows (ajax=True)
2026-06-07 19:16:07 [DEBUG   ] forensic.forensic_api.windows (windows.py:287): /_forensic/windows POST: Fenster 'b486fd93-6ef4-4db2-bafa-20c63f515c97' (Rolle 'report') registriert
2026-06-07 19:16:07 [DEBUG   ] forensic.server.http_server (http_server.py:115): HTTP "POST /_forensic/windows HTTP/1.1" 200 -
2026-06-07 19:16:18 [DEBUG   ] forensic.server.router (router.py:104): Router: POST /_forensic/windows (ajax=True)
2026-06-07 19:16:18 [DEBUG   ] forensic.forensic_api.windows (windows.py:287): /_forensic/windows POST: Fenster '28647da4-1b6f-40de-8490-df54938e70d5' (Rolle 'userinfo') registriert
2026-06-07 19:16:18 [DEBUG   ] forensic.server.http_server (http_server.py:115): HTTP "POST /_forensic/windows HTTP/1.1" 200 -
2026-06-07 19:16:31 [DEBUG   ] forensic (main.py:485): Watchdog: Heartbeat (Dump: 'logs/freeze_dump.txt')
2026-06-07 19:16:37 [DEBUG   ] forensic.server.router (router.py:104): Router: POST /_forensic/windows (ajax=True)
2026-06-07 19:16:37 [DEBUG   ] forensic.forensic_api.windows (windows.py:287): /_forensic/windows POST: Fenster 'e2abfb40-fb13-407a-94e9-c0dc3b791e63' (Rolle 'userinfo') registriert
2026-06-07 19:16:37 [DEBUG   ] forensic.server.http_server (http_server.py:115): HTTP "POST /_forensic/windows HTTP/1.1" 200 -
2026-06-07 19:16:37 [DEBUG   ] forensic.server.router (router.py:104): Router: POST /_forensic/windows (ajax=True)
2026-06-07 19:16:37 [DEBUG   ] forensic.forensic_api.windows (windows.py:287): /_forensic/windows POST: Fenster 'b486fd93-6ef4-4db2-bafa-20c63f515c97' (Rolle 'report') registriert
2026-06-07 19:16:37 [DEBUG   ] forensic.server.http_server (http_server.py:115): HTTP "POST /_forensic/windows HTTP/1.1" 200 -
2026-06-07 19:16:48 [DEBUG   ] forensic.server.router (router.py:104): Router: POST /_forensic/windows (ajax=True)
2026-06-07 19:16:48 [DEBUG   ] forensic.forensic_api.windows (windows.py:287): /_forensic/windows POST: Fenster '28647da4-1b6f-40de-8490-df54938e70d5' (Rolle 'userinfo') registriert
2026-06-07 19:16:48 [DEBUG   ] forensic.server.http_server (http_server.py:115): HTTP "POST /_forensic/windows HTTP/1.1" 200 -
2026-06-07 19:16:50 [DEBUG   ] forensic.server.router (router.py:104): Router: POST /_forensic/windows (ajax=True)
2026-06-07 19:16:50 [DEBUG   ] forensic.forensic_api.windows (windows.py:287): /_forensic/windows POST: Fenster '6c9c384f-d503-449b-a512-06c973b9d079' (Rolle 'main') registriert
2026-06-07 19:16:50 [DEBUG   ] forensic.server.http_server (http_server.py:115): HTTP "POST /_forensic/windows HTTP/1.1" 200 -
2026-06-07 19:16:50 [DEBUG   ] forensic.server.router (router.py:104): Router: POST /_forensic/windows (ajax=True)
2026-06-07 19:16:50 [DEBUG   ] forensic.forensic_api.windows (windows.py:287): /_forensic/windows POST: Fenster 'b1de0a1f-3b7c-4ce1-81c7-a2324ccd5457' (Rolle 'main') registriert
2026-06-07 19:16:50 [DEBUG   ] forensic.server.http_server (http_server.py:115): HTTP "POST /_forensic/windows HTTP/1.1" 200 -
2026-06-07 19:17:01 [DEBUG   ] forensic (main.py:485): Watchdog: Heartbeat (Dump: 'logs/freeze_dump.txt')
2026-06-07 19:17:07 [DEBUG   ] forensic.server.router (router.py:104): Router: POST /_forensic/windows (ajax=True)
2026-06-07 19:17:07 [DEBUG   ] forensic.forensic_api.windows (windows.py:287): /_forensic/windows POST: Fenster 'e2abfb40-fb13-407a-94e9-c0dc3b791e63' (Rolle 'userinfo') registriert
2026-06-07 19:17:07 [DEBUG   ] forensic.server.http_server (http_server.py:115): HTTP "POST /_forensic/windows HTTP/1.1" 200 -
2026-06-07 19:17:07 [DEBUG   ] forensic.server.router (router.py:104): Router: POST /_forensic/windows (ajax=True)
2026-06-07 19:17:07 [DEBUG   ] forensic.forensic_api.windows (windows.py:287): /_forensic/windows POST: Fenster 'b486fd93-6ef4-4db2-bafa-20c63f515c97' (Rolle 'report') registriert
2026-06-07 19:17:07 [DEBUG   ] forensic.server.http_server (http_server.py:115): HTTP "POST /_forensic/windows HTTP/1.1" 200 -
2026-06-07 19:17:18 [DEBUG   ] forensic.server.router (router.py:104): Router: POST /_forensic/windows (ajax=True)
2026-06-07 19:17:18 [DEBUG   ] forensic.forensic_api.windows (windows.py:287): /_forensic/windows POST: Fenster '28647da4-1b6f-40de-8490-df54938e70d5' (Rolle 'userinfo') registriert
2026-06-07 19:17:18 [DEBUG   ] forensic.server.http_server (http_server.py:115): HTTP "POST /_forensic/windows HTTP/1.1" 200 -
2026-06-07 19:17:31 [DEBUG   ] forensic (main.py:485): Watchdog: Heartbeat (Dump: 'logs/freeze_dump.txt')
2026-06-07 19:17:37 [DEBUG   ] forensic.server.router (router.py:104): Router: POST /_forensic/windows (ajax=True)
2026-06-07 19:17:37 [DEBUG   ] forensic.forensic_api.windows (windows.py:287): /_forensic/windows POST: Fenster 'e2abfb40-fb13-407a-94e9-c0dc3b791e63' (Rolle 'userinfo') registriert
2026-06-07 19:17:37 [DEBUG   ] forensic.server.http_server (http_server.py:115): HTTP "POST /_forensic/windows HTTP/1.1" 200 -
2026-06-07 19:17:37 [DEBUG   ] forensic.server.router (router.py:104): Router: POST /_forensic/windows (ajax=True)
2026-06-07 19:17:37 [DEBUG   ] forensic.forensic_api.windows (windows.py:287): /_forensic/windows POST: Fenster 'b486fd93-6ef4-4db2-bafa-20c63f515c97' (Rolle 'report') registriert
2026-06-07 19:17:37 [DEBUG   ] forensic.server.http_server (http_server.py:115): HTTP "POST /_forensic/windows HTTP/1.1" 200 -
2026-06-07 19:17:48 [DEBUG   ] forensic.server.router (router.py:104): Router: POST /_forensic/windows (ajax=True)
2026-06-07 19:17:48 [DEBUG   ] forensic.forensic_api.windows (windows.py:287): /_forensic/windows POST: Fenster '28647da4-1b6f-40de-8490-df54938e70d5' (Rolle 'userinfo') registriert
2026-06-07 19:17:48 [DEBUG   ] forensic.server.http_server (http_server.py:115): HTTP "POST /_forensic/windows HTTP/1.1" 200 -
2026-06-07 19:17:50 [DEBUG   ] forensic.server.router (router.py:104): Router: POST /_forensic/windows (ajax=True)
2026-06-07 19:17:50 [DEBUG   ] forensic.forensic_api.windows (windows.py:287): /_forensic/windows POST: Fenster '6c9c384f-d503-449b-a512-06c973b9d079' (Rolle 'main') registriert
2026-06-07 19:17:50 [DEBUG   ] forensic.server.http_server (http_server.py:115): HTTP "POST /_forensic/windows HTTP/1.1" 200 -
2026-06-07 19:17:50 [DEBUG   ] forensic.server.router (router.py:104): Router: POST /_forensic/windows (ajax=True)
2026-06-07 19:17:50 [DEBUG   ] forensic.forensic_api.windows (windows.py:287): /_forensic/windows POST: Fenster 'b1de0a1f-3b7c-4ce1-81c7-a2324ccd5457' (Rolle 'main') registriert
2026-06-07 19:17:50 [DEBUG   ] forensic.server.http_server (http_server.py:115): HTTP "POST /_forensic/windows HTTP/1.1" 200 -
2026-06-07 19:18:01 [DEBUG   ] forensic (main.py:485): Watchdog: Heartbeat (Dump: 'logs/freeze_dump.txt')
2026-06-07 19:18:07 [DEBUG   ] forensic.server.router (router.py:104): Router: POST /_forensic/windows (ajax=True)
2026-06-07 19:18:07 [DEBUG   ] forensic.forensic_api.windows (windows.py:287): /_forensic/windows POST: Fenster 'e2abfb40-fb13-407a-94e9-c0dc3b791e63' (Rolle 'userinfo') registriert
2026-06-07 19:18:07 [DEBUG   ] forensic.server.http_server (http_server.py:115): HTTP "POST /_forensic/windows HTTP/1.1" 200 -
2026-06-07 19:18:07 [DEBUG   ] forensic.server.router (router.py:104): Router: POST /_forensic/windows (ajax=True)
2026-06-07 19:18:07 [DEBUG   ] forensic.forensic_api.windows (windows.py:287): /_forensic/windows POST: Fenster 'b486fd93-6ef4-4db2-bafa-20c63f515c97' (Rolle 'report') registriert
2026-06-07 19:18:07 [DEBUG   ] forensic.server.http_server (http_server.py:115): HTTP "POST /_forensic/windows HTTP/1.1" 200 -
2026-06-07 19:18:18 [DEBUG   ] forensic.server.router (router.py:104): Router: POST /_forensic/windows (ajax=True)
2026-06-07 19:18:18 [DEBUG   ] forensic.forensic_api.windows (windows.py:287): /_forensic/windows POST: Fenster '28647da4-1b6f-40de-8490-df54938e70d5' (Rolle 'userinfo') registriert
2026-06-07 19:18:18 [DEBUG   ] forensic.server.http_server (http_server.py:115): HTTP "POST /_forensic/windows HTTP/1.1" 200 -
2026-06-07 19:18:31 [DEBUG   ] forensic (main.py:485): Watchdog: Heartbeat (Dump: 'logs/freeze_dump.txt')
2026-06-07 19:18:37 [DEBUG   ] forensic.server.router (router.py:104): Router: POST /_forensic/windows (ajax=True)
2026-06-07 19:18:37 [DEBUG   ] forensic.forensic_api.windows (windows.py:287): /_forensic/windows POST: Fenster 'e2abfb40-fb13-407a-94e9-c0dc3b791e63' (Rolle 'userinfo') registriert
2026-06-07 19:18:37 [DEBUG   ] forensic.server.http_server (http_server.py:115): HTTP "POST /_forensic/windows HTTP/1.1" 200 -
2026-06-07 19:18:37 [DEBUG   ] forensic.server.router (router.py:104): Router: POST /_forensic/windows (ajax=True)
2026-06-07 19:18:37 [DEBUG   ] forensic.forensic_api.windows (windows.py:287): /_forensic/windows POST: Fenster 'b486fd93-6ef4-4db2-bafa-20c63f515c97' (Rolle 'report') registriert
2026-06-07 19:18:37 [DEBUG   ] forensic.server.http_server (http_server.py:115): HTTP "POST /_forensic/windows HTTP/1.1" 200 -
2026-06-07 19:18:48 [DEBUG   ] forensic.server.router (router.py:104): Router: POST /_forensic/windows (ajax=True)
2026-06-07 19:18:48 [DEBUG   ] forensic.forensic_api.windows (windows.py:287): /_forensic/windows POST: Fenster '28647da4-1b6f-40de-8490-df54938e70d5' (Rolle 'userinfo') registriert
2026-06-07 19:18:48 [DEBUG   ] forensic.server.http_server (http_server.py:115): HTTP "POST /_forensic/windows HTTP/1.1" 200 -
2026-06-07 19:18:50 [DEBUG   ] forensic.server.router (router.py:104): Router: POST /_forensic/windows (ajax=True)
2026-06-07 19:18:50 [DEBUG   ] forensic.forensic_api.windows (windows.py:287): /_forensic/windows POST: Fenster '6c9c384f-d503-449b-a512-06c973b9d079' (Rolle 'main') registriert
2026-06-07 19:18:50 [DEBUG   ] forensic.server.http_server (http_server.py:115): HTTP "POST /_forensic/windows HTTP/1.1" 200 -
2026-06-07 19:18:50 [DEBUG   ] forensic.server.router (router.py:104): Router: POST /_forensic/windows (ajax=True)
2026-06-07 19:18:50 [DEBUG   ] forensic.forensic_api.windows (windows.py:287): /_forensic/windows POST: Fenster 'b1de0a1f-3b7c-4ce1-81c7-a2324ccd5457' (Rolle 'main') registriert
2026-06-07 19:18:50 [DEBUG   ] forensic.server.http_server (http_server.py:115): HTTP "POST /_forensic/windows HTTP/1.1" 200 -
2026-06-07 19:19:01 [DEBUG   ] forensic (main.py:485): Watchdog: Heartbeat (Dump: 'logs/freeze_dump.txt')
2026-06-07 19:19:07 [DEBUG   ] forensic.server.router (router.py:104): Router: POST /_forensic/windows (ajax=True)
2026-06-07 19:19:07 [DEBUG   ] forensic.forensic_api.windows (windows.py:287): /_forensic/windows POST: Fenster 'e2abfb40-fb13-407a-94e9-c0dc3b791e63' (Rolle 'userinfo') registriert
2026-06-07 19:19:07 [DEBUG   ] forensic.server.http_server (http_server.py:115): HTTP "POST /_forensic/windows HTTP/1.1" 200 -
2026-06-07 19:19:07 [DEBUG   ] forensic.server.router (router.py:104): Router: POST /_forensic/windows (ajax=True)
2026-06-07 19:19:07 [DEBUG   ] forensic.forensic_api.windows (windows.py:287): /_forensic/windows POST: Fenster 'b486fd93-6ef4-4db2-bafa-20c63f515c97' (Rolle 'report') registriert
2026-06-07 19:19:07 [DEBUG   ] forensic.server.http_server (http_server.py:115): HTTP "POST /_forensic/windows HTTP/1.1" 200 -
2026-06-07 19:19:18 [DEBUG   ] forensic.server.router (router.py:104): Router: POST /_forensic/windows (ajax=True)
2026-06-07 19:19:18 [DEBUG   ] forensic.forensic_api.windows (windows.py:287): /_forensic/windows POST: Fenster '28647da4-1b6f-40de-8490-df54938e70d5' (Rolle 'userinfo') registriert
2026-06-07 19:19:18 [DEBUG   ] forensic.server.http_server (http_server.py:115): HTTP "POST /_forensic/windows HTTP/1.1" 200 -
2026-06-07 19:19:31 [DEBUG   ] forensic (main.py:485): Watchdog: Heartbeat (Dump: 'logs/freeze_dump.txt')
2026-06-07 19:19:37 [DEBUG   ] forensic.server.router (router.py:104): Router: POST /_forensic/windows (ajax=True)
2026-06-07 19:19:37 [DEBUG   ] forensic.forensic_api.windows (windows.py:287): /_forensic/windows POST: Fenster 'e2abfb40-fb13-407a-94e9-c0dc3b791e63' (Rolle 'userinfo') registriert
2026-06-07 19:19:37 [DEBUG   ] forensic.server.http_server (http_server.py:115): HTTP "POST /_forensic/windows HTTP/1.1" 200 -
2026-06-07 19:19:37 [DEBUG   ] forensic.server.router (router.py:104): Router: POST /_forensic/windows (ajax=True)
2026-06-07 19:19:37 [DEBUG   ] forensic.forensic_api.windows (windows.py:287): /_forensic/windows POST: Fenster 'b486fd93-6ef4-4db2-bafa-20c63f515c97' (Rolle 'report') registriert
2026-06-07 19:19:37 [DEBUG   ] forensic.server.http_server (http_server.py:115): HTTP "POST /_forensic/windows HTTP/1.1" 200 -
2026-06-07 19:19:48 [DEBUG   ] forensic.server.router (router.py:104): Router: POST /_forensic/windows (ajax=True)
2026-06-07 19:19:48 [DEBUG   ] forensic.forensic_api.windows (windows.py:287): /_forensic/windows POST: Fenster '28647da4-1b6f-40de-8490-df54938e70d5' (Rolle 'userinfo') registriert
2026-06-07 19:19:48 [DEBUG   ] forensic.server.http_server (http_server.py:115): HTTP "POST /_forensic/windows HTTP/1.1" 200 -
2026-06-07 19:19:50 [DEBUG   ] forensic.server.router (router.py:104): Router: POST /_forensic/windows (ajax=True)
2026-06-07 19:19:50 [DEBUG   ] forensic.forensic_api.windows (windows.py:287): /_forensic/windows POST: Fenster 'b1de0a1f-3b7c-4ce1-81c7-a2324ccd5457' (Rolle 'main') registriert
2026-06-07 19:19:50 [DEBUG   ] forensic.server.http_server (http_server.py:115): HTTP "POST /_forensic/windows HTTP/1.1" 200 -
2026-06-07 19:19:50 [DEBUG   ] forensic.server.router (router.py:104): Router: POST /_forensic/windows (ajax=True)
2026-06-07 19:19:50 [DEBUG   ] forensic.forensic_api.windows (windows.py:287): /_forensic/windows POST: Fenster '6c9c384f-d503-449b-a512-06c973b9d079' (Rolle 'main') registriert
2026-06-07 19:19:50 [DEBUG   ] forensic.server.http_server (http_server.py:115): HTTP "POST /_forensic/windows HTTP/1.1" 200 -
2026-06-07 19:20:01 [DEBUG   ] forensic (main.py:485): Watchdog: Heartbeat (Dump: 'logs/freeze_dump.txt')
2026-06-07 19:20:07 [DEBUG   ] forensic.server.router (router.py:104): Router: POST /_forensic/windows (ajax=True)
2026-06-07 19:20:07 [DEBUG   ] forensic.forensic_api.windows (windows.py:287): /_forensic/windows POST: Fenster 'e2abfb40-fb13-407a-94e9-c0dc3b791e63' (Rolle 'userinfo') registriert
2026-06-07 19:20:07 [DEBUG   ] forensic.server.http_server (http_server.py:115): HTTP "POST /_forensic/windows HTTP/1.1" 200 -
2026-06-07 19:20:07 [DEBUG   ] forensic.server.router (router.py:104): Router: POST /_forensic/windows (ajax=True)
2026-06-07 19:20:07 [DEBUG   ] forensic.forensic_api.windows (windows.py:287): /_forensic/windows POST: Fenster 'b486fd93-6ef4-4db2-bafa-20c63f515c97' (Rolle 'report') registriert
2026-06-07 19:20:07 [DEBUG   ] forensic.server.http_server (http_server.py:115): HTTP "POST /_forensic/windows HTTP/1.1" 200 -
2026-06-07 19:20:18 [DEBUG   ] forensic.server.router (router.py:104): Router: POST /_forensic/windows (ajax=True)
2026-06-07 19:20:18 [DEBUG   ] forensic.forensic_api.windows (windows.py:287): /_forensic/windows POST: Fenster '28647da4-1b6f-40de-8490-df54938e70d5' (Rolle 'userinfo') registriert
2026-06-07 19:20:18 [DEBUG   ] forensic.server.http_server (http_server.py:115): HTTP "POST /_forensic/windows HTTP/1.1" 200 -
2026-06-07 19:20:31 [DEBUG   ] forensic (main.py:485): Watchdog: Heartbeat (Dump: 'logs/freeze_dump.txt')
2026-06-07 19:20:37 [DEBUG   ] forensic.server.router (router.py:104): Router: POST /_forensic/windows (ajax=True)
2026-06-07 19:20:37 [DEBUG   ] forensic.forensic_api.windows (windows.py:287): /_forensic/windows POST: Fenster 'e2abfb40-fb13-407a-94e9-c0dc3b791e63' (Rolle 'userinfo') registriert
2026-06-07 19:20:37 [DEBUG   ] forensic.server.http_server (http_server.py:115): HTTP "POST /_forensic/windows HTTP/1.1" 200 -
2026-06-07 19:20:37 [DEBUG   ] forensic.server.router (router.py:104): Router: POST /_forensic/windows (ajax=True)
2026-06-07 19:20:37 [DEBUG   ] forensic.forensic_api.windows (windows.py:287): /_forensic/windows POST: Fenster 'b486fd93-6ef4-4db2-bafa-20c63f515c97' (Rolle 'report') registriert
2026-06-07 19:20:37 [DEBUG   ] forensic.server.http_server (http_server.py:115): HTTP "POST /_forensic/windows HTTP/1.1" 200 -
2026-06-07 19:20:48 [DEBUG   ] forensic.server.router (router.py:104): Router: POST /_forensic/windows (ajax=True)
2026-06-07 19:20:48 [DEBUG   ] forensic.forensic_api.windows (windows.py:287): /_forensic/windows POST: Fenster '28647da4-1b6f-40de-8490-df54938e70d5' (Rolle 'userinfo') registriert
2026-06-07 19:20:48 [DEBUG   ] forensic.server.http_server (http_server.py:115): HTTP "POST /_forensic/windows HTTP/1.1" 200 -
2026-06-07 19:20:50 [DEBUG   ] forensic.server.router (router.py:104): Router: POST /_forensic/windows (ajax=True)
2026-06-07 19:20:50 [DEBUG   ] forensic.forensic_api.windows (windows.py:287): /_forensic/windows POST: Fenster '6c9c384f-d503-449b-a512-06c973b9d079' (Rolle 'main') registriert
2026-06-07 19:20:50 [DEBUG   ] forensic.server.http_server (http_server.py:115): HTTP "POST /_forensic/windows HTTP/1.1" 200 -
2026-06-07 19:20:50 [DEBUG   ] forensic.server.router (router.py:104): Router: POST /_forensic/windows (ajax=True)
2026-06-07 19:20:50 [DEBUG   ] forensic.forensic_api.windows (windows.py:287): /_forensic/windows POST: Fenster 'b1de0a1f-3b7c-4ce1-81c7-a2324ccd5457' (Rolle 'main') registriert
2026-06-07 19:20:50 [DEBUG   ] forensic.server.http_server (http_server.py:115): HTTP "POST /_forensic/windows HTTP/1.1" 200 -
2026-06-07 19:21:01 [DEBUG   ] forensic (main.py:485): Watchdog: Heartbeat (Dump: 'logs/freeze_dump.txt')
2026-06-07 19:21:07 [DEBUG   ] forensic.server.router (router.py:104): Router: POST /_forensic/windows (ajax=True)
2026-06-07 19:21:07 [DEBUG   ] forensic.forensic_api.windows (windows.py:287): /_forensic/windows POST: Fenster 'e2abfb40-fb13-407a-94e9-c0dc3b791e63' (Rolle 'userinfo') registriert
2026-06-07 19:21:07 [DEBUG   ] forensic.server.http_server (http_server.py:115): HTTP "POST /_forensic/windows HTTP/1.1" 200 -
2026-06-07 19:21:07 [DEBUG   ] forensic.server.router (router.py:104): Router: POST /_forensic/windows (ajax=True)
2026-06-07 19:21:07 [DEBUG   ] forensic.forensic_api.windows (windows.py:287): /_forensic/windows POST: Fenster 'b486fd93-6ef4-4db2-bafa-20c63f515c97' (Rolle 'report') registriert
2026-06-07 19:21:07 [DEBUG   ] forensic.server.http_server (http_server.py:115): HTTP "POST /_forensic/windows HTTP/1.1" 200 -
2026-06-07 19:21:18 [DEBUG   ] forensic.server.router (router.py:104): Router: POST /_forensic/windows (ajax=True)
2026-06-07 19:21:18 [DEBUG   ] forensic.forensic_api.windows (windows.py:287): /_forensic/windows POST: Fenster '28647da4-1b6f-40de-8490-df54938e70d5' (Rolle 'userinfo') registriert
2026-06-07 19:21:18 [DEBUG   ] forensic.server.http_server (http_server.py:115): HTTP "POST /_forensic/windows HTTP/1.1" 200 -
2026-06-07 19:21:31 [DEBUG   ] forensic (main.py:485): Watchdog: Heartbeat (Dump: 'logs/freeze_dump.txt')
2026-06-07 19:21:37 [DEBUG   ] forensic.server.router (router.py:104): Router: POST /_forensic/windows (ajax=True)
2026-06-07 19:21:37 [DEBUG   ] forensic.forensic_api.windows (windows.py:287): /_forensic/windows POST: Fenster 'e2abfb40-fb13-407a-94e9-c0dc3b791e63' (Rolle 'userinfo') registriert
2026-06-07 19:21:37 [DEBUG   ] forensic.server.http_server (http_server.py:115): HTTP "POST /_forensic/windows HTTP/1.1" 200 -
2026-06-07 19:21:37 [DEBUG   ] forensic.server.router (router.py:104): Router: POST /_forensic/windows (ajax=True)
2026-06-07 19:21:37 [DEBUG   ] forensic.forensic_api.windows (windows.py:287): /_forensic/windows POST: Fenster 'b486fd93-6ef4-4db2-bafa-20c63f515c97' (Rolle 'report') registriert
2026-06-07 19:21:37 [DEBUG   ] forensic.server.http_server (http_server.py:115): HTTP "POST /_forensic/windows HTTP/1.1" 200 -
2026-06-07 19:21:48 [DEBUG   ] forensic.server.router (router.py:104): Router: POST /_forensic/windows (ajax=True)
2026-06-07 19:21:48 [DEBUG   ] forensic.forensic_api.windows (windows.py:287): /_forensic/windows POST: Fenster '28647da4-1b6f-40de-8490-df54938e70d5' (Rolle 'userinfo') registriert
2026-06-07 19:21:48 [DEBUG   ] forensic.server.http_server (http_server.py:115): HTTP "POST /_forensic/windows HTTP/1.1" 200 -
2026-06-07 19:21:50 [DEBUG   ] forensic.server.router (router.py:104): Router: POST /_forensic/windows (ajax=True)
2026-06-07 19:21:50 [DEBUG   ] forensic.forensic_api.windows (windows.py:287): /_forensic/windows POST: Fenster '6c9c384f-d503-449b-a512-06c973b9d079' (Rolle 'main') registriert
2026-06-07 19:21:50 [DEBUG   ] forensic.server.http_server (http_server.py:115): HTTP "POST /_forensic/windows HTTP/1.1" 200 -
2026-06-07 19:21:50 [DEBUG   ] forensic.server.router (router.py:104): Router: POST /_forensic/windows (ajax=True)
2026-06-07 19:21:50 [DEBUG   ] forensic.forensic_api.windows (windows.py:287): /_forensic/windows POST: Fenster 'b1de0a1f-3b7c-4ce1-81c7-a2324ccd5457' (Rolle 'main') registriert
2026-06-07 19:21:50 [DEBUG   ] forensic.server.http_server (http_server.py:115): HTTP "POST /_forensic/windows HTTP/1.1" 200 -
2026-06-07 19:22:01 [DEBUG   ] forensic (main.py:485): Watchdog: Heartbeat (Dump: 'logs/freeze_dump.txt')
2026-06-07 19:22:07 [DEBUG   ] forensic.server.router (router.py:104): Router: POST /_forensic/windows (ajax=True)
2026-06-07 19:22:07 [DEBUG   ] forensic.forensic_api.windows (windows.py:287): /_forensic/windows POST: Fenster 'e2abfb40-fb13-407a-94e9-c0dc3b791e63' (Rolle 'userinfo') registriert
2026-06-07 19:22:07 [DEBUG   ] forensic.server.http_server (http_server.py:115): HTTP "POST /_forensic/windows HTTP/1.1" 200 -
2026-06-07 19:22:07 [DEBUG   ] forensic.server.router (router.py:104): Router: POST /_forensic/windows (ajax=True)
2026-06-07 19:22:07 [DEBUG   ] forensic.forensic_api.windows (windows.py:287): /_forensic/windows POST: Fenster 'b486fd93-6ef4-4db2-bafa-20c63f515c97' (Rolle 'report') registriert
2026-06-07 19:22:07 [DEBUG   ] forensic.server.http_server (http_server.py:115): HTTP "POST /_forensic/windows HTTP/1.1" 200 -
2026-06-07 19:22:18 [DEBUG   ] forensic.server.router (router.py:104): Router: POST /_forensic/windows (ajax=True)
2026-06-07 19:22:18 [DEBUG   ] forensic.forensic_api.windows (windows.py:287): /_forensic/windows POST: Fenster '28647da4-1b6f-40de-8490-df54938e70d5' (Rolle 'userinfo') registriert
2026-06-07 19:22:18 [DEBUG   ] forensic.server.http_server (http_server.py:115): HTTP "POST /_forensic/windows HTTP/1.1" 200 -
2026-06-07 19:22:31 [DEBUG   ] forensic (main.py:485): Watchdog: Heartbeat (Dump: 'logs/freeze_dump.txt')
2026-06-07 19:22:37 [DEBUG   ] forensic.server.router (router.py:104): Router: POST /_forensic/windows (ajax=True)
2026-06-07 19:22:37 [DEBUG   ] forensic.forensic_api.windows (windows.py:287): /_forensic/windows POST: Fenster 'e2abfb40-fb13-407a-94e9-c0dc3b791e63' (Rolle 'userinfo') registriert
2026-06-07 19:22:37 [DEBUG   ] forensic.server.http_server (http_server.py:115): HTTP "POST /_forensic/windows HTTP/1.1" 200 -
2026-06-07 19:22:37 [DEBUG   ] forensic.server.router (router.py:104): Router: POST /_forensic/windows (ajax=True)
2026-06-07 19:22:37 [DEBUG   ] forensic.forensic_api.windows (windows.py:287): /_forensic/windows POST: Fenster 'b486fd93-6ef4-4db2-bafa-20c63f515c97' (Rolle 'report') registriert
2026-06-07 19:22:37 [DEBUG   ] forensic.server.http_server (http_server.py:115): HTTP "POST /_forensic/windows HTTP/1.1" 200 -
2026-06-07 19:22:48 [DEBUG   ] forensic.server.router (router.py:104): Router: POST /_forensic/windows (ajax=True)
2026-06-07 19:22:48 [DEBUG   ] forensic.forensic_api.windows (windows.py:287): /_forensic/windows POST: Fenster '28647da4-1b6f-40de-8490-df54938e70d5' (Rolle 'userinfo') registriert
2026-06-07 19:22:48 [DEBUG   ] forensic.server.http_server (http_server.py:115): HTTP "POST /_forensic/windows HTTP/1.1" 200 -
2026-06-07 19:22:50 [DEBUG   ] forensic.server.router (router.py:104): Router: POST /_forensic/windows (ajax=True)
2026-06-07 19:22:50 [DEBUG   ] forensic.forensic_api.windows (windows.py:287): /_forensic/windows POST: Fenster 'b1de0a1f-3b7c-4ce1-81c7-a2324ccd5457' (Rolle 'main') registriert
2026-06-07 19:22:50 [DEBUG   ] forensic.server.http_server (http_server.py:115): HTTP "POST /_forensic/windows HTTP/1.1" 200 -
2026-06-07 19:22:50 [DEBUG   ] forensic.server.router (router.py:104): Router: POST /_forensic/windows (ajax=True)
2026-06-07 19:22:50 [DEBUG   ] forensic.forensic_api.windows (windows.py:287): /_forensic/windows POST: Fenster '6c9c384f-d503-449b-a512-06c973b9d079' (Rolle 'main') registriert
2026-06-07 19:22:50 [DEBUG   ] forensic.server.http_server (http_server.py:115): HTTP "POST /_forensic/windows HTTP/1.1" 200 -
2026-06-07 19:23:01 [DEBUG   ] forensic (main.py:485): Watchdog: Heartbeat (Dump: 'logs/freeze_dump.txt')
2026-06-07 19:23:07 [DEBUG   ] forensic.server.router (router.py:104): Router: POST /_forensic/windows (ajax=True)
2026-06-07 19:23:07 [DEBUG   ] forensic.forensic_api.windows (windows.py:287): /_forensic/windows POST: Fenster 'e2abfb40-fb13-407a-94e9-c0dc3b791e63' (Rolle 'userinfo') registriert
2026-06-07 19:23:07 [DEBUG   ] forensic.server.http_server (http_server.py:115): HTTP "POST /_forensic/windows HTTP/1.1" 200 -
2026-06-07 19:23:07 [DEBUG   ] forensic.server.router (router.py:104): Router: POST /_forensic/windows (ajax=True)
2026-06-07 19:23:07 [DEBUG   ] forensic.forensic_api.windows (windows.py:287): /_forensic/windows POST: Fenster 'b486fd93-6ef4-4db2-bafa-20c63f515c97' (Rolle 'report') registriert
2026-06-07 19:23:07 [DEBUG   ] forensic.server.http_server (http_server.py:115): HTTP "POST /_forensic/windows HTTP/1.1" 200 -
2026-06-07 19:23:18 [DEBUG   ] forensic.server.router (router.py:104): Router: POST /_forensic/windows (ajax=True)
2026-06-07 19:23:18 [DEBUG   ] forensic.forensic_api.windows (windows.py:287): /_forensic/windows POST: Fenster '28647da4-1b6f-40de-8490-df54938e70d5' (Rolle 'userinfo') registriert
2026-06-07 19:23:18 [DEBUG   ] forensic.server.http_server (http_server.py:115): HTTP "POST /_forensic/windows HTTP/1.1" 200 -
2026-06-07 19:23:31 [DEBUG   ] forensic (main.py:485): Watchdog: Heartbeat (Dump: 'logs/freeze_dump.txt')
2026-06-07 19:23:37 [DEBUG   ] forensic.server.router (router.py:104): Router: POST /_forensic/windows (ajax=True)
2026-06-07 19:23:37 [DEBUG   ] forensic.forensic_api.windows (windows.py:287): /_forensic/windows POST: Fenster 'e2abfb40-fb13-407a-94e9-c0dc3b791e63' (Rolle 'userinfo') registriert
2026-06-07 19:23:37 [DEBUG   ] forensic.server.http_server (http_server.py:115): HTTP "POST /_forensic/windows HTTP/1.1" 200 -
2026-06-07 19:23:37 [DEBUG   ] forensic.server.router (router.py:104): Router: POST /_forensic/windows (ajax=True)
2026-06-07 19:23:37 [DEBUG   ] forensic.forensic_api.windows (windows.py:287): /_forensic/windows POST: Fenster 'b486fd93-6ef4-4db2-bafa-20c63f515c97' (Rolle 'report') registriert
2026-06-07 19:23:37 [DEBUG   ] forensic.server.http_server (http_server.py:115): HTTP "POST /_forensic/windows HTTP/1.1" 200 -
2026-06-07 19:23:48 [DEBUG   ] forensic.server.router (router.py:104): Router: POST /_forensic/windows (ajax=True)
2026-06-07 19:23:48 [DEBUG   ] forensic.forensic_api.windows (windows.py:287): /_forensic/windows POST: Fenster '28647da4-1b6f-40de-8490-df54938e70d5' (Rolle 'userinfo') registriert
2026-06-07 19:23:48 [DEBUG   ] forensic.server.http_server (http_server.py:115): HTTP "POST /_forensic/windows HTTP/1.1" 200 -
2026-06-07 19:23:50 [DEBUG   ] forensic.server.router (router.py:104): Router: POST /_forensic/windows (ajax=True)
2026-06-07 19:23:50 [DEBUG   ] forensic.forensic_api.windows (windows.py:287): /_forensic/windows POST: Fenster '6c9c384f-d503-449b-a512-06c973b9d079' (Rolle 'main') registriert
2026-06-07 19:23:50 [DEBUG   ] forensic.server.http_server (http_server.py:115): HTTP "POST /_forensic/windows HTTP/1.1" 200 -
2026-06-07 19:23:50 [DEBUG   ] forensic.server.router (router.py:104): Router: POST /_forensic/windows (ajax=True)
2026-06-07 19:23:50 [DEBUG   ] forensic.forensic_api.windows (windows.py:287): /_forensic/windows POST: Fenster 'b1de0a1f-3b7c-4ce1-81c7-a2324ccd5457' (Rolle 'main') registriert
2026-06-07 19:23:50 [DEBUG   ] forensic.server.http_server (http_server.py:115): HTTP "POST /_forensic/windows HTTP/1.1" 200 -
2026-06-07 19:24:01 [DEBUG   ] forensic (main.py:485): Watchdog: Heartbeat (Dump: 'logs/freeze_dump.txt')
2026-06-07 19:24:07 [DEBUG   ] forensic.server.router (router.py:104): Router: POST /_forensic/windows (ajax=True)
2026-06-07 19:24:07 [DEBUG   ] forensic.forensic_api.windows (windows.py:287): /_forensic/windows POST: Fenster 'e2abfb40-fb13-407a-94e9-c0dc3b791e63' (Rolle 'userinfo') registriert
2026-06-07 19:24:07 [DEBUG   ] forensic.server.http_server (http_server.py:115): HTTP "POST /_forensic/windows HTTP/1.1" 200 -
2026-06-07 19:24:07 [DEBUG   ] forensic.server.router (router.py:104): Router: POST /_forensic/windows (ajax=True)
2026-06-07 19:24:07 [DEBUG   ] forensic.forensic_api.windows (windows.py:287): /_forensic/windows POST: Fenster 'b486fd93-6ef4-4db2-bafa-20c63f515c97' (Rolle 'report') registriert
2026-06-07 19:24:07 [DEBUG   ] forensic.server.http_server (http_server.py:115): HTTP "POST /_forensic/windows HTTP/1.1" 200 -
2026-06-07 19:24:18 [DEBUG   ] forensic.server.router (router.py:104): Router: POST /_forensic/windows (ajax=True)
2026-06-07 19:24:18 [DEBUG   ] forensic.forensic_api.windows (windows.py:287): /_forensic/windows POST: Fenster '28647da4-1b6f-40de-8490-df54938e70d5' (Rolle 'userinfo') registriert
2026-06-07 19:24:18 [DEBUG   ] forensic.server.http_server (http_server.py:115): HTTP "POST /_forensic/windows HTTP/1.1" 200 -
2026-06-07 19:24:31 [DEBUG   ] forensic (main.py:485): Watchdog: Heartbeat (Dump: 'logs/freeze_dump.txt')
2026-06-07 19:24:37 [DEBUG   ] forensic.server.router (router.py:104): Router: POST /_forensic/windows (ajax=True)
2026-06-07 19:24:37 [DEBUG   ] forensic.forensic_api.windows (windows.py:287): /_forensic/windows POST: Fenster 'e2abfb40-fb13-407a-94e9-c0dc3b791e63' (Rolle 'userinfo') registriert
2026-06-07 19:24:37 [DEBUG   ] forensic.server.http_server (http_server.py:115): HTTP "POST /_forensic/windows HTTP/1.1" 200 -
2026-06-07 19:24:37 [DEBUG   ] forensic.server.router (router.py:104): Router: POST /_forensic/windows (ajax=True)
2026-06-07 19:24:37 [DEBUG   ] forensic.forensic_api.windows (windows.py:287): /_forensic/windows POST: Fenster 'b486fd93-6ef4-4db2-bafa-20c63f515c97' (Rolle 'report') registriert
2026-06-07 19:24:37 [DEBUG   ] forensic.server.http_server (http_server.py:115): HTTP "POST /_forensic/windows HTTP/1.1" 200 -
2026-06-07 19:24:48 [DEBUG   ] forensic.server.router (router.py:104): Router: POST /_forensic/windows (ajax=True)
2026-06-07 19:24:48 [DEBUG   ] forensic.forensic_api.windows (windows.py:287): /_forensic/windows POST: Fenster '28647da4-1b6f-40de-8490-df54938e70d5' (Rolle 'userinfo') registriert
2026-06-07 19:24:48 [DEBUG   ] forensic.server.http_server (http_server.py:115): HTTP "POST /_forensic/windows HTTP/1.1" 200 -
2026-06-07 19:24:50 [DEBUG   ] forensic.server.router (router.py:104): Router: POST /_forensic/windows (ajax=True)
2026-06-07 19:24:50 [DEBUG   ] forensic.forensic_api.windows (windows.py:287): /_forensic/windows POST: Fenster '6c9c384f-d503-449b-a512-06c973b9d079' (Rolle 'main') registriert
2026-06-07 19:24:50 [DEBUG   ] forensic.server.http_server (http_server.py:115): HTTP "POST /_forensic/windows HTTP/1.1" 200 -
2026-06-07 19:24:50 [DEBUG   ] forensic.server.router (router.py:104): Router: POST /_forensic/windows (ajax=True)
2026-06-07 19:24:50 [DEBUG   ] forensic.forensic_api.windows (windows.py:287): /_forensic/windows POST: Fenster 'b1de0a1f-3b7c-4ce1-81c7-a2324ccd5457' (Rolle 'main') registriert
2026-06-07 19:24:50 [DEBUG   ] forensic.server.http_server (http_server.py:115): HTTP "POST /_forensic/windows HTTP/1.1" 200 -
2026-06-07 19:25:01 [DEBUG   ] forensic (main.py:485): Watchdog: Heartbeat (Dump: 'logs/freeze_dump.txt')
2026-06-07 19:25:07 [DEBUG   ] forensic.server.router (router.py:104): Router: POST /_forensic/windows (ajax=True)
2026-06-07 19:25:07 [DEBUG   ] forensic.forensic_api.windows (windows.py:287): /_forensic/windows POST: Fenster 'e2abfb40-fb13-407a-94e9-c0dc3b791e63' (Rolle 'userinfo') registriert
2026-06-07 19:25:07 [DEBUG   ] forensic.server.http_server (http_server.py:115): HTTP "POST /_forensic/windows HTTP/1.1" 200 -
2026-06-07 19:25:07 [DEBUG   ] forensic.server.router (router.py:104): Router: POST /_forensic/windows (ajax=True)
2026-06-07 19:25:07 [DEBUG   ] forensic.forensic_api.windows (windows.py:287): /_forensic/windows POST: Fenster 'b486fd93-6ef4-4db2-bafa-20c63f515c97' (Rolle 'report') registriert
2026-06-07 19:25:07 [DEBUG   ] forensic.server.http_server (http_server.py:115): HTTP "POST /_forensic/windows HTTP/1.1" 200 -
2026-06-07 19:25:18 [DEBUG   ] forensic.server.router (router.py:104): Router: POST /_forensic/windows (ajax=True)
2026-06-07 19:25:18 [DEBUG   ] forensic.forensic_api.windows (windows.py:287): /_forensic/windows POST: Fenster '28647da4-1b6f-40de-8490-df54938e70d5' (Rolle 'userinfo') registriert
2026-06-07 19:25:18 [DEBUG   ] forensic.server.http_server (http_server.py:115): HTTP "POST /_forensic/windows HTTP/1.1" 200 -
2026-06-07 19:25:31 [DEBUG   ] forensic (main.py:485): Watchdog: Heartbeat (Dump: 'logs/freeze_dump.txt')
2026-06-07 19:25:37 [DEBUG   ] forensic.server.router (router.py:104): Router: POST /_forensic/windows (ajax=True)
2026-06-07 19:25:37 [DEBUG   ] forensic.forensic_api.windows (windows.py:287): /_forensic/windows POST: Fenster 'e2abfb40-fb13-407a-94e9-c0dc3b791e63' (Rolle 'userinfo') registriert
2026-06-07 19:25:37 [DEBUG   ] forensic.server.http_server (http_server.py:115): HTTP "POST /_forensic/windows HTTP/1.1" 200 -
2026-06-07 19:25:37 [DEBUG   ] forensic.server.router (router.py:104): Router: POST /_forensic/windows (ajax=True)
2026-06-07 19:25:37 [DEBUG   ] forensic.forensic_api.windows (windows.py:287): /_forensic/windows POST: Fenster 'b486fd93-6ef4-4db2-bafa-20c63f515c97' (Rolle 'report') registriert
2026-06-07 19:25:37 [DEBUG   ] forensic.server.http_server (http_server.py:115): HTTP "POST /_forensic/windows HTTP/1.1" 200 -
2026-06-07 19:25:48 [DEBUG   ] forensic.server.router (router.py:104): Router: POST /_forensic/windows (ajax=True)
2026-06-07 19:25:48 [DEBUG   ] forensic.forensic_api.windows (windows.py:287): /_forensic/windows POST: Fenster '28647da4-1b6f-40de-8490-df54938e70d5' (Rolle 'userinfo') registriert
2026-06-07 19:25:48 [DEBUG   ] forensic.server.http_server (http_server.py:115): HTTP "POST /_forensic/windows HTTP/1.1" 200 -
2026-06-07 19:25:50 [DEBUG   ] forensic.server.router (router.py:104): Router: POST /_forensic/windows (ajax=True)
2026-06-07 19:25:50 [DEBUG   ] forensic.server.router (router.py:104): Router: POST /_forensic/windows (ajax=True)
2026-06-07 19:25:50 [DEBUG   ] forensic.forensic_api.windows (windows.py:287): /_forensic/windows POST: Fenster '6c9c384f-d503-449b-a512-06c973b9d079' (Rolle 'main') registriert
2026-06-07 19:25:50 [DEBUG   ] forensic.server.http_server (http_server.py:115): HTTP "POST /_forensic/windows HTTP/1.1" 200 -
2026-06-07 19:25:50 [DEBUG   ] forensic.forensic_api.windows (windows.py:287): /_forensic/windows POST: Fenster 'b1de0a1f-3b7c-4ce1-81c7-a2324ccd5457' (Rolle 'main') registriert
2026-06-07 19:25:50 [DEBUG   ] forensic.server.http_server (http_server.py:115): HTTP "POST /_forensic/windows HTTP/1.1" 200 -
2026-06-07 19:26:01 [DEBUG   ] forensic (main.py:485): Watchdog: Heartbeat (Dump: 'logs/freeze_dump.txt')
2026-06-07 19:26:07 [DEBUG   ] forensic.server.router (router.py:104): Router: POST /_forensic/windows (ajax=True)
2026-06-07 19:26:07 [DEBUG   ] forensic.forensic_api.windows (windows.py:287): /_forensic/windows POST: Fenster 'e2abfb40-fb13-407a-94e9-c0dc3b791e63' (Rolle 'userinfo') registriert
2026-06-07 19:26:07 [DEBUG   ] forensic.server.http_server (http_server.py:115): HTTP "POST /_forensic/windows HTTP/1.1" 200 -
2026-06-07 19:26:07 [DEBUG   ] forensic.server.router (router.py:104): Router: POST /_forensic/windows (ajax=True)
2026-06-07 19:26:07 [DEBUG   ] forensic.forensic_api.windows (windows.py:287): /_forensic/windows POST: Fenster 'b486fd93-6ef4-4db2-bafa-20c63f515c97' (Rolle 'report') registriert
2026-06-07 19:26:07 [DEBUG   ] forensic.server.http_server (http_server.py:115): HTTP "POST /_forensic/windows HTTP/1.1" 200 -
2026-06-07 19:26:18 [DEBUG   ] forensic.server.router (router.py:104): Router: POST /_forensic/windows (ajax=True)
2026-06-07 19:26:18 [DEBUG   ] forensic.forensic_api.windows (windows.py:287): /_forensic/windows POST: Fenster '28647da4-1b6f-40de-8490-df54938e70d5' (Rolle 'userinfo') registriert
2026-06-07 19:26:18 [DEBUG   ] forensic.server.http_server (http_server.py:115): HTTP "POST /_forensic/windows HTTP/1.1" 200 -
2026-06-07 19:26:31 [DEBUG   ] forensic (main.py:485): Watchdog: Heartbeat (Dump: 'logs/freeze_dump.txt')
2026-06-07 19:26:37 [DEBUG   ] forensic.server.router (router.py:104): Router: POST /_forensic/windows (ajax=True)
2026-06-07 19:26:37 [DEBUG   ] forensic.forensic_api.windows (windows.py:287): /_forensic/windows POST: Fenster 'e2abfb40-fb13-407a-94e9-c0dc3b791e63' (Rolle 'userinfo') registriert
2026-06-07 19:26:37 [DEBUG   ] forensic.server.http_server (http_server.py:115): HTTP "POST /_forensic/windows HTTP/1.1" 200 -
2026-06-07 19:26:37 [DEBUG   ] forensic.server.router (router.py:104): Router: POST /_forensic/windows (ajax=True)
2026-06-07 19:26:37 [DEBUG   ] forensic.forensic_api.windows (windows.py:287): /_forensic/windows POST: Fenster 'b486fd93-6ef4-4db2-bafa-20c63f515c97' (Rolle 'report') registriert
2026-06-07 19:26:37 [DEBUG   ] forensic.server.http_server (http_server.py:115): HTTP "POST /_forensic/windows HTTP/1.1" 200 -
2026-06-07 19:26:48 [DEBUG   ] forensic.server.router (router.py:104): Router: POST /_forensic/windows (ajax=True)
2026-06-07 19:26:48 [DEBUG   ] forensic.forensic_api.windows (windows.py:287): /_forensic/windows POST: Fenster '28647da4-1b6f-40de-8490-df54938e70d5' (Rolle 'userinfo') registriert
2026-06-07 19:26:48 [DEBUG   ] forensic.server.http_server (http_server.py:115): HTTP "POST /_forensic/windows HTTP/1.1" 200 -
2026-06-07 19:26:50 [DEBUG   ] forensic.server.router (router.py:104): Router: POST /_forensic/windows (ajax=True)
2026-06-07 19:26:50 [DEBUG   ] forensic.forensic_api.windows (windows.py:287): /_forensic/windows POST: Fenster '6c9c384f-d503-449b-a512-06c973b9d079' (Rolle 'main') registriert
2026-06-07 19:26:50 [DEBUG   ] forensic.server.http_server (http_server.py:115): HTTP "POST /_forensic/windows HTTP/1.1" 200 -
2026-06-07 19:26:50 [DEBUG   ] forensic.server.router (router.py:104): Router: POST /_forensic/windows (ajax=True)
2026-06-07 19:26:50 [DEBUG   ] forensic.forensic_api.windows (windows.py:287): /_forensic/windows POST: Fenster 'b1de0a1f-3b7c-4ce1-81c7-a2324ccd5457' (Rolle 'main') registriert
2026-06-07 19:26:50 [DEBUG   ] forensic.server.http_server (http_server.py:115): HTTP "POST /_forensic/windows HTTP/1.1" 200 -
2026-06-07 19:27:01 [DEBUG   ] forensic (main.py:485): Watchdog: Heartbeat (Dump: 'logs/freeze_dump.txt')
2026-06-07 19:27:07 [DEBUG   ] forensic.server.router (router.py:104): Router: POST /_forensic/windows (ajax=True)
2026-06-07 19:27:07 [DEBUG   ] forensic.forensic_api.windows (windows.py:287): /_forensic/windows POST: Fenster 'e2abfb40-fb13-407a-94e9-c0dc3b791e63' (Rolle 'userinfo') registriert
2026-06-07 19:27:07 [DEBUG   ] forensic.server.http_server (http_server.py:115): HTTP "POST /_forensic/windows HTTP/1.1" 200 -
2026-06-07 19:27:07 [DEBUG   ] forensic.server.router (router.py:104): Router: POST /_forensic/windows (ajax=True)
2026-06-07 19:27:07 [DEBUG   ] forensic.forensic_api.windows (windows.py:287): /_forensic/windows POST: Fenster 'b486fd93-6ef4-4db2-bafa-20c63f515c97' (Rolle 'report') registriert
2026-06-07 19:27:07 [DEBUG   ] forensic.server.http_server (http_server.py:115): HTTP "POST /_forensic/windows HTTP/1.1" 200 -
2026-06-07 19:27:18 [DEBUG   ] forensic.server.router (router.py:104): Router: POST /_forensic/windows (ajax=True)
2026-06-07 19:27:18 [DEBUG   ] forensic.forensic_api.windows (windows.py:287): /_forensic/windows POST: Fenster '28647da4-1b6f-40de-8490-df54938e70d5' (Rolle 'userinfo') registriert
2026-06-07 19:27:18 [DEBUG   ] forensic.server.http_server (http_server.py:115): HTTP "POST /_forensic/windows HTTP/1.1" 200 -
2026-06-07 19:27:31 [DEBUG   ] forensic (main.py:485): Watchdog: Heartbeat (Dump: 'logs/freeze_dump.txt')
2026-06-07 19:27:37 [DEBUG   ] forensic.server.router (router.py:104): Router: POST /_forensic/windows (ajax=True)
2026-06-07 19:27:37 [DEBUG   ] forensic.forensic_api.windows (windows.py:287): /_forensic/windows POST: Fenster 'e2abfb40-fb13-407a-94e9-c0dc3b791e63' (Rolle 'userinfo') registriert
2026-06-07 19:27:37 [DEBUG   ] forensic.server.http_server (http_server.py:115): HTTP "POST /_forensic/windows HTTP/1.1" 200 -
2026-06-07 19:27:37 [DEBUG   ] forensic.server.router (router.py:104): Router: POST /_forensic/windows (ajax=True)
2026-06-07 19:27:37 [DEBUG   ] forensic.forensic_api.windows (windows.py:287): /_forensic/windows POST: Fenster 'b486fd93-6ef4-4db2-bafa-20c63f515c97' (Rolle 'report') registriert
2026-06-07 19:27:37 [DEBUG   ] forensic.server.http_server (http_server.py:115): HTTP "POST /_forensic/windows HTTP/1.1" 200 -
2026-06-07 19:27:48 [DEBUG   ] forensic.server.router (router.py:104): Router: POST /_forensic/windows (ajax=True)
2026-06-07 19:27:48 [DEBUG   ] forensic.forensic_api.windows (windows.py:287): /_forensic/windows POST: Fenster '28647da4-1b6f-40de-8490-df54938e70d5' (Rolle 'userinfo') registriert
2026-06-07 19:27:48 [DEBUG   ] forensic.server.http_server (http_server.py:115): HTTP "POST /_forensic/windows HTTP/1.1" 200 -
2026-06-07 19:27:50 [DEBUG   ] forensic.server.router (router.py:104): Router: POST /_forensic/windows (ajax=True)
2026-06-07 19:27:50 [DEBUG   ] forensic.forensic_api.windows (windows.py:287): /_forensic/windows POST: Fenster '6c9c384f-d503-449b-a512-06c973b9d079' (Rolle 'main') registriert
2026-06-07 19:27:50 [DEBUG   ] forensic.server.http_server (http_server.py:115): HTTP "POST /_forensic/windows HTTP/1.1" 200 -
2026-06-07 19:27:50 [DEBUG   ] forensic.server.router (router.py:104): Router: POST /_forensic/windows (ajax=True)
2026-06-07 19:27:50 [DEBUG   ] forensic.forensic_api.windows (windows.py:287): /_forensic/windows POST: Fenster 'b1de0a1f-3b7c-4ce1-81c7-a2324ccd5457' (Rolle 'main') registriert
2026-06-07 19:27:50 [DEBUG   ] forensic.server.http_server (http_server.py:115): HTTP "POST /_forensic/windows HTTP/1.1" 200 -
2026-06-07 19:28:01 [DEBUG   ] forensic (main.py:485): Watchdog: Heartbeat (Dump: 'logs/freeze_dump.txt')
2026-06-07 19:28:07 [DEBUG   ] forensic.server.router (router.py:104): Router: POST /_forensic/windows (ajax=True)
2026-06-07 19:28:07 [DEBUG   ] forensic.forensic_api.windows (windows.py:287): /_forensic/windows POST: Fenster 'e2abfb40-fb13-407a-94e9-c0dc3b791e63' (Rolle 'userinfo') registriert
2026-06-07 19:28:07 [DEBUG   ] forensic.server.http_server (http_server.py:115): HTTP "POST /_forensic/windows HTTP/1.1" 200 -
2026-06-07 19:28:07 [DEBUG   ] forensic.server.router (router.py:104): Router: POST /_forensic/windows (ajax=True)
2026-06-07 19:28:07 [DEBUG   ] forensic.forensic_api.windows (windows.py:287): /_forensic/windows POST: Fenster 'b486fd93-6ef4-4db2-bafa-20c63f515c97' (Rolle 'report') registriert
2026-06-07 19:28:07 [DEBUG   ] forensic.server.http_server (http_server.py:115): HTTP "POST /_forensic/windows HTTP/1.1" 200 -
2026-06-07 19:28:18 [DEBUG   ] forensic.server.router (router.py:104): Router: POST /_forensic/windows (ajax=True)
2026-06-07 19:28:18 [DEBUG   ] forensic.forensic_api.windows (windows.py:287): /_forensic/windows POST: Fenster '28647da4-1b6f-40de-8490-df54938e70d5' (Rolle 'userinfo') registriert
2026-06-07 19:28:18 [DEBUG   ] forensic.server.http_server (http_server.py:115): HTTP "POST /_forensic/windows HTTP/1.1" 200 -
2026-06-07 19:28:31 [DEBUG   ] forensic (main.py:485): Watchdog: Heartbeat (Dump: 'logs/freeze_dump.txt')
2026-06-07 19:28:37 [DEBUG   ] forensic.server.router (router.py:104): Router: POST /_forensic/windows (ajax=True)
2026-06-07 19:28:37 [DEBUG   ] forensic.forensic_api.windows (windows.py:287): /_forensic/windows POST: Fenster 'e2abfb40-fb13-407a-94e9-c0dc3b791e63' (Rolle 'userinfo') registriert
2026-06-07 19:28:37 [DEBUG   ] forensic.server.http_server (http_server.py:115): HTTP "POST /_forensic/windows HTTP/1.1" 200 -
2026-06-07 19:28:37 [DEBUG   ] forensic.server.router (router.py:104): Router: POST /_forensic/windows (ajax=True)
2026-06-07 19:28:37 [DEBUG   ] forensic.forensic_api.windows (windows.py:287): /_forensic/windows POST: Fenster 'b486fd93-6ef4-4db2-bafa-20c63f515c97' (Rolle 'report') registriert
2026-06-07 19:28:37 [DEBUG   ] forensic.server.http_server (http_server.py:115): HTTP "POST /_forensic/windows HTTP/1.1" 200 -
2026-06-07 19:28:48 [DEBUG   ] forensic.server.router (router.py:104): Router: POST /_forensic/windows (ajax=True)
2026-06-07 19:28:48 [DEBUG   ] forensic.forensic_api.windows (windows.py:287): /_forensic/windows POST: Fenster '28647da4-1b6f-40de-8490-df54938e70d5' (Rolle 'userinfo') registriert
2026-06-07 19:28:48 [DEBUG   ] forensic.server.http_server (http_server.py:115): HTTP "POST /_forensic/windows HTTP/1.1" 200 -
2026-06-07 19:28:50 [DEBUG   ] forensic.server.router (router.py:104): Router: POST /_forensic/windows (ajax=True)
2026-06-07 19:28:50 [DEBUG   ] forensic.forensic_api.windows (windows.py:287): /_forensic/windows POST: Fenster '6c9c384f-d503-449b-a512-06c973b9d079' (Rolle 'main') registriert
2026-06-07 19:28:50 [DEBUG   ] forensic.server.http_server (http_server.py:115): HTTP "POST /_forensic/windows HTTP/1.1" 200 -
2026-06-07 19:28:50 [DEBUG   ] forensic.server.router (router.py:104): Router: POST /_forensic/windows (ajax=True)
2026-06-07 19:28:50 [DEBUG   ] forensic.forensic_api.windows (windows.py:287): /_forensic/windows POST: Fenster 'b1de0a1f-3b7c-4ce1-81c7-a2324ccd5457' (Rolle 'main') registriert
2026-06-07 19:28:50 [DEBUG   ] forensic.server.http_server (http_server.py:115): HTTP "POST /_forensic/windows HTTP/1.1" 200 -
2026-06-07 19:29:01 [DEBUG   ] forensic (main.py:485): Watchdog: Heartbeat (Dump: 'logs/freeze_dump.txt')
2026-06-07 19:29:07 [DEBUG   ] forensic.server.router (router.py:104): Router: POST /_forensic/windows (ajax=True)
2026-06-07 19:29:07 [DEBUG   ] forensic.forensic_api.windows (windows.py:287): /_forensic/windows POST: Fenster 'e2abfb40-fb13-407a-94e9-c0dc3b791e63' (Rolle 'userinfo') registriert
2026-06-07 19:29:07 [DEBUG   ] forensic.server.http_server (http_server.py:115): HTTP "POST /_forensic/windows HTTP/1.1" 200 -
2026-06-07 19:29:07 [DEBUG   ] forensic.server.router (router.py:104): Router: POST /_forensic/windows (ajax=True)
2026-06-07 19:29:07 [DEBUG   ] forensic.forensic_api.windows (windows.py:287): /_forensic/windows POST: Fenster 'b486fd93-6ef4-4db2-bafa-20c63f515c97' (Rolle 'report') registriert
2026-06-07 19:29:07 [DEBUG   ] forensic.server.http_server (http_server.py:115): HTTP "POST /_forensic/windows HTTP/1.1" 200 -
2026-06-07 19:29:18 [DEBUG   ] forensic.server.router (router.py:104): Router: POST /_forensic/windows (ajax=True)
2026-06-07 19:29:18 [DEBUG   ] forensic.forensic_api.windows (windows.py:287): /_forensic/windows POST: Fenster '28647da4-1b6f-40de-8490-df54938e70d5' (Rolle 'userinfo') registriert
2026-06-07 19:29:18 [DEBUG   ] forensic.server.http_server (http_server.py:115): HTTP "POST /_forensic/windows HTTP/1.1" 200 -
2026-06-07 19:29:31 [DEBUG   ] forensic (main.py:485): Watchdog: Heartbeat (Dump: 'logs/freeze_dump.txt')
2026-06-07 19:29:37 [DEBUG   ] forensic.server.router (router.py:104): Router: POST /_forensic/windows (ajax=True)
2026-06-07 19:29:37 [DEBUG   ] forensic.forensic_api.windows (windows.py:287): /_forensic/windows POST: Fenster 'e2abfb40-fb13-407a-94e9-c0dc3b791e63' (Rolle 'userinfo') registriert
2026-06-07 19:29:37 [DEBUG   ] forensic.server.http_server (http_server.py:115): HTTP "POST /_forensic/windows HTTP/1.1" 200 -
2026-06-07 19:29:37 [DEBUG   ] forensic.server.router (router.py:104): Router: POST /_forensic/windows (ajax=True)
2026-06-07 19:29:37 [DEBUG   ] forensic.forensic_api.windows (windows.py:287): /_forensic/windows POST: Fenster 'b486fd93-6ef4-4db2-bafa-20c63f515c97' (Rolle 'report') registriert
2026-06-07 19:29:37 [DEBUG   ] forensic.server.http_server (http_server.py:115): HTTP "POST /_forensic/windows HTTP/1.1" 200 -
2026-06-07 19:29:48 [DEBUG   ] forensic.server.router (router.py:104): Router: POST /_forensic/windows (ajax=True)
2026-06-07 19:29:48 [DEBUG   ] forensic.forensic_api.windows (windows.py:287): /_forensic/windows POST: Fenster '28647da4-1b6f-40de-8490-df54938e70d5' (Rolle 'userinfo') registriert
2026-06-07 19:29:48 [DEBUG   ] forensic.server.http_server (http_server.py:115): HTTP "POST /_forensic/windows HTTP/1.1" 200 -
2026-06-07 19:29:50 [DEBUG   ] forensic.server.router (router.py:104): Router: POST /_forensic/windows (ajax=True)
2026-06-07 19:29:50 [DEBUG   ] forensic.forensic_api.windows (windows.py:287): /_forensic/windows POST: Fenster '6c9c384f-d503-449b-a512-06c973b9d079' (Rolle 'main') registriert
2026-06-07 19:29:50 [DEBUG   ] forensic.server.http_server (http_server.py:115): HTTP "POST /_forensic/windows HTTP/1.1" 200 -
2026-06-07 19:29:50 [DEBUG   ] forensic.server.router (router.py:104): Router: POST /_forensic/windows (ajax=True)
2026-06-07 19:29:50 [DEBUG   ] forensic.forensic_api.windows (windows.py:287): /_forensic/windows POST: Fenster 'b1de0a1f-3b7c-4ce1-81c7-a2324ccd5457' (Rolle 'main') registriert
2026-06-07 19:29:50 [DEBUG   ] forensic.server.http_server (http_server.py:115): HTTP "POST /_forensic/windows HTTP/1.1" 200 -
2026-06-07 19:30:01 [DEBUG   ] forensic (main.py:485): Watchdog: Heartbeat (Dump: 'logs/freeze_dump.txt')
2026-06-07 19:30:07 [DEBUG   ] forensic.server.router (router.py:104): Router: POST /_forensic/windows (ajax=True)
2026-06-07 19:30:07 [DEBUG   ] forensic.forensic_api.windows (windows.py:287): /_forensic/windows POST: Fenster 'e2abfb40-fb13-407a-94e9-c0dc3b791e63' (Rolle 'userinfo') registriert
2026-06-07 19:30:07 [DEBUG   ] forensic.server.http_server (http_server.py:115): HTTP "POST /_forensic/windows HTTP/1.1" 200 -
2026-06-07 19:30:07 [DEBUG   ] forensic.server.router (router.py:104): Router: POST /_forensic/windows (ajax=True)
2026-06-07 19:30:07 [DEBUG   ] forensic.forensic_api.windows (windows.py:287): /_forensic/windows POST: Fenster 'b486fd93-6ef4-4db2-bafa-20c63f515c97' (Rolle 'report') registriert
2026-06-07 19:30:07 [DEBUG   ] forensic.server.http_server (http_server.py:115): HTTP "POST /_forensic/windows HTTP/1.1" 200 -
2026-06-07 19:30:18 [DEBUG   ] forensic.server.router (router.py:104): Router: POST /_forensic/windows (ajax=True)
2026-06-07 19:30:18 [DEBUG   ] forensic.forensic_api.windows (windows.py:287): /_forensic/windows POST: Fenster '28647da4-1b6f-40de-8490-df54938e70d5' (Rolle 'userinfo') registriert
2026-06-07 19:30:18 [DEBUG   ] forensic.server.http_server (http_server.py:115): HTTP "POST /_forensic/windows HTTP/1.1" 200 -
2026-06-07 19:30:31 [DEBUG   ] forensic (main.py:485): Watchdog: Heartbeat (Dump: 'logs/freeze_dump.txt')
2026-06-07 19:30:37 [DEBUG   ] forensic.server.router (router.py:104): Router: POST /_forensic/windows (ajax=True)
2026-06-07 19:30:37 [DEBUG   ] forensic.forensic_api.windows (windows.py:287): /_forensic/windows POST: Fenster 'e2abfb40-fb13-407a-94e9-c0dc3b791e63' (Rolle 'userinfo') registriert
2026-06-07 19:30:37 [DEBUG   ] forensic.server.http_server (http_server.py:115): HTTP "POST /_forensic/windows HTTP/1.1" 200 -
2026-06-07 19:30:37 [DEBUG   ] forensic.server.router (router.py:104): Router: POST /_forensic/windows (ajax=True)
2026-06-07 19:30:37 [DEBUG   ] forensic.forensic_api.windows (windows.py:287): /_forensic/windows POST: Fenster 'b486fd93-6ef4-4db2-bafa-20c63f515c97' (Rolle 'report') registriert
2026-06-07 19:30:37 [DEBUG   ] forensic.server.http_server (http_server.py:115): HTTP "POST /_forensic/windows HTTP/1.1" 200 -
2026-06-07 19:30:48 [DEBUG   ] forensic.server.router (router.py:104): Router: POST /_forensic/windows (ajax=True)
2026-06-07 19:30:48 [DEBUG   ] forensic.forensic_api.windows (windows.py:287): /_forensic/windows POST: Fenster '28647da4-1b6f-40de-8490-df54938e70d5' (Rolle 'userinfo') registriert
2026-06-07 19:30:48 [DEBUG   ] forensic.server.http_server (http_server.py:115): HTTP "POST /_forensic/windows HTTP/1.1" 200 -
2026-06-07 19:30:50 [DEBUG   ] forensic.server.router (router.py:104): Router: POST /_forensic/windows (ajax=True)
2026-06-07 19:30:50 [DEBUG   ] forensic.forensic_api.windows (windows.py:287): /_forensic/windows POST: Fenster '6c9c384f-d503-449b-a512-06c973b9d079' (Rolle 'main') registriert
2026-06-07 19:30:50 [DEBUG   ] forensic.server.http_server (http_server.py:115): HTTP "POST /_forensic/windows HTTP/1.1" 200 -
2026-06-07 19:30:50 [DEBUG   ] forensic.server.router (router.py:104): Router: POST /_forensic/windows (ajax=True)
2026-06-07 19:30:50 [DEBUG   ] forensic.forensic_api.windows (windows.py:287): /_forensic/windows POST: Fenster 'b1de0a1f-3b7c-4ce1-81c7-a2324ccd5457' (Rolle 'main') registriert
2026-06-07 19:30:50 [DEBUG   ] forensic.server.http_server (http_server.py:115): HTTP "POST /_forensic/windows HTTP/1.1" 200 -
2026-06-07 19:31:01 [DEBUG   ] forensic (main.py:485): Watchdog: Heartbeat (Dump: 'logs/freeze_dump.txt')
2026-06-07 19:31:07 [DEBUG   ] forensic.server.router (router.py:104): Router: POST /_forensic/windows (ajax=True)
2026-06-07 19:31:07 [DEBUG   ] forensic.forensic_api.windows (windows.py:287): /_forensic/windows POST: Fenster 'e2abfb40-fb13-407a-94e9-c0dc3b791e63' (Rolle 'userinfo') registriert
2026-06-07 19:31:07 [DEBUG   ] forensic.server.http_server (http_server.py:115): HTTP "POST /_forensic/windows HTTP/1.1" 200 -
2026-06-07 19:31:07 [DEBUG   ] forensic.server.router (router.py:104): Router: POST /_forensic/windows (ajax=True)
2026-06-07 19:31:07 [DEBUG   ] forensic.forensic_api.windows (windows.py:287): /_forensic/windows POST: Fenster 'b486fd93-6ef4-4db2-bafa-20c63f515c97' (Rolle 'report') registriert
2026-06-07 19:31:07 [DEBUG   ] forensic.server.http_server (http_server.py:115): HTTP "POST /_forensic/windows HTTP/1.1" 200 -
2026-06-07 19:31:18 [DEBUG   ] forensic.server.router (router.py:104): Router: POST /_forensic/windows (ajax=True)
2026-06-07 19:31:18 [DEBUG   ] forensic.forensic_api.windows (windows.py:287): /_forensic/windows POST: Fenster '28647da4-1b6f-40de-8490-df54938e70d5' (Rolle 'userinfo') registriert
2026-06-07 19:31:18 [DEBUG   ] forensic.server.http_server (http_server.py:115): HTTP "POST /_forensic/windows HTTP/1.1" 200 -
2026-06-07 19:31:31 [DEBUG   ] forensic (main.py:485): Watchdog: Heartbeat (Dump: 'logs/freeze_dump.txt')
2026-06-07 19:31:37 [DEBUG   ] forensic.server.router (router.py:104): Router: POST /_forensic/windows (ajax=True)
2026-06-07 19:31:37 [DEBUG   ] forensic.forensic_api.windows (windows.py:287): /_forensic/windows POST: Fenster 'e2abfb40-fb13-407a-94e9-c0dc3b791e63' (Rolle 'userinfo') registriert
2026-06-07 19:31:37 [DEBUG   ] forensic.server.http_server (http_server.py:115): HTTP "POST /_forensic/windows HTTP/1.1" 200 -
2026-06-07 19:31:37 [DEBUG   ] forensic.server.router (router.py:104): Router: POST /_forensic/windows (ajax=True)
2026-06-07 19:31:37 [DEBUG   ] forensic.forensic_api.windows (windows.py:287): /_forensic/windows POST: Fenster 'b486fd93-6ef4-4db2-bafa-20c63f515c97' (Rolle 'report') registriert
2026-06-07 19:31:37 [DEBUG   ] forensic.server.http_server (http_server.py:115): HTTP "POST /_forensic/windows HTTP/1.1" 200 -
2026-06-07 19:31:48 [DEBUG   ] forensic.server.router (router.py:104): Router: POST /_forensic/windows (ajax=True)
2026-06-07 19:31:48 [DEBUG   ] forensic.forensic_api.windows (windows.py:287): /_forensic/windows POST: Fenster '28647da4-1b6f-40de-8490-df54938e70d5' (Rolle 'userinfo') registriert
2026-06-07 19:31:48 [DEBUG   ] forensic.server.http_server (http_server.py:115): HTTP "POST /_forensic/windows HTTP/1.1" 200 -
2026-06-07 19:31:50 [DEBUG   ] forensic.server.router (router.py:104): Router: POST /_forensic/windows (ajax=True)
2026-06-07 19:31:50 [DEBUG   ] forensic.forensic_api.windows (windows.py:287): /_forensic/windows POST: Fenster 'b1de0a1f-3b7c-4ce1-81c7-a2324ccd5457' (Rolle 'main') registriert
2026-06-07 19:31:50 [DEBUG   ] forensic.server.http_server (http_server.py:115): HTTP "POST /_forensic/windows HTTP/1.1" 200 -
2026-06-07 19:31:50 [DEBUG   ] forensic.server.router (router.py:104): Router: POST /_forensic/windows (ajax=True)
2026-06-07 19:31:50 [DEBUG   ] forensic.forensic_api.windows (windows.py:287): /_forensic/windows POST: Fenster '6c9c384f-d503-449b-a512-06c973b9d079' (Rolle 'main') registriert
2026-06-07 19:31:50 [DEBUG   ] forensic.server.http_server (http_server.py:115): HTTP "POST /_forensic/windows HTTP/1.1" 200 -
2026-06-07 19:32:01 [DEBUG   ] forensic (main.py:485): Watchdog: Heartbeat (Dump: 'logs/freeze_dump.txt')
2026-06-07 19:32:07 [DEBUG   ] forensic.server.router (router.py:104): Router: POST /_forensic/windows (ajax=True)
2026-06-07 19:32:07 [DEBUG   ] forensic.forensic_api.windows (windows.py:287): /_forensic/windows POST: Fenster 'e2abfb40-fb13-407a-94e9-c0dc3b791e63' (Rolle 'userinfo') registriert
2026-06-07 19:32:07 [DEBUG   ] forensic.server.http_server (http_server.py:115): HTTP "POST /_forensic/windows HTTP/1.1" 200 -
2026-06-07 19:32:07 [DEBUG   ] forensic.server.router (router.py:104): Router: POST /_forensic/windows (ajax=True)
2026-06-07 19:32:07 [DEBUG   ] forensic.forensic_api.windows (windows.py:287): /_forensic/windows POST: Fenster 'b486fd93-6ef4-4db2-bafa-20c63f515c97' (Rolle 'report') registriert
2026-06-07 19:32:07 [DEBUG   ] forensic.server.http_server (http_server.py:115): HTTP "POST /_forensic/windows HTTP/1.1" 200 -
2026-06-07 19:32:18 [DEBUG   ] forensic.server.router (router.py:104): Router: POST /_forensic/windows (ajax=True)
2026-06-07 19:32:18 [DEBUG   ] forensic.forensic_api.windows (windows.py:287): /_forensic/windows POST: Fenster '28647da4-1b6f-40de-8490-df54938e70d5' (Rolle 'userinfo') registriert
2026-06-07 19:32:18 [DEBUG   ] forensic.server.http_server (http_server.py:115): HTTP "POST /_forensic/windows HTTP/1.1" 200 -
2026-06-07 19:32:31 [DEBUG   ] forensic (main.py:485): Watchdog: Heartbeat (Dump: 'logs/freeze_dump.txt')
2026-06-07 19:32:37 [DEBUG   ] forensic.server.router (router.py:104): Router: POST /_forensic/windows (ajax=True)
2026-06-07 19:32:37 [DEBUG   ] forensic.forensic_api.windows (windows.py:287): /_forensic/windows POST: Fenster 'e2abfb40-fb13-407a-94e9-c0dc3b791e63' (Rolle 'userinfo') registriert
2026-06-07 19:32:37 [DEBUG   ] forensic.server.http_server (http_server.py:115): HTTP "POST /_forensic/windows HTTP/1.1" 200 -
2026-06-07 19:32:37 [DEBUG   ] forensic.server.router (router.py:104): Router: POST /_forensic/windows (ajax=True)
2026-06-07 19:32:37 [DEBUG   ] forensic.forensic_api.windows (windows.py:287): /_forensic/windows POST: Fenster 'b486fd93-6ef4-4db2-bafa-20c63f515c97' (Rolle 'report') registriert
2026-06-07 19:32:37 [DEBUG   ] forensic.server.http_server (http_server.py:115): HTTP "POST /_forensic/windows HTTP/1.1" 200 -
2026-06-07 19:32:48 [DEBUG   ] forensic.server.router (router.py:104): Router: POST /_forensic/windows (ajax=True)
2026-06-07 19:32:48 [DEBUG   ] forensic.forensic_api.windows (windows.py:287): /_forensic/windows POST: Fenster '28647da4-1b6f-40de-8490-df54938e70d5' (Rolle 'userinfo') registriert
2026-06-07 19:32:48 [DEBUG   ] forensic.server.http_server (http_server.py:115): HTTP "POST /_forensic/windows HTTP/1.1" 200 -
2026-06-07 19:32:50 [DEBUG   ] forensic.server.router (router.py:104): Router: POST /_forensic/windows (ajax=True)
2026-06-07 19:32:50 [DEBUG   ] forensic.forensic_api.windows (windows.py:287): /_forensic/windows POST: Fenster '6c9c384f-d503-449b-a512-06c973b9d079' (Rolle 'main') registriert
2026-06-07 19:32:50 [DEBUG   ] forensic.server.http_server (http_server.py:115): HTTP "POST /_forensic/windows HTTP/1.1" 200 -
2026-06-07 19:32:50 [DEBUG   ] forensic.server.router (router.py:104): Router: POST /_forensic/windows (ajax=True)
2026-06-07 19:32:50 [DEBUG   ] forensic.forensic_api.windows (windows.py:287): /_forensic/windows POST: Fenster 'b1de0a1f-3b7c-4ce1-81c7-a2324ccd5457' (Rolle 'main') registriert
2026-06-07 19:32:50 [DEBUG   ] forensic.server.http_server (http_server.py:115): HTTP "POST /_forensic/windows HTTP/1.1" 200 -
2026-06-07 19:33:01 [DEBUG   ] forensic (main.py:485): Watchdog: Heartbeat (Dump: 'logs/freeze_dump.txt')
2026-06-07 19:33:07 [DEBUG   ] forensic.server.router (router.py:104): Router: POST /_forensic/windows (ajax=True)
2026-06-07 19:33:07 [DEBUG   ] forensic.forensic_api.windows (windows.py:287): /_forensic/windows POST: Fenster 'e2abfb40-fb13-407a-94e9-c0dc3b791e63' (Rolle 'userinfo') registriert
2026-06-07 19:33:07 [DEBUG   ] forensic.server.http_server (http_server.py:115): HTTP "POST /_forensic/windows HTTP/1.1" 200 -
2026-06-07 19:33:07 [DEBUG   ] forensic.server.router (router.py:104): Router: POST /_forensic/windows (ajax=True)
2026-06-07 19:33:07 [DEBUG   ] forensic.forensic_api.windows (windows.py:287): /_forensic/windows POST: Fenster 'b486fd93-6ef4-4db2-bafa-20c63f515c97' (Rolle 'report') registriert
2026-06-07 19:33:07 [DEBUG   ] forensic.server.http_server (http_server.py:115): HTTP "POST /_forensic/windows HTTP/1.1" 200 -
2026-06-07 19:33:18 [DEBUG   ] forensic.server.router (router.py:104): Router: POST /_forensic/windows (ajax=True)
2026-06-07 19:33:18 [DEBUG   ] forensic.forensic_api.windows (windows.py:287): /_forensic/windows POST: Fenster '28647da4-1b6f-40de-8490-df54938e70d5' (Rolle 'userinfo') registriert
2026-06-07 19:33:18 [DEBUG   ] forensic.server.http_server (http_server.py:115): HTTP "POST /_forensic/windows HTTP/1.1" 200 -
2026-06-07 19:33:31 [DEBUG   ] forensic (main.py:485): Watchdog: Heartbeat (Dump: 'logs/freeze_dump.txt')
2026-06-07 19:33:37 [DEBUG   ] forensic.server.router (router.py:104): Router: POST /_forensic/windows (ajax=True)
2026-06-07 19:33:37 [DEBUG   ] forensic.forensic_api.windows (windows.py:287): /_forensic/windows POST: Fenster 'e2abfb40-fb13-407a-94e9-c0dc3b791e63' (Rolle 'userinfo') registriert
2026-06-07 19:33:37 [DEBUG   ] forensic.server.http_server (http_server.py:115): HTTP "POST /_forensic/windows HTTP/1.1" 200 -
2026-06-07 19:33:37 [DEBUG   ] forensic.server.router (router.py:104): Router: POST /_forensic/windows (ajax=True)
2026-06-07 19:33:37 [DEBUG   ] forensic.forensic_api.windows (windows.py:287): /_forensic/windows POST: Fenster 'b486fd93-6ef4-4db2-bafa-20c63f515c97' (Rolle 'report') registriert
2026-06-07 19:33:37 [DEBUG   ] forensic.server.http_server (http_server.py:115): HTTP "POST /_forensic/windows HTTP/1.1" 200 -
2026-06-07 19:33:48 [DEBUG   ] forensic.server.router (router.py:104): Router: POST /_forensic/windows (ajax=True)
2026-06-07 19:33:48 [DEBUG   ] forensic.forensic_api.windows (windows.py:287): /_forensic/windows POST: Fenster '28647da4-1b6f-40de-8490-df54938e70d5' (Rolle 'userinfo') registriert
2026-06-07 19:33:48 [DEBUG   ] forensic.server.http_server (http_server.py:115): HTTP "POST /_forensic/windows HTTP/1.1" 200 -
2026-06-07 19:33:50 [DEBUG   ] forensic.server.router (router.py:104): Router: POST /_forensic/windows (ajax=True)
2026-06-07 19:33:50 [DEBUG   ] forensic.forensic_api.windows (windows.py:287): /_forensic/windows POST: Fenster '6c9c384f-d503-449b-a512-06c973b9d079' (Rolle 'main') registriert
2026-06-07 19:33:50 [DEBUG   ] forensic.server.http_server (http_server.py:115): HTTP "POST /_forensic/windows HTTP/1.1" 200 -
2026-06-07 19:33:50 [DEBUG   ] forensic.server.router (router.py:104): Router: POST /_forensic/windows (ajax=True)
2026-06-07 19:33:50 [DEBUG   ] forensic.forensic_api.windows (windows.py:287): /_forensic/windows POST: Fenster 'b1de0a1f-3b7c-4ce1-81c7-a2324ccd5457' (Rolle 'main') registriert
2026-06-07 19:33:50 [DEBUG   ] forensic.server.http_server (http_server.py:115): HTTP "POST /_forensic/windows HTTP/1.1" 200 -
2026-06-07 19:34:01 [DEBUG   ] forensic (main.py:485): Watchdog: Heartbeat (Dump: 'logs/freeze_dump.txt')
2026-06-07 19:34:07 [DEBUG   ] forensic.server.router (router.py:104): Router: POST /_forensic/windows (ajax=True)
2026-06-07 19:34:07 [DEBUG   ] forensic.forensic_api.windows (windows.py:287): /_forensic/windows POST: Fenster 'e2abfb40-fb13-407a-94e9-c0dc3b791e63' (Rolle 'userinfo') registriert
2026-06-07 19:34:07 [DEBUG   ] forensic.server.http_server (http_server.py:115): HTTP "POST /_forensic/windows HTTP/1.1" 200 -
2026-06-07 19:34:07 [DEBUG   ] forensic.server.router (router.py:104): Router: POST /_forensic/windows (ajax=True)
2026-06-07 19:34:07 [DEBUG   ] forensic.forensic_api.windows (windows.py:287): /_forensic/windows POST: Fenster 'b486fd93-6ef4-4db2-bafa-20c63f515c97' (Rolle 'report') registriert
2026-06-07 19:34:07 [DEBUG   ] forensic.server.http_server (http_server.py:115): HTTP "POST /_forensic/windows HTTP/1.1" 200 -
2026-06-07 19:34:18 [DEBUG   ] forensic.server.router (router.py:104): Router: POST /_forensic/windows (ajax=True)
2026-06-07 19:34:18 [DEBUG   ] forensic.forensic_api.windows (windows.py:287): /_forensic/windows POST: Fenster '28647da4-1b6f-40de-8490-df54938e70d5' (Rolle 'userinfo') registriert
2026-06-07 19:34:18 [DEBUG   ] forensic.server.http_server (http_server.py:115): HTTP "POST /_forensic/windows HTTP/1.1" 200 -
2026-06-07 19:34:31 [DEBUG   ] forensic (main.py:485): Watchdog: Heartbeat (Dump: 'logs/freeze_dump.txt')
2026-06-07 19:34:37 [DEBUG   ] forensic.server.router (router.py:104): Router: POST /_forensic/windows (ajax=True)
2026-06-07 19:34:37 [DEBUG   ] forensic.forensic_api.windows (windows.py:287): /_forensic/windows POST: Fenster 'e2abfb40-fb13-407a-94e9-c0dc3b791e63' (Rolle 'userinfo') registriert
2026-06-07 19:34:37 [DEBUG   ] forensic.server.http_server (http_server.py:115): HTTP "POST /_forensic/windows HTTP/1.1" 200 -
2026-06-07 19:34:37 [DEBUG   ] forensic.server.router (router.py:104): Router: POST /_forensic/windows (ajax=True)
2026-06-07 19:34:37 [DEBUG   ] forensic.forensic_api.windows (windows.py:287): /_forensic/windows POST: Fenster 'b486fd93-6ef4-4db2-bafa-20c63f515c97' (Rolle 'report') registriert
2026-06-07 19:34:37 [DEBUG   ] forensic.server.http_server (http_server.py:115): HTTP "POST /_forensic/windows HTTP/1.1" 200 -
2026-06-07 19:34:48 [DEBUG   ] forensic.server.router (router.py:104): Router: POST /_forensic/windows (ajax=True)
2026-06-07 19:34:48 [DEBUG   ] forensic.forensic_api.windows (windows.py:287): /_forensic/windows POST: Fenster '28647da4-1b6f-40de-8490-df54938e70d5' (Rolle 'userinfo') registriert
2026-06-07 19:34:48 [DEBUG   ] forensic.server.http_server (http_server.py:115): HTTP "POST /_forensic/windows HTTP/1.1" 200 -
2026-06-07 19:34:50 [DEBUG   ] forensic.server.router (router.py:104): Router: POST /_forensic/windows (ajax=True)
2026-06-07 19:34:50 [DEBUG   ] forensic.forensic_api.windows (windows.py:287): /_forensic/windows POST: Fenster '6c9c384f-d503-449b-a512-06c973b9d079' (Rolle 'main') registriert
2026-06-07 19:34:50 [DEBUG   ] forensic.server.http_server (http_server.py:115): HTTP "POST /_forensic/windows HTTP/1.1" 200 -
2026-06-07 19:34:50 [DEBUG   ] forensic.server.router (router.py:104): Router: POST /_forensic/windows (ajax=True)
2026-06-07 19:34:50 [DEBUG   ] forensic.forensic_api.windows (windows.py:287): /_forensic/windows POST: Fenster 'b1de0a1f-3b7c-4ce1-81c7-a2324ccd5457' (Rolle 'main') registriert
2026-06-07 19:34:50 [DEBUG   ] forensic.server.http_server (http_server.py:115): HTTP "POST /_forensic/windows HTTP/1.1" 200 -
2026-06-07 19:35:01 [DEBUG   ] forensic (main.py:485): Watchdog: Heartbeat (Dump: 'logs/freeze_dump.txt')
2026-06-07 19:35:07 [DEBUG   ] forensic.server.router (router.py:104): Router: POST /_forensic/windows (ajax=True)
2026-06-07 19:35:07 [DEBUG   ] forensic.forensic_api.windows (windows.py:287): /_forensic/windows POST: Fenster 'e2abfb40-fb13-407a-94e9-c0dc3b791e63' (Rolle 'userinfo') registriert
2026-06-07 19:35:07 [DEBUG   ] forensic.server.http_server (http_server.py:115): HTTP "POST /_forensic/windows HTTP/1.1" 200 -
2026-06-07 19:35:07 [DEBUG   ] forensic.server.router (router.py:104): Router: POST /_forensic/windows (ajax=True)
2026-06-07 19:35:07 [DEBUG   ] forensic.forensic_api.windows (windows.py:287): /_forensic/windows POST: Fenster 'b486fd93-6ef4-4db2-bafa-20c63f515c97' (Rolle 'report') registriert
2026-06-07 19:35:07 [DEBUG   ] forensic.server.http_server (http_server.py:115): HTTP "POST /_forensic/windows HTTP/1.1" 200 -
2026-06-07 19:35:18 [DEBUG   ] forensic.server.router (router.py:104): Router: POST /_forensic/windows (ajax=True)
2026-06-07 19:35:18 [DEBUG   ] forensic.forensic_api.windows (windows.py:287): /_forensic/windows POST: Fenster '28647da4-1b6f-40de-8490-df54938e70d5' (Rolle 'userinfo') registriert
2026-06-07 19:35:18 [DEBUG   ] forensic.server.http_server (http_server.py:115): HTTP "POST /_forensic/windows HTTP/1.1" 200 -
2026-06-07 19:35:31 [DEBUG   ] forensic (main.py:485): Watchdog: Heartbeat (Dump: 'logs/freeze_dump.txt')
2026-06-07 19:35:37 [DEBUG   ] forensic.server.router (router.py:104): Router: POST /_forensic/windows (ajax=True)
2026-06-07 19:35:37 [DEBUG   ] forensic.forensic_api.windows (windows.py:287): /_forensic/windows POST: Fenster 'e2abfb40-fb13-407a-94e9-c0dc3b791e63' (Rolle 'userinfo') registriert
2026-06-07 19:35:37 [DEBUG   ] forensic.server.http_server (http_server.py:115): HTTP "POST /_forensic/windows HTTP/1.1" 200 -
2026-06-07 19:35:37 [DEBUG   ] forensic.server.router (router.py:104): Router: POST /_forensic/windows (ajax=True)
2026-06-07 19:35:37 [DEBUG   ] forensic.forensic_api.windows (windows.py:287): /_forensic/windows POST: Fenster 'b486fd93-6ef4-4db2-bafa-20c63f515c97' (Rolle 'report') registriert
2026-06-07 19:35:37 [DEBUG   ] forensic.server.http_server (http_server.py:115): HTTP "POST /_forensic/windows HTTP/1.1" 200 -
2026-06-07 19:35:48 [DEBUG   ] forensic.server.router (router.py:104): Router: POST /_forensic/windows (ajax=True)
2026-06-07 19:35:48 [DEBUG   ] forensic.forensic_api.windows (windows.py:287): /_forensic/windows POST: Fenster '28647da4-1b6f-40de-8490-df54938e70d5' (Rolle 'userinfo') registriert
2026-06-07 19:35:48 [DEBUG   ] forensic.server.http_server (http_server.py:115): HTTP "POST /_forensic/windows HTTP/1.1" 200 -
2026-06-07 19:35:50 [DEBUG   ] forensic.server.router (router.py:104): Router: POST /_forensic/windows (ajax=True)
2026-06-07 19:35:50 [DEBUG   ] forensic.forensic_api.windows (windows.py:287): /_forensic/windows POST: Fenster '6c9c384f-d503-449b-a512-06c973b9d079' (Rolle 'main') registriert
2026-06-07 19:35:50 [DEBUG   ] forensic.server.http_server (http_server.py:115): HTTP "POST /_forensic/windows HTTP/1.1" 200 -
2026-06-07 19:35:50 [DEBUG   ] forensic.server.router (router.py:104): Router: POST /_forensic/windows (ajax=True)
2026-06-07 19:35:50 [DEBUG   ] forensic.forensic_api.windows (windows.py:287): /_forensic/windows POST: Fenster 'b1de0a1f-3b7c-4ce1-81c7-a2324ccd5457' (Rolle 'main') registriert
2026-06-07 19:35:50 [DEBUG   ] forensic.server.http_server (http_server.py:115): HTTP "POST /_forensic/windows HTTP/1.1" 200 -
2026-06-07 19:36:01 [DEBUG   ] forensic (main.py:485): Watchdog: Heartbeat (Dump: 'logs/freeze_dump.txt')
2026-06-07 19:36:07 [DEBUG   ] forensic.server.router (router.py:104): Router: POST /_forensic/windows (ajax=True)
2026-06-07 19:36:07 [DEBUG   ] forensic.forensic_api.windows (windows.py:287): /_forensic/windows POST: Fenster 'e2abfb40-fb13-407a-94e9-c0dc3b791e63' (Rolle 'userinfo') registriert
2026-06-07 19:36:07 [DEBUG   ] forensic.server.http_server (http_server.py:115): HTTP "POST /_forensic/windows HTTP/1.1" 200 -
2026-06-07 19:36:07 [DEBUG   ] forensic.server.router (router.py:104): Router: POST /_forensic/windows (ajax=True)
2026-06-07 19:36:07 [DEBUG   ] forensic.forensic_api.windows (windows.py:287): /_forensic/windows POST: Fenster 'b486fd93-6ef4-4db2-bafa-20c63f515c97' (Rolle 'report') registriert
2026-06-07 19:36:07 [DEBUG   ] forensic.server.http_server (http_server.py:115): HTTP "POST /_forensic/windows HTTP/1.1" 200 -
2026-06-07 19:36:18 [DEBUG   ] forensic.server.router (router.py:104): Router: POST /_forensic/windows (ajax=True)
2026-06-07 19:36:18 [DEBUG   ] forensic.forensic_api.windows (windows.py:287): /_forensic/windows POST: Fenster '28647da4-1b6f-40de-8490-df54938e70d5' (Rolle 'userinfo') registriert
2026-06-07 19:36:18 [DEBUG   ] forensic.server.http_server (http_server.py:115): HTTP "POST /_forensic/windows HTTP/1.1" 200 -
2026-06-07 19:36:31 [DEBUG   ] forensic (main.py:485): Watchdog: Heartbeat (Dump: 'logs/freeze_dump.txt')
2026-06-07 19:36:37 [DEBUG   ] forensic.server.router (router.py:104): Router: POST /_forensic/windows (ajax=True)
2026-06-07 19:36:37 [DEBUG   ] forensic.forensic_api.windows (windows.py:287): /_forensic/windows POST: Fenster 'e2abfb40-fb13-407a-94e9-c0dc3b791e63' (Rolle 'userinfo') registriert
2026-06-07 19:36:37 [DEBUG   ] forensic.server.http_server (http_server.py:115): HTTP "POST /_forensic/windows HTTP/1.1" 200 -
2026-06-07 19:36:37 [DEBUG   ] forensic.server.router (router.py:104): Router: POST /_forensic/windows (ajax=True)
2026-06-07 19:36:37 [DEBUG   ] forensic.forensic_api.windows (windows.py:287): /_forensic/windows POST: Fenster 'b486fd93-6ef4-4db2-bafa-20c63f515c97' (Rolle 'report') registriert
2026-06-07 19:36:37 [DEBUG   ] forensic.server.http_server (http_server.py:115): HTTP "POST /_forensic/windows HTTP/1.1" 200 -
2026-06-07 19:36:48 [DEBUG   ] forensic.server.router (router.py:104): Router: POST /_forensic/windows (ajax=True)
2026-06-07 19:36:48 [DEBUG   ] forensic.forensic_api.windows (windows.py:287): /_forensic/windows POST: Fenster '28647da4-1b6f-40de-8490-df54938e70d5' (Rolle 'userinfo') registriert
2026-06-07 19:36:48 [DEBUG   ] forensic.server.http_server (http_server.py:115): HTTP "POST /_forensic/windows HTTP/1.1" 200 -
2026-06-07 19:36:50 [DEBUG   ] forensic.server.router (router.py:104): Router: POST /_forensic/windows (ajax=True)
2026-06-07 19:36:50 [DEBUG   ] forensic.server.router (router.py:104): Router: POST /_forensic/windows (ajax=True)
2026-06-07 19:36:50 [DEBUG   ] forensic.forensic_api.windows (windows.py:287): /_forensic/windows POST: Fenster 'b1de0a1f-3b7c-4ce1-81c7-a2324ccd5457' (Rolle 'main') registriert
2026-06-07 19:36:50 [DEBUG   ] forensic.server.http_server (http_server.py:115): HTTP "POST /_forensic/windows HTTP/1.1" 200 -
2026-06-07 19:36:50 [DEBUG   ] forensic.forensic_api.windows (windows.py:287): /_forensic/windows POST: Fenster '6c9c384f-d503-449b-a512-06c973b9d079' (Rolle 'main') registriert
2026-06-07 19:36:50 [DEBUG   ] forensic.server.http_server (http_server.py:115): HTTP "POST /_forensic/windows HTTP/1.1" 200 -
2026-06-07 19:37:01 [DEBUG   ] forensic (main.py:485): Watchdog: Heartbeat (Dump: 'logs/freeze_dump.txt')
2026-06-07 19:37:07 [DEBUG   ] forensic.server.router (router.py:104): Router: POST /_forensic/windows (ajax=True)
2026-06-07 19:37:07 [DEBUG   ] forensic.forensic_api.windows (windows.py:287): /_forensic/windows POST: Fenster 'e2abfb40-fb13-407a-94e9-c0dc3b791e63' (Rolle 'userinfo') registriert
2026-06-07 19:37:07 [DEBUG   ] forensic.server.http_server (http_server.py:115): HTTP "POST /_forensic/windows HTTP/1.1" 200 -
2026-06-07 19:37:07 [DEBUG   ] forensic.server.router (router.py:104): Router: POST /_forensic/windows (ajax=True)
2026-06-07 19:37:07 [DEBUG   ] forensic.forensic_api.windows (windows.py:287): /_forensic/windows POST: Fenster 'b486fd93-6ef4-4db2-bafa-20c63f515c97' (Rolle 'report') registriert
2026-06-07 19:37:07 [DEBUG   ] forensic.server.http_server (http_server.py:115): HTTP "POST /_forensic/windows HTTP/1.1" 200 -
2026-06-07 19:37:18 [DEBUG   ] forensic.server.router (router.py:104): Router: POST /_forensic/windows (ajax=True)
2026-06-07 19:37:18 [DEBUG   ] forensic.forensic_api.windows (windows.py:287): /_forensic/windows POST: Fenster '28647da4-1b6f-40de-8490-df54938e70d5' (Rolle 'userinfo') registriert
2026-06-07 19:37:18 [DEBUG   ] forensic.server.http_server (http_server.py:115): HTTP "POST /_forensic/windows HTTP/1.1" 200 -
2026-06-07 19:37:31 [DEBUG   ] forensic (main.py:485): Watchdog: Heartbeat (Dump: 'logs/freeze_dump.txt')
2026-06-07 19:37:37 [DEBUG   ] forensic.server.router (router.py:104): Router: POST /_forensic/windows (ajax=True)
2026-06-07 19:37:37 [DEBUG   ] forensic.forensic_api.windows (windows.py:287): /_forensic/windows POST: Fenster 'e2abfb40-fb13-407a-94e9-c0dc3b791e63' (Rolle 'userinfo') registriert
2026-06-07 19:37:37 [DEBUG   ] forensic.server.http_server (http_server.py:115): HTTP "POST /_forensic/windows HTTP/1.1" 200 -
2026-06-07 19:37:37 [DEBUG   ] forensic.server.router (router.py:104): Router: POST /_forensic/windows (ajax=True)
2026-06-07 19:37:37 [DEBUG   ] forensic.forensic_api.windows (windows.py:287): /_forensic/windows POST: Fenster 'b486fd93-6ef4-4db2-bafa-20c63f515c97' (Rolle 'report') registriert
2026-06-07 19:37:37 [DEBUG   ] forensic.server.http_server (http_server.py:115): HTTP "POST /_forensic/windows HTTP/1.1" 200 -
2026-06-07 19:37:48 [DEBUG   ] forensic.server.router (router.py:104): Router: POST /_forensic/windows (ajax=True)
2026-06-07 19:37:48 [DEBUG   ] forensic.forensic_api.windows (windows.py:287): /_forensic/windows POST: Fenster '28647da4-1b6f-40de-8490-df54938e70d5' (Rolle 'userinfo') registriert
2026-06-07 19:37:48 [DEBUG   ] forensic.server.http_server (http_server.py:115): HTTP "POST /_forensic/windows HTTP/1.1" 200 -
2026-06-07 19:37:50 [DEBUG   ] forensic.server.router (router.py:104): Router: POST /_forensic/windows (ajax=True)
2026-06-07 19:37:50 [DEBUG   ] forensic.forensic_api.windows (windows.py:287): /_forensic/windows POST: Fenster '6c9c384f-d503-449b-a512-06c973b9d079' (Rolle 'main') registriert
2026-06-07 19:37:50 [DEBUG   ] forensic.server.http_server (http_server.py:115): HTTP "POST /_forensic/windows HTTP/1.1" 200 -
2026-06-07 19:37:50 [DEBUG   ] forensic.server.router (router.py:104): Router: POST /_forensic/windows (ajax=True)
2026-06-07 19:37:50 [DEBUG   ] forensic.forensic_api.windows (windows.py:287): /_forensic/windows POST: Fenster 'b1de0a1f-3b7c-4ce1-81c7-a2324ccd5457' (Rolle 'main') registriert
2026-06-07 19:37:50 [DEBUG   ] forensic.server.http_server (http_server.py:115): HTTP "POST /_forensic/windows HTTP/1.1" 200 -
2026-06-07 19:38:01 [DEBUG   ] forensic (main.py:485): Watchdog: Heartbeat (Dump: 'logs/freeze_dump.txt')
2026-06-07 19:38:07 [DEBUG   ] forensic.server.router (router.py:104): Router: POST /_forensic/windows (ajax=True)
2026-06-07 19:38:07 [DEBUG   ] forensic.forensic_api.windows (windows.py:287): /_forensic/windows POST: Fenster 'e2abfb40-fb13-407a-94e9-c0dc3b791e63' (Rolle 'userinfo') registriert
2026-06-07 19:38:07 [DEBUG   ] forensic.server.http_server (http_server.py:115): HTTP "POST /_forensic/windows HTTP/1.1" 200 -
2026-06-07 19:38:07 [DEBUG   ] forensic.server.router (router.py:104): Router: POST /_forensic/windows (ajax=True)
2026-06-07 19:38:07 [DEBUG   ] forensic.forensic_api.windows (windows.py:287): /_forensic/windows POST: Fenster 'b486fd93-6ef4-4db2-bafa-20c63f515c97' (Rolle 'report') registriert
2026-06-07 19:38:07 [DEBUG   ] forensic.server.http_server (http_server.py:115): HTTP "POST /_forensic/windows HTTP/1.1" 200 -
2026-06-07 19:38:18 [DEBUG   ] forensic.server.router (router.py:104): Router: POST /_forensic/windows (ajax=True)
2026-06-07 19:38:18 [DEBUG   ] forensic.forensic_api.windows (windows.py:287): /_forensic/windows POST: Fenster '28647da4-1b6f-40de-8490-df54938e70d5' (Rolle 'userinfo') registriert
2026-06-07 19:38:18 [DEBUG   ] forensic.server.http_server (http_server.py:115): HTTP "POST /_forensic/windows HTTP/1.1" 200 -
2026-06-07 19:38:31 [DEBUG   ] forensic (main.py:485): Watchdog: Heartbeat (Dump: 'logs/freeze_dump.txt')
2026-06-07 19:38:37 [DEBUG   ] forensic.server.router (router.py:104): Router: POST /_forensic/windows (ajax=True)
2026-06-07 19:38:37 [DEBUG   ] forensic.forensic_api.windows (windows.py:287): /_forensic/windows POST: Fenster 'e2abfb40-fb13-407a-94e9-c0dc3b791e63' (Rolle 'userinfo') registriert
2026-06-07 19:38:37 [DEBUG   ] forensic.server.http_server (http_server.py:115): HTTP "POST /_forensic/windows HTTP/1.1" 200 -
2026-06-07 19:38:37 [DEBUG   ] forensic.server.router (router.py:104): Router: POST /_forensic/windows (ajax=True)
2026-06-07 19:38:37 [DEBUG   ] forensic.forensic_api.windows (windows.py:287): /_forensic/windows POST: Fenster 'b486fd93-6ef4-4db2-bafa-20c63f515c97' (Rolle 'report') registriert
2026-06-07 19:38:37 [DEBUG   ] forensic.server.http_server (http_server.py:115): HTTP "POST /_forensic/windows HTTP/1.1" 200 -
2026-06-07 19:38:48 [DEBUG   ] forensic.server.router (router.py:104): Router: POST /_forensic/windows (ajax=True)
2026-06-07 19:38:48 [DEBUG   ] forensic.forensic_api.windows (windows.py:287): /_forensic/windows POST: Fenster '28647da4-1b6f-40de-8490-df54938e70d5' (Rolle 'userinfo') registriert
2026-06-07 19:38:48 [DEBUG   ] forensic.server.http_server (http_server.py:115): HTTP "POST /_forensic/windows HTTP/1.1" 200 -
2026-06-07 19:38:50 [DEBUG   ] forensic.server.router (router.py:104): Router: POST /_forensic/windows (ajax=True)
2026-06-07 19:38:50 [DEBUG   ] forensic.forensic_api.windows (windows.py:287): /_forensic/windows POST: Fenster 'b1de0a1f-3b7c-4ce1-81c7-a2324ccd5457' (Rolle 'main') registriert
2026-06-07 19:38:50 [DEBUG   ] forensic.server.http_server (http_server.py:115): HTTP "POST /_forensic/windows HTTP/1.1" 200 -
2026-06-07 19:38:50 [DEBUG   ] forensic.server.router (router.py:104): Router: POST /_forensic/windows (ajax=True)
2026-06-07 19:38:50 [DEBUG   ] forensic.forensic_api.windows (windows.py:287): /_forensic/windows POST: Fenster '6c9c384f-d503-449b-a512-06c973b9d079' (Rolle 'main') registriert
2026-06-07 19:38:50 [DEBUG   ] forensic.server.http_server (http_server.py:115): HTTP "POST /_forensic/windows HTTP/1.1" 200 -
2026-06-07 19:39:01 [DEBUG   ] forensic (main.py:485): Watchdog: Heartbeat (Dump: 'logs/freeze_dump.txt')
2026-06-07 19:39:07 [DEBUG   ] forensic.server.router (router.py:104): Router: POST /_forensic/windows (ajax=True)
2026-06-07 19:39:07 [DEBUG   ] forensic.forensic_api.windows (windows.py:287): /_forensic/windows POST: Fenster 'e2abfb40-fb13-407a-94e9-c0dc3b791e63' (Rolle 'userinfo') registriert
2026-06-07 19:39:07 [DEBUG   ] forensic.server.http_server (http_server.py:115): HTTP "POST /_forensic/windows HTTP/1.1" 200 -
2026-06-07 19:39:07 [DEBUG   ] forensic.server.router (router.py:104): Router: POST /_forensic/windows (ajax=True)
2026-06-07 19:39:07 [DEBUG   ] forensic.forensic_api.windows (windows.py:287): /_forensic/windows POST: Fenster 'b486fd93-6ef4-4db2-bafa-20c63f515c97' (Rolle 'report') registriert
2026-06-07 19:39:07 [DEBUG   ] forensic.server.http_server (http_server.py:115): HTTP "POST /_forensic/windows HTTP/1.1" 200 -
2026-06-07 19:39:18 [DEBUG   ] forensic.server.router (router.py:104): Router: POST /_forensic/windows (ajax=True)
2026-06-07 19:39:18 [DEBUG   ] forensic.forensic_api.windows (windows.py:287): /_forensic/windows POST: Fenster '28647da4-1b6f-40de-8490-df54938e70d5' (Rolle 'userinfo') registriert
2026-06-07 19:39:18 [DEBUG   ] forensic.server.http_server (http_server.py:115): HTTP "POST /_forensic/windows HTTP/1.1" 200 -
2026-06-07 19:39:31 [DEBUG   ] forensic (main.py:485): Watchdog: Heartbeat (Dump: 'logs/freeze_dump.txt')
2026-06-07 19:39:37 [DEBUG   ] forensic.server.router (router.py:104): Router: POST /_forensic/windows (ajax=True)
2026-06-07 19:39:37 [DEBUG   ] forensic.forensic_api.windows (windows.py:287): /_forensic/windows POST: Fenster 'e2abfb40-fb13-407a-94e9-c0dc3b791e63' (Rolle 'userinfo') registriert
2026-06-07 19:39:37 [DEBUG   ] forensic.server.http_server (http_server.py:115): HTTP "POST /_forensic/windows HTTP/1.1" 200 -
2026-06-07 19:39:37 [DEBUG   ] forensic.server.router (router.py:104): Router: POST /_forensic/windows (ajax=True)
2026-06-07 19:39:37 [DEBUG   ] forensic.forensic_api.windows (windows.py:287): /_forensic/windows POST: Fenster 'b486fd93-6ef4-4db2-bafa-20c63f515c97' (Rolle 'report') registriert
2026-06-07 19:39:37 [DEBUG   ] forensic.server.http_server (http_server.py:115): HTTP "POST /_forensic/windows HTTP/1.1" 200 -
2026-06-07 19:39:48 [DEBUG   ] forensic.server.router (router.py:104): Router: POST /_forensic/windows (ajax=True)
2026-06-07 19:39:48 [DEBUG   ] forensic.forensic_api.windows (windows.py:287): /_forensic/windows POST: Fenster '28647da4-1b6f-40de-8490-df54938e70d5' (Rolle 'userinfo') registriert
2026-06-07 19:39:48 [DEBUG   ] forensic.server.http_server (http_server.py:115): HTTP "POST /_forensic/windows HTTP/1.1" 200 -
2026-06-07 19:39:50 [DEBUG   ] forensic.server.router (router.py:104): Router: POST /_forensic/windows (ajax=True)
2026-06-07 19:39:50 [DEBUG   ] forensic.forensic_api.windows (windows.py:287): /_forensic/windows POST: Fenster '6c9c384f-d503-449b-a512-06c973b9d079' (Rolle 'main') registriert
2026-06-07 19:39:50 [DEBUG   ] forensic.server.http_server (http_server.py:115): HTTP "POST /_forensic/windows HTTP/1.1" 200 -
2026-06-07 19:39:50 [DEBUG   ] forensic.server.router (router.py:104): Router: POST /_forensic/windows (ajax=True)
2026-06-07 19:39:50 [DEBUG   ] forensic.forensic_api.windows (windows.py:287): /_forensic/windows POST: Fenster 'b1de0a1f-3b7c-4ce1-81c7-a2324ccd5457' (Rolle 'main') registriert
2026-06-07 19:39:50 [DEBUG   ] forensic.server.http_server (http_server.py:115): HTTP "POST /_forensic/windows HTTP/1.1" 200 -
2026-06-07 19:40:01 [DEBUG   ] forensic (main.py:485): Watchdog: Heartbeat (Dump: 'logs/freeze_dump.txt')
2026-06-07 19:40:07 [DEBUG   ] forensic.server.router (router.py:104): Router: POST /_forensic/windows (ajax=True)
2026-06-07 19:40:07 [DEBUG   ] forensic.forensic_api.windows (windows.py:287): /_forensic/windows POST: Fenster 'e2abfb40-fb13-407a-94e9-c0dc3b791e63' (Rolle 'userinfo') registriert
2026-06-07 19:40:07 [DEBUG   ] forensic.server.http_server (http_server.py:115): HTTP "POST /_forensic/windows HTTP/1.1" 200 -
2026-06-07 19:40:07 [DEBUG   ] forensic.server.router (router.py:104): Router: POST /_forensic/windows (ajax=True)
2026-06-07 19:40:07 [DEBUG   ] forensic.forensic_api.windows (windows.py:287): /_forensic/windows POST: Fenster 'b486fd93-6ef4-4db2-bafa-20c63f515c97' (Rolle 'report') registriert
2026-06-07 19:40:07 [DEBUG   ] forensic.server.http_server (http_server.py:115): HTTP "POST /_forensic/windows HTTP/1.1" 200 -
2026-06-07 19:40:18 [DEBUG   ] forensic.server.router (router.py:104): Router: POST /_forensic/windows (ajax=True)
2026-06-07 19:40:18 [DEBUG   ] forensic.forensic_api.windows (windows.py:287): /_forensic/windows POST: Fenster '28647da4-1b6f-40de-8490-df54938e70d5' (Rolle 'userinfo') registriert
2026-06-07 19:40:18 [DEBUG   ] forensic.server.http_server (http_server.py:115): HTTP "POST /_forensic/windows HTTP/1.1" 200 -
2026-06-07 19:40:31 [DEBUG   ] forensic (main.py:485): Watchdog: Heartbeat (Dump: 'logs/freeze_dump.txt')
2026-06-07 19:40:37 [DEBUG   ] forensic.server.router (router.py:104): Router: POST /_forensic/windows (ajax=True)
2026-06-07 19:40:37 [DEBUG   ] forensic.forensic_api.windows (windows.py:287): /_forensic/windows POST: Fenster 'e2abfb40-fb13-407a-94e9-c0dc3b791e63' (Rolle 'userinfo') registriert
2026-06-07 19:40:37 [DEBUG   ] forensic.server.http_server (http_server.py:115): HTTP "POST /_forensic/windows HTTP/1.1" 200 -
2026-06-07 19:40:37 [DEBUG   ] forensic.server.router (router.py:104): Router: POST /_forensic/windows (ajax=True)
2026-06-07 19:40:37 [DEBUG   ] forensic.forensic_api.windows (windows.py:287): /_forensic/windows POST: Fenster 'b486fd93-6ef4-4db2-bafa-20c63f515c97' (Rolle 'report') registriert
2026-06-07 19:40:37 [DEBUG   ] forensic.server.http_server (http_server.py:115): HTTP "POST /_forensic/windows HTTP/1.1" 200 -
2026-06-07 19:40:48 [DEBUG   ] forensic.server.router (router.py:104): Router: POST /_forensic/windows (ajax=True)
2026-06-07 19:40:48 [DEBUG   ] forensic.forensic_api.windows (windows.py:287): /_forensic/windows POST: Fenster '28647da4-1b6f-40de-8490-df54938e70d5' (Rolle 'userinfo') registriert
2026-06-07 19:40:48 [DEBUG   ] forensic.server.http_server (http_server.py:115): HTTP "POST /_forensic/windows HTTP/1.1" 200 -
2026-06-07 19:40:50 [DEBUG   ] forensic.server.router (router.py:104): Router: POST /_forensic/windows (ajax=True)
2026-06-07 19:40:50 [DEBUG   ] forensic.forensic_api.windows (windows.py:287): /_forensic/windows POST: Fenster 'b1de0a1f-3b7c-4ce1-81c7-a2324ccd5457' (Rolle 'main') registriert
2026-06-07 19:40:50 [DEBUG   ] forensic.server.http_server (http_server.py:115): HTTP "POST /_forensic/windows HTTP/1.1" 200 -
2026-06-07 19:40:50 [DEBUG   ] forensic.server.router (router.py:104): Router: POST /_forensic/windows (ajax=True)
2026-06-07 19:40:50 [DEBUG   ] forensic.forensic_api.windows (windows.py:287): /_forensic/windows POST: Fenster '6c9c384f-d503-449b-a512-06c973b9d079' (Rolle 'main') registriert
2026-06-07 19:40:50 [DEBUG   ] forensic.server.http_server (http_server.py:115): HTTP "POST /_forensic/windows HTTP/1.1" 200 -
2026-06-07 19:41:01 [DEBUG   ] forensic (main.py:485): Watchdog: Heartbeat (Dump: 'logs/freeze_dump.txt')
2026-06-07 19:41:07 [DEBUG   ] forensic.server.router (router.py:104): Router: POST /_forensic/windows (ajax=True)
2026-06-07 19:41:07 [DEBUG   ] forensic.forensic_api.windows (windows.py:287): /_forensic/windows POST: Fenster 'e2abfb40-fb13-407a-94e9-c0dc3b791e63' (Rolle 'userinfo') registriert
2026-06-07 19:41:07 [DEBUG   ] forensic.server.http_server (http_server.py:115): HTTP "POST /_forensic/windows HTTP/1.1" 200 -
2026-06-07 19:41:07 [DEBUG   ] forensic.server.router (router.py:104): Router: POST /_forensic/windows (ajax=True)
2026-06-07 19:41:07 [DEBUG   ] forensic.forensic_api.windows (windows.py:287): /_forensic/windows POST: Fenster 'b486fd93-6ef4-4db2-bafa-20c63f515c97' (Rolle 'report') registriert
2026-06-07 19:41:07 [DEBUG   ] forensic.server.http_server (http_server.py:115): HTTP "POST /_forensic/windows HTTP/1.1" 200 -
2026-06-07 19:41:18 [DEBUG   ] forensic.server.router (router.py:104): Router: POST /_forensic/windows (ajax=True)
2026-06-07 19:41:18 [DEBUG   ] forensic.forensic_api.windows (windows.py:287): /_forensic/windows POST: Fenster '28647da4-1b6f-40de-8490-df54938e70d5' (Rolle 'userinfo') registriert
2026-06-07 19:41:18 [DEBUG   ] forensic.server.http_server (http_server.py:115): HTTP "POST /_forensic/windows HTTP/1.1" 200 -
2026-06-07 19:41:31 [DEBUG   ] forensic (main.py:485): Watchdog: Heartbeat (Dump: 'logs/freeze_dump.txt')
2026-06-07 19:41:37 [DEBUG   ] forensic.server.router (router.py:104): Router: POST /_forensic/windows (ajax=True)
2026-06-07 19:41:37 [DEBUG   ] forensic.forensic_api.windows (windows.py:287): /_forensic/windows POST: Fenster 'e2abfb40-fb13-407a-94e9-c0dc3b791e63' (Rolle 'userinfo') registriert
2026-06-07 19:41:37 [DEBUG   ] forensic.server.http_server (http_server.py:115): HTTP "POST /_forensic/windows HTTP/1.1" 200 -
2026-06-07 19:41:37 [DEBUG   ] forensic.server.router (router.py:104): Router: POST /_forensic/windows (ajax=True)
2026-06-07 19:41:37 [DEBUG   ] forensic.forensic_api.windows (windows.py:287): /_forensic/windows POST: Fenster 'b486fd93-6ef4-4db2-bafa-20c63f515c97' (Rolle 'report') registriert
2026-06-07 19:41:37 [DEBUG   ] forensic.server.http_server (http_server.py:115): HTTP "POST /_forensic/windows HTTP/1.1" 200 -
2026-06-07 19:41:48 [DEBUG   ] forensic.server.router (router.py:104): Router: POST /_forensic/windows (ajax=True)
2026-06-07 19:41:48 [DEBUG   ] forensic.forensic_api.windows (windows.py:287): /_forensic/windows POST: Fenster '28647da4-1b6f-40de-8490-df54938e70d5' (Rolle 'userinfo') registriert
2026-06-07 19:41:48 [DEBUG   ] forensic.server.http_server (http_server.py:115): HTTP "POST /_forensic/windows HTTP/1.1" 200 -
2026-06-07 19:41:50 [DEBUG   ] forensic.server.router (router.py:104): Router: POST /_forensic/windows (ajax=True)
2026-06-07 19:41:50 [DEBUG   ] forensic.forensic_api.windows (windows.py:287): /_forensic/windows POST: Fenster '6c9c384f-d503-449b-a512-06c973b9d079' (Rolle 'main') registriert
2026-06-07 19:41:50 [DEBUG   ] forensic.server.http_server (http_server.py:115): HTTP "POST /_forensic/windows HTTP/1.1" 200 -
2026-06-07 19:41:50 [DEBUG   ] forensic.server.router (router.py:104): Router: POST /_forensic/windows (ajax=True)
2026-06-07 19:41:50 [DEBUG   ] forensic.forensic_api.windows (windows.py:287): /_forensic/windows POST: Fenster 'b1de0a1f-3b7c-4ce1-81c7-a2324ccd5457' (Rolle 'main') registriert
2026-06-07 19:41:50 [DEBUG   ] forensic.server.http_server (http_server.py:115): HTTP "POST /_forensic/windows HTTP/1.1" 200 -
2026-06-07 19:42:01 [DEBUG   ] forensic (main.py:485): Watchdog: Heartbeat (Dump: 'logs/freeze_dump.txt')
2026-06-07 19:42:07 [DEBUG   ] forensic.server.router (router.py:104): Router: POST /_forensic/windows (ajax=True)
2026-06-07 19:42:07 [DEBUG   ] forensic.forensic_api.windows (windows.py:287): /_forensic/windows POST: Fenster 'e2abfb40-fb13-407a-94e9-c0dc3b791e63' (Rolle 'userinfo') registriert
2026-06-07 19:42:07 [DEBUG   ] forensic.server.http_server (http_server.py:115): HTTP "POST /_forensic/windows HTTP/1.1" 200 -
2026-06-07 19:42:07 [DEBUG   ] forensic.server.router (router.py:104): Router: POST /_forensic/windows (ajax=True)
2026-06-07 19:42:07 [DEBUG   ] forensic.forensic_api.windows (windows.py:287): /_forensic/windows POST: Fenster 'b486fd93-6ef4-4db2-bafa-20c63f515c97' (Rolle 'report') registriert
2026-06-07 19:42:07 [DEBUG   ] forensic.server.http_server (http_server.py:115): HTTP "POST /_forensic/windows HTTP/1.1" 200 -
2026-06-07 19:42:18 [DEBUG   ] forensic.server.router (router.py:104): Router: POST /_forensic/windows (ajax=True)
2026-06-07 19:42:18 [DEBUG   ] forensic.forensic_api.windows (windows.py:287): /_forensic/windows POST: Fenster '28647da4-1b6f-40de-8490-df54938e70d5' (Rolle 'userinfo') registriert
2026-06-07 19:42:18 [DEBUG   ] forensic.server.http_server (http_server.py:115): HTTP "POST /_forensic/windows HTTP/1.1" 200 -
2026-06-07 19:42:31 [DEBUG   ] forensic (main.py:485): Watchdog: Heartbeat (Dump: 'logs/freeze_dump.txt')
2026-06-07 19:42:37 [DEBUG   ] forensic.server.router (router.py:104): Router: POST /_forensic/windows (ajax=True)
2026-06-07 19:42:37 [DEBUG   ] forensic.forensic_api.windows (windows.py:287): /_forensic/windows POST: Fenster 'e2abfb40-fb13-407a-94e9-c0dc3b791e63' (Rolle 'userinfo') registriert
2026-06-07 19:42:37 [DEBUG   ] forensic.server.http_server (http_server.py:115): HTTP "POST /_forensic/windows HTTP/1.1" 200 -
2026-06-07 19:42:37 [DEBUG   ] forensic.server.router (router.py:104): Router: POST /_forensic/windows (ajax=True)
2026-06-07 19:42:37 [DEBUG   ] forensic.forensic_api.windows (windows.py:287): /_forensic/windows POST: Fenster 'b486fd93-6ef4-4db2-bafa-20c63f515c97' (Rolle 'report') registriert
2026-06-07 19:42:37 [DEBUG   ] forensic.server.http_server (http_server.py:115): HTTP "POST /_forensic/windows HTTP/1.1" 200 -
2026-06-07 19:42:48 [DEBUG   ] forensic.server.router (router.py:104): Router: POST /_forensic/windows (ajax=True)
2026-06-07 19:42:48 [DEBUG   ] forensic.forensic_api.windows (windows.py:287): /_forensic/windows POST: Fenster '28647da4-1b6f-40de-8490-df54938e70d5' (Rolle 'userinfo') registriert
2026-06-07 19:42:48 [DEBUG   ] forensic.server.http_server (http_server.py:115): HTTP "POST /_forensic/windows HTTP/1.1" 200 -
2026-06-07 19:42:50 [DEBUG   ] forensic.server.router (router.py:104): Router: POST /_forensic/windows (ajax=True)
2026-06-07 19:42:50 [DEBUG   ] forensic.forensic_api.windows (windows.py:287): /_forensic/windows POST: Fenster 'b1de0a1f-3b7c-4ce1-81c7-a2324ccd5457' (Rolle 'main') registriert
2026-06-07 19:42:50 [DEBUG   ] forensic.server.http_server (http_server.py:115): HTTP "POST /_forensic/windows HTTP/1.1" 200 -
2026-06-07 19:42:50 [DEBUG   ] forensic.server.router (router.py:104): Router: POST /_forensic/windows (ajax=True)
2026-06-07 19:42:50 [DEBUG   ] forensic.forensic_api.windows (windows.py:287): /_forensic/windows POST: Fenster '6c9c384f-d503-449b-a512-06c973b9d079' (Rolle 'main') registriert
2026-06-07 19:42:50 [DEBUG   ] forensic.server.http_server (http_server.py:115): HTTP "POST /_forensic/windows HTTP/1.1" 200 -
2026-06-07 19:43:01 [DEBUG   ] forensic (main.py:485): Watchdog: Heartbeat (Dump: 'logs/freeze_dump.txt')
2026-06-07 19:43:07 [DEBUG   ] forensic.server.router (router.py:104): Router: POST /_forensic/windows (ajax=True)
2026-06-07 19:43:07 [DEBUG   ] forensic.forensic_api.windows (windows.py:287): /_forensic/windows POST: Fenster 'e2abfb40-fb13-407a-94e9-c0dc3b791e63' (Rolle 'userinfo') registriert
2026-06-07 19:43:07 [DEBUG   ] forensic.server.http_server (http_server.py:115): HTTP "POST /_forensic/windows HTTP/1.1" 200 -
2026-06-07 19:43:07 [DEBUG   ] forensic.server.router (router.py:104): Router: POST /_forensic/windows (ajax=True)
2026-06-07 19:43:07 [DEBUG   ] forensic.forensic_api.windows (windows.py:287): /_forensic/windows POST: Fenster 'b486fd93-6ef4-4db2-bafa-20c63f515c97' (Rolle 'report') registriert
2026-06-07 19:43:07 [DEBUG   ] forensic.server.http_server (http_server.py:115): HTTP "POST /_forensic/windows HTTP/1.1" 200 -
2026-06-07 19:43:18 [DEBUG   ] forensic.server.router (router.py:104): Router: POST /_forensic/windows (ajax=True)
2026-06-07 19:43:18 [DEBUG   ] forensic.forensic_api.windows (windows.py:287): /_forensic/windows POST: Fenster '28647da4-1b6f-40de-8490-df54938e70d5' (Rolle 'userinfo') registriert
2026-06-07 19:43:18 [DEBUG   ] forensic.server.http_server (http_server.py:115): HTTP "POST /_forensic/windows HTTP/1.1" 200 -
2026-06-07 19:43:31 [DEBUG   ] forensic (main.py:485): Watchdog: Heartbeat (Dump: 'logs/freeze_dump.txt')
2026-06-07 19:43:37 [DEBUG   ] forensic.server.router (router.py:104): Router: POST /_forensic/windows (ajax=True)
2026-06-07 19:43:37 [DEBUG   ] forensic.forensic_api.windows (windows.py:287): /_forensic/windows POST: Fenster 'e2abfb40-fb13-407a-94e9-c0dc3b791e63' (Rolle 'userinfo') registriert
2026-06-07 19:43:37 [DEBUG   ] forensic.server.http_server (http_server.py:115): HTTP "POST /_forensic/windows HTTP/1.1" 200 -
2026-06-07 19:43:37 [DEBUG   ] forensic.server.router (router.py:104): Router: POST /_forensic/windows (ajax=True)
2026-06-07 19:43:37 [DEBUG   ] forensic.forensic_api.windows (windows.py:287): /_forensic/windows POST: Fenster 'b486fd93-6ef4-4db2-bafa-20c63f515c97' (Rolle 'report') registriert
2026-06-07 19:43:37 [DEBUG   ] forensic.server.http_server (http_server.py:115): HTTP "POST /_forensic/windows HTTP/1.1" 200 -
2026-06-07 19:43:48 [DEBUG   ] forensic.server.router (router.py:104): Router: POST /_forensic/windows (ajax=True)
2026-06-07 19:43:48 [DEBUG   ] forensic.forensic_api.windows (windows.py:287): /_forensic/windows POST: Fenster '28647da4-1b6f-40de-8490-df54938e70d5' (Rolle 'userinfo') registriert
2026-06-07 19:43:48 [DEBUG   ] forensic.server.http_server (http_server.py:115): HTTP "POST /_forensic/windows HTTP/1.1" 200 -
2026-06-07 19:43:50 [DEBUG   ] forensic.server.router (router.py:104): Router: POST /_forensic/windows (ajax=True)
2026-06-07 19:43:50 [DEBUG   ] forensic.forensic_api.windows (windows.py:287): /_forensic/windows POST: Fenster '6c9c384f-d503-449b-a512-06c973b9d079' (Rolle 'main') registriert
2026-06-07 19:43:50 [DEBUG   ] forensic.server.http_server (http_server.py:115): HTTP "POST /_forensic/windows HTTP/1.1" 200 -
2026-06-07 19:43:50 [DEBUG   ] forensic.server.router (router.py:104): Router: POST /_forensic/windows (ajax=True)
2026-06-07 19:43:50 [DEBUG   ] forensic.forensic_api.windows (windows.py:287): /_forensic/windows POST: Fenster 'b1de0a1f-3b7c-4ce1-81c7-a2324ccd5457' (Rolle 'main') registriert
2026-06-07 19:43:50 [DEBUG   ] forensic.server.http_server (http_server.py:115): HTTP "POST /_forensic/windows HTTP/1.1" 200 -
2026-06-07 19:44:01 [DEBUG   ] forensic.forensic_api.cross_annotation_integrator (cross_annotation_integrator.py:96): CrossAnnotationIntegrator: keine ausstehenden Eintraege fuer uid=2948078
2026-06-07 19:44:01 [DEBUG   ] forensic (main.py:485): Watchdog: Heartbeat (Dump: 'logs/freeze_dump.txt')
2026-06-07 19:44:07 [DEBUG   ] forensic.server.router (router.py:104): Router: POST /_forensic/windows (ajax=True)
2026-06-07 19:44:07 [DEBUG   ] forensic.forensic_api.windows (windows.py:287): /_forensic/windows POST: Fenster 'e2abfb40-fb13-407a-94e9-c0dc3b791e63' (Rolle 'userinfo') registriert
2026-06-07 19:44:07 [DEBUG   ] forensic.server.http_server (http_server.py:115): HTTP "POST /_forensic/windows HTTP/1.1" 200 -
2026-06-07 19:44:07 [DEBUG   ] forensic.server.router (router.py:104): Router: POST /_forensic/windows (ajax=True)
2026-06-07 19:44:07 [DEBUG   ] forensic.forensic_api.windows (windows.py:287): /_forensic/windows POST: Fenster 'b486fd93-6ef4-4db2-bafa-20c63f515c97' (Rolle 'report') registriert
2026-06-07 19:44:07 [DEBUG   ] forensic.server.http_server (http_server.py:115): HTTP "POST /_forensic/windows HTTP/1.1" 200 -
2026-06-07 19:44:18 [DEBUG   ] forensic.server.router (router.py:104): Router: POST /_forensic/windows (ajax=True)
2026-06-07 19:44:18 [DEBUG   ] forensic.forensic_api.windows (windows.py:287): /_forensic/windows POST: Fenster '28647da4-1b6f-40de-8490-df54938e70d5' (Rolle 'userinfo') registriert
2026-06-07 19:44:18 [DEBUG   ] forensic.server.http_server (http_server.py:115): HTTP "POST /_forensic/windows HTTP/1.1" 200 -
2026-06-07 19:44:31 [DEBUG   ] forensic (main.py:485): Watchdog: Heartbeat (Dump: 'logs/freeze_dump.txt')
2026-06-07 19:44:37 [DEBUG   ] forensic.server.router (router.py:104): Router: POST /_forensic/windows (ajax=True)
2026-06-07 19:44:37 [DEBUG   ] forensic.forensic_api.windows (windows.py:287): /_forensic/windows POST: Fenster 'e2abfb40-fb13-407a-94e9-c0dc3b791e63' (Rolle 'userinfo') registriert
2026-06-07 19:44:37 [DEBUG   ] forensic.server.http_server (http_server.py:115): HTTP "POST /_forensic/windows HTTP/1.1" 200 -
2026-06-07 19:44:37 [DEBUG   ] forensic.server.router (router.py:104): Router: POST /_forensic/windows (ajax=True)
2026-06-07 19:44:37 [DEBUG   ] forensic.forensic_api.windows (windows.py:287): /_forensic/windows POST: Fenster 'b486fd93-6ef4-4db2-bafa-20c63f515c97' (Rolle 'report') registriert
2026-06-07 19:44:37 [DEBUG   ] forensic.server.http_server (http_server.py:115): HTTP "POST /_forensic/windows HTTP/1.1" 200 -
2026-06-07 19:44:48 [DEBUG   ] forensic.server.router (router.py:104): Router: POST /_forensic/windows (ajax=True)
2026-06-07 19:44:48 [DEBUG   ] forensic.forensic_api.windows (windows.py:287): /_forensic/windows POST: Fenster '28647da4-1b6f-40de-8490-df54938e70d5' (Rolle 'userinfo') registriert
2026-06-07 19:44:48 [DEBUG   ] forensic.server.http_server (http_server.py:115): HTTP "POST /_forensic/windows HTTP/1.1" 200 -
2026-06-07 19:44:50 [DEBUG   ] forensic.server.router (router.py:104): Router: POST /_forensic/windows (ajax=True)
2026-06-07 19:44:50 [DEBUG   ] forensic.forensic_api.windows (windows.py:287): /_forensic/windows POST: Fenster '6c9c384f-d503-449b-a512-06c973b9d079' (Rolle 'main') registriert
2026-06-07 19:44:50 [DEBUG   ] forensic.server.http_server (http_server.py:115): HTTP "POST /_forensic/windows HTTP/1.1" 200 -
2026-06-07 19:44:50 [DEBUG   ] forensic.server.router (router.py:104): Router: POST /_forensic/windows (ajax=True)
2026-06-07 19:44:50 [DEBUG   ] forensic.forensic_api.windows (windows.py:287): /_forensic/windows POST: Fenster 'b1de0a1f-3b7c-4ce1-81c7-a2324ccd5457' (Rolle 'main') registriert
2026-06-07 19:44:50 [DEBUG   ] forensic.server.http_server (http_server.py:115): HTTP "POST /_forensic/windows HTTP/1.1" 200 -
2026-06-07 19:45:01 [DEBUG   ] forensic (main.py:485): Watchdog: Heartbeat (Dump: 'logs/freeze_dump.txt')
2026-06-07 19:45:07 [DEBUG   ] forensic.server.router (router.py:104): Router: POST /_forensic/windows (ajax=True)
2026-06-07 19:45:07 [DEBUG   ] forensic.forensic_api.windows (windows.py:287): /_forensic/windows POST: Fenster 'e2abfb40-fb13-407a-94e9-c0dc3b791e63' (Rolle 'userinfo') registriert
2026-06-07 19:45:07 [DEBUG   ] forensic.server.http_server (http_server.py:115): HTTP "POST /_forensic/windows HTTP/1.1" 200 -
2026-06-07 19:45:07 [DEBUG   ] forensic.server.router (router.py:104): Router: POST /_forensic/windows (ajax=True)
2026-06-07 19:45:07 [DEBUG   ] forensic.forensic_api.windows (windows.py:287): /_forensic/windows POST: Fenster 'b486fd93-6ef4-4db2-bafa-20c63f515c97' (Rolle 'report') registriert
2026-06-07 19:45:07 [DEBUG   ] forensic.server.http_server (http_server.py:115): HTTP "POST /_forensic/windows HTTP/1.1" 200 -
2026-06-07 19:45:18 [DEBUG   ] forensic.server.router (router.py:104): Router: POST /_forensic/windows (ajax=True)
2026-06-07 19:45:18 [DEBUG   ] forensic.forensic_api.windows (windows.py:287): /_forensic/windows POST: Fenster '28647da4-1b6f-40de-8490-df54938e70d5' (Rolle 'userinfo') registriert
2026-06-07 19:45:18 [DEBUG   ] forensic.server.http_server (http_server.py:115): HTTP "POST /_forensic/windows HTTP/1.1" 200 -
2026-06-07 19:45:31 [DEBUG   ] forensic (main.py:485): Watchdog: Heartbeat (Dump: 'logs/freeze_dump.txt')
2026-06-07 19:45:37 [DEBUG   ] forensic.server.router (router.py:104): Router: POST /_forensic/windows (ajax=True)
2026-06-07 19:45:37 [DEBUG   ] forensic.forensic_api.windows (windows.py:287): /_forensic/windows POST: Fenster 'e2abfb40-fb13-407a-94e9-c0dc3b791e63' (Rolle 'userinfo') registriert
2026-06-07 19:45:37 [DEBUG   ] forensic.server.http_server (http_server.py:115): HTTP "POST /_forensic/windows HTTP/1.1" 200 -
2026-06-07 19:45:37 [DEBUG   ] forensic.server.router (router.py:104): Router: POST /_forensic/windows (ajax=True)
2026-06-07 19:45:37 [DEBUG   ] forensic.forensic_api.windows (windows.py:287): /_forensic/windows POST: Fenster 'b486fd93-6ef4-4db2-bafa-20c63f515c97' (Rolle 'report') registriert
2026-06-07 19:45:37 [DEBUG   ] forensic.server.http_server (http_server.py:115): HTTP "POST /_forensic/windows HTTP/1.1" 200 -
2026-06-07 19:45:48 [DEBUG   ] forensic.server.router (router.py:104): Router: POST /_forensic/windows (ajax=True)
2026-06-07 19:45:48 [DEBUG   ] forensic.forensic_api.windows (windows.py:287): /_forensic/windows POST: Fenster '28647da4-1b6f-40de-8490-df54938e70d5' (Rolle 'userinfo') registriert
2026-06-07 19:45:48 [DEBUG   ] forensic.server.http_server (http_server.py:115): HTTP "POST /_forensic/windows HTTP/1.1" 200 -
2026-06-07 19:45:50 [DEBUG   ] forensic.server.router (router.py:104): Router: POST /_forensic/windows (ajax=True)
2026-06-07 19:45:50 [DEBUG   ] forensic.forensic_api.windows (windows.py:287): /_forensic/windows POST: Fenster 'b1de0a1f-3b7c-4ce1-81c7-a2324ccd5457' (Rolle 'main') registriert
2026-06-07 19:45:50 [DEBUG   ] forensic.server.http_server (http_server.py:115): HTTP "POST /_forensic/windows HTTP/1.1" 200 -
2026-06-07 19:45:50 [DEBUG   ] forensic.server.router (router.py:104): Router: POST /_forensic/windows (ajax=True)
2026-06-07 19:45:50 [DEBUG   ] forensic.forensic_api.windows (windows.py:287): /_forensic/windows POST: Fenster '6c9c384f-d503-449b-a512-06c973b9d079' (Rolle 'main') registriert
2026-06-07 19:45:50 [DEBUG   ] forensic.server.http_server (http_server.py:115): HTTP "POST /_forensic/windows HTTP/1.1" 200 -
2026-06-07 19:46:01 [DEBUG   ] forensic (main.py:485): Watchdog: Heartbeat (Dump: 'logs/freeze_dump.txt')
2026-06-07 19:46:07 [DEBUG   ] forensic.server.router (router.py:104): Router: POST /_forensic/windows (ajax=True)
2026-06-07 19:46:07 [DEBUG   ] forensic.forensic_api.windows (windows.py:287): /_forensic/windows POST: Fenster 'e2abfb40-fb13-407a-94e9-c0dc3b791e63' (Rolle 'userinfo') registriert
2026-06-07 19:46:07 [DEBUG   ] forensic.server.http_server (http_server.py:115): HTTP "POST /_forensic/windows HTTP/1.1" 200 -
2026-06-07 19:46:07 [DEBUG   ] forensic.server.router (router.py:104): Router: POST /_forensic/windows (ajax=True)
2026-06-07 19:46:07 [DEBUG   ] forensic.forensic_api.windows (windows.py:287): /_forensic/windows POST: Fenster 'b486fd93-6ef4-4db2-bafa-20c63f515c97' (Rolle 'report') registriert
2026-06-07 19:46:07 [DEBUG   ] forensic.server.http_server (http_server.py:115): HTTP "POST /_forensic/windows HTTP/1.1" 200 -
2026-06-07 19:46:18 [DEBUG   ] forensic.server.router (router.py:104): Router: POST /_forensic/windows (ajax=True)
2026-06-07 19:46:18 [DEBUG   ] forensic.forensic_api.windows (windows.py:287): /_forensic/windows POST: Fenster '28647da4-1b6f-40de-8490-df54938e70d5' (Rolle 'userinfo') registriert
2026-06-07 19:46:18 [DEBUG   ] forensic.server.http_server (http_server.py:115): HTTP "POST /_forensic/windows HTTP/1.1" 200 -
2026-06-07 19:46:31 [DEBUG   ] forensic (main.py:485): Watchdog: Heartbeat (Dump: 'logs/freeze_dump.txt')
2026-06-07 19:46:37 [DEBUG   ] forensic.server.router (router.py:104): Router: POST /_forensic/windows (ajax=True)
2026-06-07 19:46:37 [DEBUG   ] forensic.forensic_api.windows (windows.py:287): /_forensic/windows POST: Fenster 'e2abfb40-fb13-407a-94e9-c0dc3b791e63' (Rolle 'userinfo') registriert
2026-06-07 19:46:37 [DEBUG   ] forensic.server.http_server (http_server.py:115): HTTP "POST /_forensic/windows HTTP/1.1" 200 -
2026-06-07 19:46:37 [DEBUG   ] forensic.server.router (router.py:104): Router: POST /_forensic/windows (ajax=True)
2026-06-07 19:46:37 [DEBUG   ] forensic.forensic_api.windows (windows.py:287): /_forensic/windows POST: Fenster 'b486fd93-6ef4-4db2-bafa-20c63f515c97' (Rolle 'report') registriert
2026-06-07 19:46:37 [DEBUG   ] forensic.server.http_server (http_server.py:115): HTTP "POST /_forensic/windows HTTP/1.1" 200 -
2026-06-07 19:46:48 [DEBUG   ] forensic.server.router (router.py:104): Router: POST /_forensic/windows (ajax=True)
2026-06-07 19:46:48 [DEBUG   ] forensic.forensic_api.windows (windows.py:287): /_forensic/windows POST: Fenster '28647da4-1b6f-40de-8490-df54938e70d5' (Rolle 'userinfo') registriert
2026-06-07 19:46:48 [DEBUG   ] forensic.server.http_server (http_server.py:115): HTTP "POST /_forensic/windows HTTP/1.1" 200 -
2026-06-07 19:46:50 [DEBUG   ] forensic.server.router (router.py:104): Router: POST /_forensic/windows (ajax=True)
2026-06-07 19:46:50 [DEBUG   ] forensic.forensic_api.windows (windows.py:287): /_forensic/windows POST: Fenster 'b1de0a1f-3b7c-4ce1-81c7-a2324ccd5457' (Rolle 'main') registriert
2026-06-07 19:46:50 [DEBUG   ] forensic.server.http_server (http_server.py:115): HTTP "POST /_forensic/windows HTTP/1.1" 200 -
2026-06-07 19:46:50 [DEBUG   ] forensic.server.router (router.py:104): Router: POST /_forensic/windows (ajax=True)
2026-06-07 19:46:50 [DEBUG   ] forensic.forensic_api.windows (windows.py:287): /_forensic/windows POST: Fenster '6c9c384f-d503-449b-a512-06c973b9d079' (Rolle 'main') registriert
2026-06-07 19:46:50 [DEBUG   ] forensic.server.http_server (http_server.py:115): HTTP "POST /_forensic/windows HTTP/1.1" 200 -
2026-06-07 19:47:01 [DEBUG   ] forensic (main.py:485): Watchdog: Heartbeat (Dump: 'logs/freeze_dump.txt')
2026-06-07 19:47:07 [DEBUG   ] forensic.server.router (router.py:104): Router: POST /_forensic/windows (ajax=True)
2026-06-07 19:47:07 [DEBUG   ] forensic.forensic_api.windows (windows.py:287): /_forensic/windows POST: Fenster 'e2abfb40-fb13-407a-94e9-c0dc3b791e63' (Rolle 'userinfo') registriert
2026-06-07 19:47:07 [DEBUG   ] forensic.server.http_server (http_server.py:115): HTTP "POST /_forensic/windows HTTP/1.1" 200 -
2026-06-07 19:47:07 [DEBUG   ] forensic.server.router (router.py:104): Router: POST /_forensic/windows (ajax=True)
2026-06-07 19:47:07 [DEBUG   ] forensic.forensic_api.windows (windows.py:287): /_forensic/windows POST: Fenster 'b486fd93-6ef4-4db2-bafa-20c63f515c97' (Rolle 'report') registriert
2026-06-07 19:47:07 [DEBUG   ] forensic.server.http_server (http_server.py:115): HTTP "POST /_forensic/windows HTTP/1.1" 200 -
2026-06-07 19:47:18 [DEBUG   ] forensic.server.router (router.py:104): Router: POST /_forensic/windows (ajax=True)
2026-06-07 19:47:18 [DEBUG   ] forensic.forensic_api.windows (windows.py:287): /_forensic/windows POST: Fenster '28647da4-1b6f-40de-8490-df54938e70d5' (Rolle 'userinfo') registriert
2026-06-07 19:47:18 [DEBUG   ] forensic.server.http_server (http_server.py:115): HTTP "POST /_forensic/windows HTTP/1.1" 200 -
2026-06-07 19:47:31 [DEBUG   ] forensic (main.py:485): Watchdog: Heartbeat (Dump: 'logs/freeze_dump.txt')
2026-06-07 19:47:37 [DEBUG   ] forensic.server.router (router.py:104): Router: POST /_forensic/windows (ajax=True)
2026-06-07 19:47:37 [DEBUG   ] forensic.forensic_api.windows (windows.py:287): /_forensic/windows POST: Fenster 'e2abfb40-fb13-407a-94e9-c0dc3b791e63' (Rolle 'userinfo') registriert
2026-06-07 19:47:37 [DEBUG   ] forensic.server.http_server (http_server.py:115): HTTP "POST /_forensic/windows HTTP/1.1" 200 -
2026-06-07 19:47:37 [DEBUG   ] forensic.server.router (router.py:104): Router: POST /_forensic/windows (ajax=True)
2026-06-07 19:47:37 [DEBUG   ] forensic.forensic_api.windows (windows.py:287): /_forensic/windows POST: Fenster 'b486fd93-6ef4-4db2-bafa-20c63f515c97' (Rolle 'report') registriert
2026-06-07 19:47:37 [DEBUG   ] forensic.server.http_server (http_server.py:115): HTTP "POST /_forensic/windows HTTP/1.1" 200 -
2026-06-07 19:47:48 [DEBUG   ] forensic.server.router (router.py:104): Router: POST /_forensic/windows (ajax=True)
2026-06-07 19:47:48 [DEBUG   ] forensic.forensic_api.windows (windows.py:287): /_forensic/windows POST: Fenster '28647da4-1b6f-40de-8490-df54938e70d5' (Rolle 'userinfo') registriert
2026-06-07 19:47:48 [DEBUG   ] forensic.server.http_server (http_server.py:115): HTTP "POST /_forensic/windows HTTP/1.1" 200 -
2026-06-07 19:47:50 [DEBUG   ] forensic.server.router (router.py:104): Router: POST /_forensic/windows (ajax=True)
2026-06-07 19:47:50 [DEBUG   ] forensic.forensic_api.windows (windows.py:287): /_forensic/windows POST: Fenster 'b1de0a1f-3b7c-4ce1-81c7-a2324ccd5457' (Rolle 'main') registriert
2026-06-07 19:47:50 [DEBUG   ] forensic.server.http_server (http_server.py:115): HTTP "POST /_forensic/windows HTTP/1.1" 200 -
2026-06-07 19:47:50 [DEBUG   ] forensic.server.router (router.py:104): Router: POST /_forensic/windows (ajax=True)
2026-06-07 19:47:50 [DEBUG   ] forensic.forensic_api.windows (windows.py:287): /_forensic/windows POST: Fenster '6c9c384f-d503-449b-a512-06c973b9d079' (Rolle 'main') registriert
2026-06-07 19:47:50 [DEBUG   ] forensic.server.http_server (http_server.py:115): HTTP "POST /_forensic/windows HTTP/1.1" 200 -
2026-06-07 19:48:01 [DEBUG   ] forensic (main.py:485): Watchdog: Heartbeat (Dump: 'logs/freeze_dump.txt')
2026-06-07 19:48:07 [DEBUG   ] forensic.server.router (router.py:104): Router: POST /_forensic/windows (ajax=True)
2026-06-07 19:48:07 [DEBUG   ] forensic.forensic_api.windows (windows.py:287): /_forensic/windows POST: Fenster 'e2abfb40-fb13-407a-94e9-c0dc3b791e63' (Rolle 'userinfo') registriert
2026-06-07 19:48:07 [DEBUG   ] forensic.server.http_server (http_server.py:115): HTTP "POST /_forensic/windows HTTP/1.1" 200 -
2026-06-07 19:48:07 [DEBUG   ] forensic.server.router (router.py:104): Router: POST /_forensic/windows (ajax=True)
2026-06-07 19:48:07 [DEBUG   ] forensic.forensic_api.windows (windows.py:287): /_forensic/windows POST: Fenster 'b486fd93-6ef4-4db2-bafa-20c63f515c97' (Rolle 'report') registriert
2026-06-07 19:48:07 [DEBUG   ] forensic.server.http_server (http_server.py:115): HTTP "POST /_forensic/windows HTTP/1.1" 200 -
2026-06-07 19:48:18 [DEBUG   ] forensic.server.router (router.py:104): Router: POST /_forensic/windows (ajax=True)
2026-06-07 19:48:18 [DEBUG   ] forensic.forensic_api.windows (windows.py:287): /_forensic/windows POST: Fenster '28647da4-1b6f-40de-8490-df54938e70d5' (Rolle 'userinfo') registriert
2026-06-07 19:48:18 [DEBUG   ] forensic.server.http_server (http_server.py:115): HTTP "POST /_forensic/windows HTTP/1.1" 200 -
2026-06-07 19:48:31 [DEBUG   ] forensic (main.py:485): Watchdog: Heartbeat (Dump: 'logs/freeze_dump.txt')
2026-06-07 19:48:37 [DEBUG   ] forensic.server.router (router.py:104): Router: POST /_forensic/windows (ajax=True)
2026-06-07 19:48:37 [DEBUG   ] forensic.forensic_api.windows (windows.py:287): /_forensic/windows POST: Fenster 'e2abfb40-fb13-407a-94e9-c0dc3b791e63' (Rolle 'userinfo') registriert
2026-06-07 19:48:37 [DEBUG   ] forensic.server.http_server (http_server.py:115): HTTP "POST /_forensic/windows HTTP/1.1" 200 -
2026-06-07 19:48:37 [DEBUG   ] forensic.server.router (router.py:104): Router: POST /_forensic/windows (ajax=True)
2026-06-07 19:48:37 [DEBUG   ] forensic.forensic_api.windows (windows.py:287): /_forensic/windows POST: Fenster 'b486fd93-6ef4-4db2-bafa-20c63f515c97' (Rolle 'report') registriert
2026-06-07 19:48:37 [DEBUG   ] forensic.server.http_server (http_server.py:115): HTTP "POST /_forensic/windows HTTP/1.1" 200 -
2026-06-07 19:48:48 [DEBUG   ] forensic.server.router (router.py:104): Router: POST /_forensic/windows (ajax=True)
2026-06-07 19:48:48 [DEBUG   ] forensic.forensic_api.windows (windows.py:287): /_forensic/windows POST: Fenster '28647da4-1b6f-40de-8490-df54938e70d5' (Rolle 'userinfo') registriert
2026-06-07 19:48:48 [DEBUG   ] forensic.server.http_server (http_server.py:115): HTTP "POST /_forensic/windows HTTP/1.1" 200 -
2026-06-07 19:48:50 [DEBUG   ] forensic.server.router (router.py:104): Router: POST /_forensic/windows (ajax=True)
2026-06-07 19:48:50 [DEBUG   ] forensic.forensic_api.windows (windows.py:287): /_forensic/windows POST: Fenster 'b1de0a1f-3b7c-4ce1-81c7-a2324ccd5457' (Rolle 'main') registriert
2026-06-07 19:48:50 [DEBUG   ] forensic.server.http_server (http_server.py:115): HTTP "POST /_forensic/windows HTTP/1.1" 200 -
2026-06-07 19:48:50 [DEBUG   ] forensic.server.router (router.py:104): Router: POST /_forensic/windows (ajax=True)
2026-06-07 19:48:50 [DEBUG   ] forensic.forensic_api.windows (windows.py:287): /_forensic/windows POST: Fenster '6c9c384f-d503-449b-a512-06c973b9d079' (Rolle 'main') registriert
2026-06-07 19:48:50 [DEBUG   ] forensic.server.http_server (http_server.py:115): HTTP "POST /_forensic/windows HTTP/1.1" 200 -
2026-06-07 19:49:01 [DEBUG   ] forensic (main.py:485): Watchdog: Heartbeat (Dump: 'logs/freeze_dump.txt')
2026-06-07 19:49:07 [DEBUG   ] forensic.server.router (router.py:104): Router: POST /_forensic/windows (ajax=True)
2026-06-07 19:49:07 [DEBUG   ] forensic.forensic_api.windows (windows.py:287): /_forensic/windows POST: Fenster 'e2abfb40-fb13-407a-94e9-c0dc3b791e63' (Rolle 'userinfo') registriert
2026-06-07 19:49:07 [DEBUG   ] forensic.server.http_server (http_server.py:115): HTTP "POST /_forensic/windows HTTP/1.1" 200 -
2026-06-07 19:49:07 [DEBUG   ] forensic.server.router (router.py:104): Router: POST /_forensic/windows (ajax=True)
2026-06-07 19:49:07 [DEBUG   ] forensic.forensic_api.windows (windows.py:287): /_forensic/windows POST: Fenster 'b486fd93-6ef4-4db2-bafa-20c63f515c97' (Rolle 'report') registriert
2026-06-07 19:49:07 [DEBUG   ] forensic.server.http_server (http_server.py:115): HTTP "POST /_forensic/windows HTTP/1.1" 200 -
2026-06-07 19:49:18 [DEBUG   ] forensic.server.router (router.py:104): Router: POST /_forensic/windows (ajax=True)
2026-06-07 19:49:18 [DEBUG   ] forensic.forensic_api.windows (windows.py:287): /_forensic/windows POST: Fenster '28647da4-1b6f-40de-8490-df54938e70d5' (Rolle 'userinfo') registriert
2026-06-07 19:49:18 [DEBUG   ] forensic.server.http_server (http_server.py:115): HTTP "POST /_forensic/windows HTTP/1.1" 200 -
2026-06-07 19:49:31 [DEBUG   ] forensic (main.py:485): Watchdog: Heartbeat (Dump: 'logs/freeze_dump.txt')
2026-06-07 19:49:37 [DEBUG   ] forensic.server.router (router.py:104): Router: POST /_forensic/windows (ajax=True)
2026-06-07 19:49:37 [DEBUG   ] forensic.forensic_api.windows (windows.py:287): /_forensic/windows POST: Fenster 'e2abfb40-fb13-407a-94e9-c0dc3b791e63' (Rolle 'userinfo') registriert
2026-06-07 19:49:37 [DEBUG   ] forensic.server.http_server (http_server.py:115): HTTP "POST /_forensic/windows HTTP/1.1" 200 -
2026-06-07 19:49:37 [DEBUG   ] forensic.server.router (router.py:104): Router: POST /_forensic/windows (ajax=True)
2026-06-07 19:49:37 [DEBUG   ] forensic.forensic_api.windows (windows.py:287): /_forensic/windows POST: Fenster 'b486fd93-6ef4-4db2-bafa-20c63f515c97' (Rolle 'report') registriert
2026-06-07 19:49:37 [DEBUG   ] forensic.server.http_server (http_server.py:115): HTTP "POST /_forensic/windows HTTP/1.1" 200 -
2026-06-07 19:49:48 [DEBUG   ] forensic.server.router (router.py:104): Router: POST /_forensic/windows (ajax=True)
2026-06-07 19:49:48 [DEBUG   ] forensic.forensic_api.windows (windows.py:287): /_forensic/windows POST: Fenster '28647da4-1b6f-40de-8490-df54938e70d5' (Rolle 'userinfo') registriert
2026-06-07 19:49:48 [DEBUG   ] forensic.server.http_server (http_server.py:115): HTTP "POST /_forensic/windows HTTP/1.1" 200 -
2026-06-07 19:49:50 [DEBUG   ] forensic.server.router (router.py:104): Router: POST /_forensic/windows (ajax=True)
2026-06-07 19:49:50 [DEBUG   ] forensic.forensic_api.windows (windows.py:287): /_forensic/windows POST: Fenster 'b1de0a1f-3b7c-4ce1-81c7-a2324ccd5457' (Rolle 'main') registriert
2026-06-07 19:49:50 [DEBUG   ] forensic.server.http_server (http_server.py:115): HTTP "POST /_forensic/windows HTTP/1.1" 200 -
2026-06-07 19:49:50 [DEBUG   ] forensic.server.router (router.py:104): Router: POST /_forensic/windows (ajax=True)
2026-06-07 19:49:50 [DEBUG   ] forensic.forensic_api.windows (windows.py:287): /_forensic/windows POST: Fenster '6c9c384f-d503-449b-a512-06c973b9d079' (Rolle 'main') registriert
2026-06-07 19:49:50 [DEBUG   ] forensic.server.http_server (http_server.py:115): HTTP "POST /_forensic/windows HTTP/1.1" 200 -
2026-06-07 19:50:01 [DEBUG   ] forensic (main.py:485): Watchdog: Heartbeat (Dump: 'logs/freeze_dump.txt')
2026-06-07 19:50:07 [DEBUG   ] forensic.server.router (router.py:104): Router: POST /_forensic/windows (ajax=True)
2026-06-07 19:50:07 [DEBUG   ] forensic.forensic_api.windows (windows.py:287): /_forensic/windows POST: Fenster 'e2abfb40-fb13-407a-94e9-c0dc3b791e63' (Rolle 'userinfo') registriert
2026-06-07 19:50:07 [DEBUG   ] forensic.server.http_server (http_server.py:115): HTTP "POST /_forensic/windows HTTP/1.1" 200 -
2026-06-07 19:50:07 [DEBUG   ] forensic.server.router (router.py:104): Router: POST /_forensic/windows (ajax=True)
2026-06-07 19:50:07 [DEBUG   ] forensic.forensic_api.windows (windows.py:287): /_forensic/windows POST: Fenster 'b486fd93-6ef4-4db2-bafa-20c63f515c97' (Rolle 'report') registriert
2026-06-07 19:50:07 [DEBUG   ] forensic.server.http_server (http_server.py:115): HTTP "POST /_forensic/windows HTTP/1.1" 200 -
2026-06-07 19:50:18 [DEBUG   ] forensic.server.router (router.py:104): Router: POST /_forensic/windows (ajax=True)
2026-06-07 19:50:18 [DEBUG   ] forensic.forensic_api.windows (windows.py:287): /_forensic/windows POST: Fenster '28647da4-1b6f-40de-8490-df54938e70d5' (Rolle 'userinfo') registriert
2026-06-07 19:50:18 [DEBUG   ] forensic.server.http_server (http_server.py:115): HTTP "POST /_forensic/windows HTTP/1.1" 200 -
2026-06-07 19:50:31 [DEBUG   ] forensic (main.py:485): Watchdog: Heartbeat (Dump: 'logs/freeze_dump.txt')
2026-06-07 19:50:37 [DEBUG   ] forensic.server.router (router.py:104): Router: POST /_forensic/windows (ajax=True)
2026-06-07 19:50:37 [DEBUG   ] forensic.forensic_api.windows (windows.py:287): /_forensic/windows POST: Fenster 'e2abfb40-fb13-407a-94e9-c0dc3b791e63' (Rolle 'userinfo') registriert
2026-06-07 19:50:37 [DEBUG   ] forensic.server.http_server (http_server.py:115): HTTP "POST /_forensic/windows HTTP/1.1" 200 -
2026-06-07 19:50:37 [DEBUG   ] forensic.server.router (router.py:104): Router: POST /_forensic/windows (ajax=True)
2026-06-07 19:50:37 [DEBUG   ] forensic.forensic_api.windows (windows.py:287): /_forensic/windows POST: Fenster 'b486fd93-6ef4-4db2-bafa-20c63f515c97' (Rolle 'report') registriert
2026-06-07 19:50:37 [DEBUG   ] forensic.server.http_server (http_server.py:115): HTTP "POST /_forensic/windows HTTP/1.1" 200 -
2026-06-07 19:50:48 [DEBUG   ] forensic.server.router (router.py:104): Router: POST /_forensic/windows (ajax=True)
2026-06-07 19:50:48 [DEBUG   ] forensic.forensic_api.windows (windows.py:287): /_forensic/windows POST: Fenster '28647da4-1b6f-40de-8490-df54938e70d5' (Rolle 'userinfo') registriert
2026-06-07 19:50:48 [DEBUG   ] forensic.server.http_server (http_server.py:115): HTTP "POST /_forensic/windows HTTP/1.1" 200 -
2026-06-07 19:50:50 [DEBUG   ] forensic.server.router (router.py:104): Router: POST /_forensic/windows (ajax=True)
2026-06-07 19:50:50 [DEBUG   ] forensic.forensic_api.windows (windows.py:287): /_forensic/windows POST: Fenster 'b1de0a1f-3b7c-4ce1-81c7-a2324ccd5457' (Rolle 'main') registriert
2026-06-07 19:50:50 [DEBUG   ] forensic.server.http_server (http_server.py:115): HTTP "POST /_forensic/windows HTTP/1.1" 200 -
2026-06-07 19:50:50 [DEBUG   ] forensic.server.router (router.py:104): Router: POST /_forensic/windows (ajax=True)
2026-06-07 19:50:50 [DEBUG   ] forensic.forensic_api.windows (windows.py:287): /_forensic/windows POST: Fenster '6c9c384f-d503-449b-a512-06c973b9d079' (Rolle 'main') registriert
2026-06-07 19:50:50 [DEBUG   ] forensic.server.http_server (http_server.py:115): HTTP "POST /_forensic/windows HTTP/1.1" 200 -
2026-06-07 19:51:01 [DEBUG   ] forensic (main.py:485): Watchdog: Heartbeat (Dump: 'logs/freeze_dump.txt')
2026-06-07 19:51:07 [DEBUG   ] forensic.server.router (router.py:104): Router: POST /_forensic/windows (ajax=True)
2026-06-07 19:51:07 [DEBUG   ] forensic.forensic_api.windows (windows.py:287): /_forensic/windows POST: Fenster 'e2abfb40-fb13-407a-94e9-c0dc3b791e63' (Rolle 'userinfo') registriert
2026-06-07 19:51:07 [DEBUG   ] forensic.server.http_server (http_server.py:115): HTTP "POST /_forensic/windows HTTP/1.1" 200 -
2026-06-07 19:51:07 [DEBUG   ] forensic.server.router (router.py:104): Router: POST /_forensic/windows (ajax=True)
2026-06-07 19:51:07 [DEBUG   ] forensic.forensic_api.windows (windows.py:287): /_forensic/windows POST: Fenster 'b486fd93-6ef4-4db2-bafa-20c63f515c97' (Rolle 'report') registriert
2026-06-07 19:51:07 [DEBUG   ] forensic.server.http_server (http_server.py:115): HTTP "POST /_forensic/windows HTTP/1.1" 200 -
2026-06-07 19:51:18 [DEBUG   ] forensic.server.router (router.py:104): Router: POST /_forensic/windows (ajax=True)
2026-06-07 19:51:18 [DEBUG   ] forensic.forensic_api.windows (windows.py:287): /_forensic/windows POST: Fenster '28647da4-1b6f-40de-8490-df54938e70d5' (Rolle 'userinfo') registriert
2026-06-07 19:51:18 [DEBUG   ] forensic.server.http_server (http_server.py:115): HTTP "POST /_forensic/windows HTTP/1.1" 200 -
2026-06-07 19:51:31 [DEBUG   ] forensic (main.py:485): Watchdog: Heartbeat (Dump: 'logs/freeze_dump.txt')
2026-06-07 19:51:37 [DEBUG   ] forensic.server.router (router.py:104): Router: POST /_forensic/windows (ajax=True)
2026-06-07 19:51:37 [DEBUG   ] forensic.forensic_api.windows (windows.py:287): /_forensic/windows POST: Fenster 'e2abfb40-fb13-407a-94e9-c0dc3b791e63' (Rolle 'userinfo') registriert
2026-06-07 19:51:37 [DEBUG   ] forensic.server.http_server (http_server.py:115): HTTP "POST /_forensic/windows HTTP/1.1" 200 -
2026-06-07 19:51:37 [DEBUG   ] forensic.server.router (router.py:104): Router: POST /_forensic/windows (ajax=True)
2026-06-07 19:51:37 [DEBUG   ] forensic.forensic_api.windows (windows.py:287): /_forensic/windows POST: Fenster 'b486fd93-6ef4-4db2-bafa-20c63f515c97' (Rolle 'report') registriert
2026-06-07 19:51:37 [DEBUG   ] forensic.server.http_server (http_server.py:115): HTTP "POST /_forensic/windows HTTP/1.1" 200 -
2026-06-07 19:51:48 [DEBUG   ] forensic.server.router (router.py:104): Router: POST /_forensic/windows (ajax=True)
2026-06-07 19:51:48 [DEBUG   ] forensic.forensic_api.windows (windows.py:287): /_forensic/windows POST: Fenster '28647da4-1b6f-40de-8490-df54938e70d5' (Rolle 'userinfo') registriert
2026-06-07 19:51:48 [DEBUG   ] forensic.server.http_server (http_server.py:115): HTTP "POST /_forensic/windows HTTP/1.1" 200 -
2026-06-07 19:51:50 [DEBUG   ] forensic.server.router (router.py:104): Router: POST /_forensic/windows (ajax=True)
2026-06-07 19:51:50 [DEBUG   ] forensic.forensic_api.windows (windows.py:287): /_forensic/windows POST: Fenster '6c9c384f-d503-449b-a512-06c973b9d079' (Rolle 'main') registriert
2026-06-07 19:51:50 [DEBUG   ] forensic.server.http_server (http_server.py:115): HTTP "POST /_forensic/windows HTTP/1.1" 200 -
2026-06-07 19:51:50 [DEBUG   ] forensic.server.router (router.py:104): Router: POST /_forensic/windows (ajax=True)
2026-06-07 19:51:50 [DEBUG   ] forensic.forensic_api.windows (windows.py:287): /_forensic/windows POST: Fenster 'b1de0a1f-3b7c-4ce1-81c7-a2324ccd5457' (Rolle 'main') registriert
2026-06-07 19:51:50 [DEBUG   ] forensic.server.http_server (http_server.py:115): HTTP "POST /_forensic/windows HTTP/1.1" 200 -
2026-06-07 19:52:01 [DEBUG   ] forensic (main.py:485): Watchdog: Heartbeat (Dump: 'logs/freeze_dump.txt')
2026-06-07 19:52:07 [DEBUG   ] forensic.server.router (router.py:104): Router: POST /_forensic/windows (ajax=True)
2026-06-07 19:52:07 [DEBUG   ] forensic.forensic_api.windows (windows.py:287): /_forensic/windows POST: Fenster 'e2abfb40-fb13-407a-94e9-c0dc3b791e63' (Rolle 'userinfo') registriert
2026-06-07 19:52:07 [DEBUG   ] forensic.server.http_server (http_server.py:115): HTTP "POST /_forensic/windows HTTP/1.1" 200 -
2026-06-07 19:52:07 [DEBUG   ] forensic.server.router (router.py:104): Router: POST /_forensic/windows (ajax=True)
2026-06-07 19:52:07 [DEBUG   ] forensic.forensic_api.windows (windows.py:287): /_forensic/windows POST: Fenster 'b486fd93-6ef4-4db2-bafa-20c63f515c97' (Rolle 'report') registriert
2026-06-07 19:52:07 [DEBUG   ] forensic.server.http_server (http_server.py:115): HTTP "POST /_forensic/windows HTTP/1.1" 200 -
2026-06-07 19:52:18 [DEBUG   ] forensic.server.router (router.py:104): Router: POST /_forensic/windows (ajax=True)
2026-06-07 19:52:18 [DEBUG   ] forensic.forensic_api.windows (windows.py:287): /_forensic/windows POST: Fenster '28647da4-1b6f-40de-8490-df54938e70d5' (Rolle 'userinfo') registriert
2026-06-07 19:52:18 [DEBUG   ] forensic.server.http_server (http_server.py:115): HTTP "POST /_forensic/windows HTTP/1.1" 200 -
2026-06-07 19:52:31 [DEBUG   ] forensic (main.py:485): Watchdog: Heartbeat (Dump: 'logs/freeze_dump.txt')
2026-06-07 19:52:37 [DEBUG   ] forensic.server.router (router.py:104): Router: POST /_forensic/windows (ajax=True)
2026-06-07 19:52:37 [DEBUG   ] forensic.forensic_api.windows (windows.py:287): /_forensic/windows POST: Fenster 'e2abfb40-fb13-407a-94e9-c0dc3b791e63' (Rolle 'userinfo') registriert
2026-06-07 19:52:37 [DEBUG   ] forensic.server.http_server (http_server.py:115): HTTP "POST /_forensic/windows HTTP/1.1" 200 -
2026-06-07 19:52:37 [DEBUG   ] forensic.server.router (router.py:104): Router: POST /_forensic/windows (ajax=True)
2026-06-07 19:52:37 [DEBUG   ] forensic.forensic_api.windows (windows.py:287): /_forensic/windows POST: Fenster 'b486fd93-6ef4-4db2-bafa-20c63f515c97' (Rolle 'report') registriert
2026-06-07 19:52:37 [DEBUG   ] forensic.server.http_server (http_server.py:115): HTTP "POST /_forensic/windows HTTP/1.1" 200 -
2026-06-07 19:52:48 [DEBUG   ] forensic.server.router (router.py:104): Router: POST /_forensic/windows (ajax=True)
2026-06-07 19:52:48 [DEBUG   ] forensic.forensic_api.windows (windows.py:287): /_forensic/windows POST: Fenster '28647da4-1b6f-40de-8490-df54938e70d5' (Rolle 'userinfo') registriert
2026-06-07 19:52:48 [DEBUG   ] forensic.server.http_server (http_server.py:115): HTTP "POST /_forensic/windows HTTP/1.1" 200 -
2026-06-07 19:52:50 [DEBUG   ] forensic.server.router (router.py:104): Router: POST /_forensic/windows (ajax=True)
2026-06-07 19:52:50 [DEBUG   ] forensic.forensic_api.windows (windows.py:287): /_forensic/windows POST: Fenster 'b1de0a1f-3b7c-4ce1-81c7-a2324ccd5457' (Rolle 'main') registriert
2026-06-07 19:52:50 [DEBUG   ] forensic.server.http_server (http_server.py:115): HTTP "POST /_forensic/windows HTTP/1.1" 200 -
2026-06-07 19:52:50 [DEBUG   ] forensic.server.router (router.py:104): Router: POST /_forensic/windows (ajax=True)
2026-06-07 19:52:50 [DEBUG   ] forensic.forensic_api.windows (windows.py:287): /_forensic/windows POST: Fenster '6c9c384f-d503-449b-a512-06c973b9d079' (Rolle 'main') registriert
2026-06-07 19:52:50 [DEBUG   ] forensic.server.http_server (http_server.py:115): HTTP "POST /_forensic/windows HTTP/1.1" 200 -
2026-06-07 19:53:01 [DEBUG   ] forensic (main.py:485): Watchdog: Heartbeat (Dump: 'logs/freeze_dump.txt')
2026-06-07 19:53:07 [DEBUG   ] forensic.server.router (router.py:104): Router: POST /_forensic/windows (ajax=True)
2026-06-07 19:53:07 [DEBUG   ] forensic.forensic_api.windows (windows.py:287): /_forensic/windows POST: Fenster 'e2abfb40-fb13-407a-94e9-c0dc3b791e63' (Rolle 'userinfo') registriert
2026-06-07 19:53:07 [DEBUG   ] forensic.server.http_server (http_server.py:115): HTTP "POST /_forensic/windows HTTP/1.1" 200 -
2026-06-07 19:53:07 [DEBUG   ] forensic.server.router (router.py:104): Router: POST /_forensic/windows (ajax=True)
2026-06-07 19:53:07 [DEBUG   ] forensic.forensic_api.windows (windows.py:287): /_forensic/windows POST: Fenster 'b486fd93-6ef4-4db2-bafa-20c63f515c97' (Rolle 'report') registriert
2026-06-07 19:53:07 [DEBUG   ] forensic.server.http_server (http_server.py:115): HTTP "POST /_forensic/windows HTTP/1.1" 200 -
2026-06-07 19:53:18 [DEBUG   ] forensic.server.router (router.py:104): Router: POST /_forensic/windows (ajax=True)
2026-06-07 19:53:18 [DEBUG   ] forensic.forensic_api.windows (windows.py:287): /_forensic/windows POST: Fenster '28647da4-1b6f-40de-8490-df54938e70d5' (Rolle 'userinfo') registriert
2026-06-07 19:53:18 [DEBUG   ] forensic.server.http_server (http_server.py:115): HTTP "POST /_forensic/windows HTTP/1.1" 200 -
2026-06-07 19:53:31 [DEBUG   ] forensic (main.py:485): Watchdog: Heartbeat (Dump: 'logs/freeze_dump.txt')
2026-06-07 19:53:37 [DEBUG   ] forensic.server.router (router.py:104): Router: POST /_forensic/windows (ajax=True)
2026-06-07 19:53:37 [DEBUG   ] forensic.forensic_api.windows (windows.py:287): /_forensic/windows POST: Fenster 'e2abfb40-fb13-407a-94e9-c0dc3b791e63' (Rolle 'userinfo') registriert
2026-06-07 19:53:37 [DEBUG   ] forensic.server.http_server (http_server.py:115): HTTP "POST /_forensic/windows HTTP/1.1" 200 -
2026-06-07 19:53:37 [DEBUG   ] forensic.server.router (router.py:104): Router: POST /_forensic/windows (ajax=True)
2026-06-07 19:53:37 [DEBUG   ] forensic.forensic_api.windows (windows.py:287): /_forensic/windows POST: Fenster 'b486fd93-6ef4-4db2-bafa-20c63f515c97' (Rolle 'report') registriert
2026-06-07 19:53:37 [DEBUG   ] forensic.server.http_server (http_server.py:115): HTTP "POST /_forensic/windows HTTP/1.1" 200 -
2026-06-07 19:53:48 [DEBUG   ] forensic.server.router (router.py:104): Router: POST /_forensic/windows (ajax=True)
2026-06-07 19:53:48 [DEBUG   ] forensic.forensic_api.windows (windows.py:287): /_forensic/windows POST: Fenster '28647da4-1b6f-40de-8490-df54938e70d5' (Rolle 'userinfo') registriert
2026-06-07 19:53:48 [DEBUG   ] forensic.server.http_server (http_server.py:115): HTTP "POST /_forensic/windows HTTP/1.1" 200 -
2026-06-07 19:53:50 [DEBUG   ] forensic.server.router (router.py:104): Router: POST /_forensic/windows (ajax=True)
2026-06-07 19:53:50 [DEBUG   ] forensic.forensic_api.windows (windows.py:287): /_forensic/windows POST: Fenster 'b1de0a1f-3b7c-4ce1-81c7-a2324ccd5457' (Rolle 'main') registriert
2026-06-07 19:53:50 [DEBUG   ] forensic.server.http_server (http_server.py:115): HTTP "POST /_forensic/windows HTTP/1.1" 200 -
2026-06-07 19:53:50 [DEBUG   ] forensic.server.router (router.py:104): Router: POST /_forensic/windows (ajax=True)
2026-06-07 19:53:50 [DEBUG   ] forensic.forensic_api.windows (windows.py:287): /_forensic/windows POST: Fenster '6c9c384f-d503-449b-a512-06c973b9d079' (Rolle 'main') registriert
2026-06-07 19:53:50 [DEBUG   ] forensic.server.http_server (http_server.py:115): HTTP "POST /_forensic/windows HTTP/1.1" 200 -
2026-06-07 19:54:01 [DEBUG   ] forensic (main.py:485): Watchdog: Heartbeat (Dump: 'logs/freeze_dump.txt')
2026-06-07 19:54:07 [DEBUG   ] forensic.server.router (router.py:104): Router: POST /_forensic/windows (ajax=True)
2026-06-07 19:54:07 [DEBUG   ] forensic.forensic_api.windows (windows.py:287): /_forensic/windows POST: Fenster 'e2abfb40-fb13-407a-94e9-c0dc3b791e63' (Rolle 'userinfo') registriert
2026-06-07 19:54:07 [DEBUG   ] forensic.server.http_server (http_server.py:115): HTTP "POST /_forensic/windows HTTP/1.1" 200 -
2026-06-07 19:54:07 [DEBUG   ] forensic.server.router (router.py:104): Router: POST /_forensic/windows (ajax=True)
2026-06-07 19:54:07 [DEBUG   ] forensic.forensic_api.windows (windows.py:287): /_forensic/windows POST: Fenster 'b486fd93-6ef4-4db2-bafa-20c63f515c97' (Rolle 'report') registriert
2026-06-07 19:54:07 [DEBUG   ] forensic.server.http_server (http_server.py:115): HTTP "POST /_forensic/windows HTTP/1.1" 200 -
2026-06-07 19:54:18 [DEBUG   ] forensic.server.router (router.py:104): Router: POST /_forensic/windows (ajax=True)
2026-06-07 19:54:18 [DEBUG   ] forensic.forensic_api.windows (windows.py:287): /_forensic/windows POST: Fenster '28647da4-1b6f-40de-8490-df54938e70d5' (Rolle 'userinfo') registriert
2026-06-07 19:54:18 [DEBUG   ] forensic.server.http_server (http_server.py:115): HTTP "POST /_forensic/windows HTTP/1.1" 200 -
2026-06-07 19:54:31 [DEBUG   ] forensic (main.py:485): Watchdog: Heartbeat (Dump: 'logs/freeze_dump.txt')
2026-06-07 19:54:37 [DEBUG   ] forensic.server.router (router.py:104): Router: POST /_forensic/windows (ajax=True)
2026-06-07 19:54:37 [DEBUG   ] forensic.forensic_api.windows (windows.py:287): /_forensic/windows POST: Fenster 'e2abfb40-fb13-407a-94e9-c0dc3b791e63' (Rolle 'userinfo') registriert
2026-06-07 19:54:37 [DEBUG   ] forensic.server.http_server (http_server.py:115): HTTP "POST /_forensic/windows HTTP/1.1" 200 -
2026-06-07 19:54:37 [DEBUG   ] forensic.server.router (router.py:104): Router: POST /_forensic/windows (ajax=True)
2026-06-07 19:54:37 [DEBUG   ] forensic.forensic_api.windows (windows.py:287): /_forensic/windows POST: Fenster 'b486fd93-6ef4-4db2-bafa-20c63f515c97' (Rolle 'report') registriert
2026-06-07 19:54:37 [DEBUG   ] forensic.server.http_server (http_server.py:115): HTTP "POST /_forensic/windows HTTP/1.1" 200 -
2026-06-07 19:54:48 [DEBUG   ] forensic.server.router (router.py:104): Router: POST /_forensic/windows (ajax=True)
2026-06-07 19:54:48 [DEBUG   ] forensic.forensic_api.windows (windows.py:287): /_forensic/windows POST: Fenster '28647da4-1b6f-40de-8490-df54938e70d5' (Rolle 'userinfo') registriert
2026-06-07 19:54:48 [DEBUG   ] forensic.server.http_server (http_server.py:115): HTTP "POST /_forensic/windows HTTP/1.1" 200 -
2026-06-07 19:54:50 [DEBUG   ] forensic.server.router (router.py:104): Router: POST /_forensic/windows (ajax=True)
2026-06-07 19:54:50 [DEBUG   ] forensic.server.router (router.py:104): Router: POST /_forensic/windows (ajax=True)
2026-06-07 19:54:50 [DEBUG   ] forensic.forensic_api.windows (windows.py:287): /_forensic/windows POST: Fenster '6c9c384f-d503-449b-a512-06c973b9d079' (Rolle 'main') registriert
2026-06-07 19:54:50 [DEBUG   ] forensic.forensic_api.windows (windows.py:287): /_forensic/windows POST: Fenster 'b1de0a1f-3b7c-4ce1-81c7-a2324ccd5457' (Rolle 'main') registriert
2026-06-07 19:54:50 [DEBUG   ] forensic.server.http_server (http_server.py:115): HTTP "POST /_forensic/windows HTTP/1.1" 200 -
2026-06-07 19:54:50 [DEBUG   ] forensic.server.http_server (http_server.py:115): HTTP "POST /_forensic/windows HTTP/1.1" 200 -
2026-06-07 19:55:01 [DEBUG   ] forensic (main.py:485): Watchdog: Heartbeat (Dump: 'logs/freeze_dump.txt')
2026-06-07 19:55:07 [DEBUG   ] forensic.server.router (router.py:104): Router: POST /_forensic/windows (ajax=True)
2026-06-07 19:55:07 [DEBUG   ] forensic.forensic_api.windows (windows.py:287): /_forensic/windows POST: Fenster 'e2abfb40-fb13-407a-94e9-c0dc3b791e63' (Rolle 'userinfo') registriert
2026-06-07 19:55:07 [DEBUG   ] forensic.server.http_server (http_server.py:115): HTTP "POST /_forensic/windows HTTP/1.1" 200 -
2026-06-07 19:55:07 [DEBUG   ] forensic.server.router (router.py:104): Router: POST /_forensic/windows (ajax=True)
2026-06-07 19:55:07 [DEBUG   ] forensic.forensic_api.windows (windows.py:287): /_forensic/windows POST: Fenster 'b486fd93-6ef4-4db2-bafa-20c63f515c97' (Rolle 'report') registriert
2026-06-07 19:55:07 [DEBUG   ] forensic.server.http_server (http_server.py:115): HTTP "POST /_forensic/windows HTTP/1.1" 200 -
2026-06-07 19:55:18 [DEBUG   ] forensic.server.router (router.py:104): Router: POST /_forensic/windows (ajax=True)
2026-06-07 19:55:18 [DEBUG   ] forensic.forensic_api.windows (windows.py:287): /_forensic/windows POST: Fenster '28647da4-1b6f-40de-8490-df54938e70d5' (Rolle 'userinfo') registriert
2026-06-07 19:55:18 [DEBUG   ] forensic.server.http_server (http_server.py:115): HTTP "POST /_forensic/windows HTTP/1.1" 200 -
2026-06-07 19:55:31 [DEBUG   ] forensic (main.py:485): Watchdog: Heartbeat (Dump: 'logs/freeze_dump.txt')
2026-06-07 19:55:37 [DEBUG   ] forensic.server.router (router.py:104): Router: POST /_forensic/windows (ajax=True)
2026-06-07 19:55:37 [DEBUG   ] forensic.forensic_api.windows (windows.py:287): /_forensic/windows POST: Fenster 'e2abfb40-fb13-407a-94e9-c0dc3b791e63' (Rolle 'userinfo') registriert
2026-06-07 19:55:37 [DEBUG   ] forensic.server.http_server (http_server.py:115): HTTP "POST /_forensic/windows HTTP/1.1" 200 -
2026-06-07 19:55:37 [DEBUG   ] forensic.server.router (router.py:104): Router: POST /_forensic/windows (ajax=True)
2026-06-07 19:55:37 [DEBUG   ] forensic.forensic_api.windows (windows.py:287): /_forensic/windows POST: Fenster 'b486fd93-6ef4-4db2-bafa-20c63f515c97' (Rolle 'report') registriert
2026-06-07 19:55:37 [DEBUG   ] forensic.server.http_server (http_server.py:115): HTTP "POST /_forensic/windows HTTP/1.1" 200 -
2026-06-07 19:55:48 [DEBUG   ] forensic.server.router (router.py:104): Router: POST /_forensic/windows (ajax=True)
2026-06-07 19:55:48 [DEBUG   ] forensic.forensic_api.windows (windows.py:287): /_forensic/windows POST: Fenster '28647da4-1b6f-40de-8490-df54938e70d5' (Rolle 'userinfo') registriert
2026-06-07 19:55:48 [DEBUG   ] forensic.server.http_server (http_server.py:115): HTTP "POST /_forensic/windows HTTP/1.1" 200 -
2026-06-07 19:55:50 [DEBUG   ] forensic.server.router (router.py:104): Router: POST /_forensic/windows (ajax=True)
2026-06-07 19:55:50 [DEBUG   ] forensic.forensic_api.windows (windows.py:287): /_forensic/windows POST: Fenster '6c9c384f-d503-449b-a512-06c973b9d079' (Rolle 'main') registriert
2026-06-07 19:55:50 [DEBUG   ] forensic.server.http_server (http_server.py:115): HTTP "POST /_forensic/windows HTTP/1.1" 200 -
2026-06-07 19:55:50 [DEBUG   ] forensic.server.router (router.py:104): Router: POST /_forensic/windows (ajax=True)
2026-06-07 19:55:50 [DEBUG   ] forensic.forensic_api.windows (windows.py:287): /_forensic/windows POST: Fenster 'b1de0a1f-3b7c-4ce1-81c7-a2324ccd5457' (Rolle 'main') registriert
2026-06-07 19:55:50 [DEBUG   ] forensic.server.http_server (http_server.py:115): HTTP "POST /_forensic/windows HTTP/1.1" 200 -
2026-06-07 19:56:01 [DEBUG   ] forensic (main.py:485): Watchdog: Heartbeat (Dump: 'logs/freeze_dump.txt')
2026-06-07 19:56:07 [DEBUG   ] forensic.server.router (router.py:104): Router: POST /_forensic/windows (ajax=True)
2026-06-07 19:56:07 [DEBUG   ] forensic.forensic_api.windows (windows.py:287): /_forensic/windows POST: Fenster 'e2abfb40-fb13-407a-94e9-c0dc3b791e63' (Rolle 'userinfo') registriert
2026-06-07 19:56:07 [DEBUG   ] forensic.server.http_server (http_server.py:115): HTTP "POST /_forensic/windows HTTP/1.1" 200 -
2026-06-07 19:56:07 [DEBUG   ] forensic.server.router (router.py:104): Router: POST /_forensic/windows (ajax=True)
2026-06-07 19:56:07 [DEBUG   ] forensic.forensic_api.windows (windows.py:287): /_forensic/windows POST: Fenster 'b486fd93-6ef4-4db2-bafa-20c63f515c97' (Rolle 'report') registriert
2026-06-07 19:56:07 [DEBUG   ] forensic.server.http_server (http_server.py:115): HTTP "POST /_forensic/windows HTTP/1.1" 200 -
2026-06-07 19:56:18 [DEBUG   ] forensic.server.router (router.py:104): Router: POST /_forensic/windows (ajax=True)
2026-06-07 19:56:18 [DEBUG   ] forensic.forensic_api.windows (windows.py:287): /_forensic/windows POST: Fenster '28647da4-1b6f-40de-8490-df54938e70d5' (Rolle 'userinfo') registriert
2026-06-07 19:56:18 [DEBUG   ] forensic.server.http_server (http_server.py:115): HTTP "POST /_forensic/windows HTTP/1.1" 200 -
2026-06-07 19:56:31 [DEBUG   ] forensic (main.py:485): Watchdog: Heartbeat (Dump: 'logs/freeze_dump.txt')
2026-06-07 19:56:37 [DEBUG   ] forensic.server.router (router.py:104): Router: POST /_forensic/windows (ajax=True)
2026-06-07 19:56:37 [DEBUG   ] forensic.forensic_api.windows (windows.py:287): /_forensic/windows POST: Fenster 'e2abfb40-fb13-407a-94e9-c0dc3b791e63' (Rolle 'userinfo') registriert
2026-06-07 19:56:37 [DEBUG   ] forensic.server.http_server (http_server.py:115): HTTP "POST /_forensic/windows HTTP/1.1" 200 -
2026-06-07 19:56:37 [DEBUG   ] forensic.server.router (router.py:104): Router: POST /_forensic/windows (ajax=True)
2026-06-07 19:56:37 [DEBUG   ] forensic.forensic_api.windows (windows.py:287): /_forensic/windows POST: Fenster 'b486fd93-6ef4-4db2-bafa-20c63f515c97' (Rolle 'report') registriert
2026-06-07 19:56:37 [DEBUG   ] forensic.server.http_server (http_server.py:115): HTTP "POST /_forensic/windows HTTP/1.1" 200 -
2026-06-07 19:56:48 [DEBUG   ] forensic.server.router (router.py:104): Router: POST /_forensic/windows (ajax=True)
2026-06-07 19:56:48 [DEBUG   ] forensic.forensic_api.windows (windows.py:287): /_forensic/windows POST: Fenster '28647da4-1b6f-40de-8490-df54938e70d5' (Rolle 'userinfo') registriert
2026-06-07 19:56:48 [DEBUG   ] forensic.server.http_server (http_server.py:115): HTTP "POST /_forensic/windows HTTP/1.1" 200 -
2026-06-07 19:56:50 [DEBUG   ] forensic.server.router (router.py:104): Router: POST /_forensic/windows (ajax=True)
2026-06-07 19:56:50 [DEBUG   ] forensic.forensic_api.windows (windows.py:287): /_forensic/windows POST: Fenster '6c9c384f-d503-449b-a512-06c973b9d079' (Rolle 'main') registriert
2026-06-07 19:56:50 [DEBUG   ] forensic.server.http_server (http_server.py:115): HTTP "POST /_forensic/windows HTTP/1.1" 200 -
2026-06-07 19:56:50 [DEBUG   ] forensic.server.router (router.py:104): Router: POST /_forensic/windows (ajax=True)
2026-06-07 19:56:50 [DEBUG   ] forensic.forensic_api.windows (windows.py:287): /_forensic/windows POST: Fenster 'b1de0a1f-3b7c-4ce1-81c7-a2324ccd5457' (Rolle 'main') registriert
2026-06-07 19:56:50 [DEBUG   ] forensic.server.http_server (http_server.py:115): HTTP "POST /_forensic/windows HTTP/1.1" 200 -
2026-06-07 19:57:01 [DEBUG   ] forensic (main.py:485): Watchdog: Heartbeat (Dump: 'logs/freeze_dump.txt')
2026-06-07 19:57:07 [DEBUG   ] forensic.server.router (router.py:104): Router: POST /_forensic/windows (ajax=True)
2026-06-07 19:57:07 [DEBUG   ] forensic.forensic_api.windows (windows.py:287): /_forensic/windows POST: Fenster 'e2abfb40-fb13-407a-94e9-c0dc3b791e63' (Rolle 'userinfo') registriert
2026-06-07 19:57:07 [DEBUG   ] forensic.server.http_server (http_server.py:115): HTTP "POST /_forensic/windows HTTP/1.1" 200 -
2026-06-07 19:57:07 [DEBUG   ] forensic.server.router (router.py:104): Router: POST /_forensic/windows (ajax=True)
2026-06-07 19:57:07 [DEBUG   ] forensic.forensic_api.windows (windows.py:287): /_forensic/windows POST: Fenster 'b486fd93-6ef4-4db2-bafa-20c63f515c97' (Rolle 'report') registriert
2026-06-07 19:57:07 [DEBUG   ] forensic.server.http_server (http_server.py:115): HTTP "POST /_forensic/windows HTTP/1.1" 200 -
2026-06-07 19:57:18 [DEBUG   ] forensic.server.router (router.py:104): Router: POST /_forensic/windows (ajax=True)
2026-06-07 19:57:18 [DEBUG   ] forensic.forensic_api.windows (windows.py:287): /_forensic/windows POST: Fenster '28647da4-1b6f-40de-8490-df54938e70d5' (Rolle 'userinfo') registriert
2026-06-07 19:57:18 [DEBUG   ] forensic.server.http_server (http_server.py:115): HTTP "POST /_forensic/windows HTTP/1.1" 200 -
2026-06-07 19:57:31 [DEBUG   ] forensic (main.py:485): Watchdog: Heartbeat (Dump: 'logs/freeze_dump.txt')
2026-06-07 19:57:37 [DEBUG   ] forensic.server.router (router.py:104): Router: POST /_forensic/windows (ajax=True)
2026-06-07 19:57:37 [DEBUG   ] forensic.forensic_api.windows (windows.py:287): /_forensic/windows POST: Fenster 'e2abfb40-fb13-407a-94e9-c0dc3b791e63' (Rolle 'userinfo') registriert
2026-06-07 19:57:37 [DEBUG   ] forensic.server.http_server (http_server.py:115): HTTP "POST /_forensic/windows HTTP/1.1" 200 -
2026-06-07 19:57:37 [DEBUG   ] forensic.server.router (router.py:104): Router: POST /_forensic/windows (ajax=True)
2026-06-07 19:57:37 [DEBUG   ] forensic.forensic_api.windows (windows.py:287): /_forensic/windows POST: Fenster 'b486fd93-6ef4-4db2-bafa-20c63f515c97' (Rolle 'report') registriert
2026-06-07 19:57:37 [DEBUG   ] forensic.server.http_server (http_server.py:115): HTTP "POST /_forensic/windows HTTP/1.1" 200 -
2026-06-07 19:57:48 [DEBUG   ] forensic.server.router (router.py:104): Router: POST /_forensic/windows (ajax=True)
2026-06-07 19:57:48 [DEBUG   ] forensic.forensic_api.windows (windows.py:287): /_forensic/windows POST: Fenster '28647da4-1b6f-40de-8490-df54938e70d5' (Rolle 'userinfo') registriert
2026-06-07 19:57:48 [DEBUG   ] forensic.server.http_server (http_server.py:115): HTTP "POST /_forensic/windows HTTP/1.1" 200 -
2026-06-07 19:57:50 [DEBUG   ] forensic.server.router (router.py:104): Router: POST /_forensic/windows (ajax=True)
2026-06-07 19:57:50 [DEBUG   ] forensic.forensic_api.windows (windows.py:287): /_forensic/windows POST: Fenster '6c9c384f-d503-449b-a512-06c973b9d079' (Rolle 'main') registriert
2026-06-07 19:57:50 [DEBUG   ] forensic.server.http_server (http_server.py:115): HTTP "POST /_forensic/windows HTTP/1.1" 200 -
2026-06-07 19:57:50 [DEBUG   ] forensic.server.router (router.py:104): Router: POST /_forensic/windows (ajax=True)
2026-06-07 19:57:50 [DEBUG   ] forensic.forensic_api.windows (windows.py:287): /_forensic/windows POST: Fenster 'b1de0a1f-3b7c-4ce1-81c7-a2324ccd5457' (Rolle 'main') registriert
2026-06-07 19:57:50 [DEBUG   ] forensic.server.http_server (http_server.py:115): HTTP "POST /_forensic/windows HTTP/1.1" 200 -
2026-06-07 19:58:01 [DEBUG   ] forensic (main.py:485): Watchdog: Heartbeat (Dump: 'logs/freeze_dump.txt')
2026-06-07 19:58:07 [DEBUG   ] forensic.server.router (router.py:104): Router: POST /_forensic/windows (ajax=True)
2026-06-07 19:58:07 [DEBUG   ] forensic.forensic_api.windows (windows.py:287): /_forensic/windows POST: Fenster 'e2abfb40-fb13-407a-94e9-c0dc3b791e63' (Rolle 'userinfo') registriert
2026-06-07 19:58:07 [DEBUG   ] forensic.server.http_server (http_server.py:115): HTTP "POST /_forensic/windows HTTP/1.1" 200 -
2026-06-07 19:58:07 [DEBUG   ] forensic.server.router (router.py:104): Router: POST /_forensic/windows (ajax=True)
2026-06-07 19:58:07 [DEBUG   ] forensic.forensic_api.windows (windows.py:287): /_forensic/windows POST: Fenster 'b486fd93-6ef4-4db2-bafa-20c63f515c97' (Rolle 'report') registriert
2026-06-07 19:58:07 [DEBUG   ] forensic.server.http_server (http_server.py:115): HTTP "POST /_forensic/windows HTTP/1.1" 200 -
2026-06-07 19:58:18 [DEBUG   ] forensic.server.router (router.py:104): Router: POST /_forensic/windows (ajax=True)
2026-06-07 19:58:18 [DEBUG   ] forensic.forensic_api.windows (windows.py:287): /_forensic/windows POST: Fenster '28647da4-1b6f-40de-8490-df54938e70d5' (Rolle 'userinfo') registriert
2026-06-07 19:58:18 [DEBUG   ] forensic.server.http_server (http_server.py:115): HTTP "POST /_forensic/windows HTTP/1.1" 200 -
2026-06-07 19:58:31 [DEBUG   ] forensic (main.py:485): Watchdog: Heartbeat (Dump: 'logs/freeze_dump.txt')
2026-06-07 19:58:37 [DEBUG   ] forensic.server.router (router.py:104): Router: POST /_forensic/windows (ajax=True)
2026-06-07 19:58:37 [DEBUG   ] forensic.forensic_api.windows (windows.py:287): /_forensic/windows POST: Fenster 'e2abfb40-fb13-407a-94e9-c0dc3b791e63' (Rolle 'userinfo') registriert
2026-06-07 19:58:37 [DEBUG   ] forensic.server.http_server (http_server.py:115): HTTP "POST /_forensic/windows HTTP/1.1" 200 -
2026-06-07 19:58:37 [DEBUG   ] forensic.server.router (router.py:104): Router: POST /_forensic/windows (ajax=True)
2026-06-07 19:58:37 [DEBUG   ] forensic.forensic_api.windows (windows.py:287): /_forensic/windows POST: Fenster 'b486fd93-6ef4-4db2-bafa-20c63f515c97' (Rolle 'report') registriert
2026-06-07 19:58:37 [DEBUG   ] forensic.server.http_server (http_server.py:115): HTTP "POST /_forensic/windows HTTP/1.1" 200 -
2026-06-07 19:58:48 [DEBUG   ] forensic.server.router (router.py:104): Router: POST /_forensic/windows (ajax=True)
2026-06-07 19:58:48 [DEBUG   ] forensic.forensic_api.windows (windows.py:287): /_forensic/windows POST: Fenster '28647da4-1b6f-40de-8490-df54938e70d5' (Rolle 'userinfo') registriert
2026-06-07 19:58:48 [DEBUG   ] forensic.server.http_server (http_server.py:115): HTTP "POST /_forensic/windows HTTP/1.1" 200 -
2026-06-07 19:58:50 [DEBUG   ] forensic.server.router (router.py:104): Router: POST /_forensic/windows (ajax=True)
2026-06-07 19:58:50 [DEBUG   ] forensic.forensic_api.windows (windows.py:287): /_forensic/windows POST: Fenster '6c9c384f-d503-449b-a512-06c973b9d079' (Rolle 'main') registriert
2026-06-07 19:58:50 [DEBUG   ] forensic.server.http_server (http_server.py:115): HTTP "POST /_forensic/windows HTTP/1.1" 200 -
2026-06-07 19:58:50 [DEBUG   ] forensic.server.router (router.py:104): Router: POST /_forensic/windows (ajax=True)
2026-06-07 19:58:50 [DEBUG   ] forensic.forensic_api.windows (windows.py:287): /_forensic/windows POST: Fenster 'b1de0a1f-3b7c-4ce1-81c7-a2324ccd5457' (Rolle 'main') registriert
2026-06-07 19:58:50 [DEBUG   ] forensic.server.http_server (http_server.py:115): HTTP "POST /_forensic/windows HTTP/1.1" 200 -
2026-06-07 19:59:01 [DEBUG   ] forensic (main.py:485): Watchdog: Heartbeat (Dump: 'logs/freeze_dump.txt')
2026-06-07 19:59:07 [DEBUG   ] forensic.server.router (router.py:104): Router: POST /_forensic/windows (ajax=True)
2026-06-07 19:59:07 [DEBUG   ] forensic.forensic_api.windows (windows.py:287): /_forensic/windows POST: Fenster 'e2abfb40-fb13-407a-94e9-c0dc3b791e63' (Rolle 'userinfo') registriert
2026-06-07 19:59:07 [DEBUG   ] forensic.server.http_server (http_server.py:115): HTTP "POST /_forensic/windows HTTP/1.1" 200 -
2026-06-07 19:59:07 [DEBUG   ] forensic.server.router (router.py:104): Router: POST /_forensic/windows (ajax=True)
2026-06-07 19:59:07 [DEBUG   ] forensic.forensic_api.windows (windows.py:287): /_forensic/windows POST: Fenster 'b486fd93-6ef4-4db2-bafa-20c63f515c97' (Rolle 'report') registriert
2026-06-07 19:59:07 [DEBUG   ] forensic.server.http_server (http_server.py:115): HTTP "POST /_forensic/windows HTTP/1.1" 200 -
2026-06-07 19:59:18 [DEBUG   ] forensic.server.router (router.py:104): Router: POST /_forensic/windows (ajax=True)
2026-06-07 19:59:18 [DEBUG   ] forensic.forensic_api.windows (windows.py:287): /_forensic/windows POST: Fenster '28647da4-1b6f-40de-8490-df54938e70d5' (Rolle 'userinfo') registriert
2026-06-07 19:59:18 [DEBUG   ] forensic.server.http_server (http_server.py:115): HTTP "POST /_forensic/windows HTTP/1.1" 200 -
2026-06-07 19:59:31 [DEBUG   ] forensic (main.py:485): Watchdog: Heartbeat (Dump: 'logs/freeze_dump.txt')
2026-06-07 19:59:37 [DEBUG   ] forensic.server.router (router.py:104): Router: POST /_forensic/windows (ajax=True)
2026-06-07 19:59:37 [DEBUG   ] forensic.forensic_api.windows (windows.py:287): /_forensic/windows POST: Fenster 'e2abfb40-fb13-407a-94e9-c0dc3b791e63' (Rolle 'userinfo') registriert
2026-06-07 19:59:37 [DEBUG   ] forensic.server.http_server (http_server.py:115): HTTP "POST /_forensic/windows HTTP/1.1" 200 -
2026-06-07 19:59:37 [DEBUG   ] forensic.server.router (router.py:104): Router: POST /_forensic/windows (ajax=True)
2026-06-07 19:59:37 [DEBUG   ] forensic.forensic_api.windows (windows.py:287): /_forensic/windows POST: Fenster 'b486fd93-6ef4-4db2-bafa-20c63f515c97' (Rolle 'report') registriert
2026-06-07 19:59:37 [DEBUG   ] forensic.server.http_server (http_server.py:115): HTTP "POST /_forensic/windows HTTP/1.1" 200 -
2026-06-07 19:59:48 [DEBUG   ] forensic.server.router (router.py:104): Router: POST /_forensic/windows (ajax=True)
2026-06-07 19:59:48 [DEBUG   ] forensic.forensic_api.windows (windows.py:287): /_forensic/windows POST: Fenster '28647da4-1b6f-40de-8490-df54938e70d5' (Rolle 'userinfo') registriert
2026-06-07 19:59:48 [DEBUG   ] forensic.server.http_server (http_server.py:115): HTTP "POST /_forensic/windows HTTP/1.1" 200 -
2026-06-07 19:59:50 [DEBUG   ] forensic.server.router (router.py:104): Router: POST /_forensic/windows (ajax=True)
2026-06-07 19:59:50 [DEBUG   ] forensic.forensic_api.windows (windows.py:287): /_forensic/windows POST: Fenster 'b1de0a1f-3b7c-4ce1-81c7-a2324ccd5457' (Rolle 'main') registriert
2026-06-07 19:59:50 [DEBUG   ] forensic.server.http_server (http_server.py:115): HTTP "POST /_forensic/windows HTTP/1.1" 200 -
2026-06-07 19:59:50 [DEBUG   ] forensic.server.router (router.py:104): Router: POST /_forensic/windows (ajax=True)
2026-06-07 19:59:50 [DEBUG   ] forensic.forensic_api.windows (windows.py:287): /_forensic/windows POST: Fenster '6c9c384f-d503-449b-a512-06c973b9d079' (Rolle 'main') registriert
2026-06-07 19:59:50 [DEBUG   ] forensic.server.http_server (http_server.py:115): HTTP "POST /_forensic/windows HTTP/1.1" 200 -
2026-06-07 20:00:01 [DEBUG   ] forensic (main.py:485): Watchdog: Heartbeat (Dump: 'logs/freeze_dump.txt')
2026-06-07 20:00:07 [DEBUG   ] forensic.server.router (router.py:104): Router: POST /_forensic/windows (ajax=True)
2026-06-07 20:00:07 [DEBUG   ] forensic.forensic_api.windows (windows.py:287): /_forensic/windows POST: Fenster 'e2abfb40-fb13-407a-94e9-c0dc3b791e63' (Rolle 'userinfo') registriert
2026-06-07 20:00:07 [DEBUG   ] forensic.server.http_server (http_server.py:115): HTTP "POST /_forensic/windows HTTP/1.1" 200 -
2026-06-07 20:00:07 [DEBUG   ] forensic.server.router (router.py:104): Router: POST /_forensic/windows (ajax=True)
2026-06-07 20:00:07 [DEBUG   ] forensic.forensic_api.windows (windows.py:287): /_forensic/windows POST: Fenster 'b486fd93-6ef4-4db2-bafa-20c63f515c97' (Rolle 'report') registriert
2026-06-07 20:00:07 [DEBUG   ] forensic.server.http_server (http_server.py:115): HTTP "POST /_forensic/windows HTTP/1.1" 200 -
2026-06-07 20:00:18 [DEBUG   ] forensic.server.router (router.py:104): Router: POST /_forensic/windows (ajax=True)
2026-06-07 20:00:18 [DEBUG   ] forensic.forensic_api.windows (windows.py:287): /_forensic/windows POST: Fenster '28647da4-1b6f-40de-8490-df54938e70d5' (Rolle 'userinfo') registriert
2026-06-07 20:00:18 [DEBUG   ] forensic.server.http_server (http_server.py:115): HTTP "POST /_forensic/windows HTTP/1.1" 200 -
2026-06-07 20:00:31 [DEBUG   ] forensic (main.py:485): Watchdog: Heartbeat (Dump: 'logs/freeze_dump.txt')
2026-06-07 20:00:37 [DEBUG   ] forensic.server.router (router.py:104): Router: POST /_forensic/windows (ajax=True)
2026-06-07 20:00:37 [DEBUG   ] forensic.forensic_api.windows (windows.py:287): /_forensic/windows POST: Fenster 'e2abfb40-fb13-407a-94e9-c0dc3b791e63' (Rolle 'userinfo') registriert
2026-06-07 20:00:37 [DEBUG   ] forensic.server.http_server (http_server.py:115): HTTP "POST /_forensic/windows HTTP/1.1" 200 -
2026-06-07 20:00:37 [DEBUG   ] forensic.server.router (router.py:104): Router: POST /_forensic/windows (ajax=True)
2026-06-07 20:00:37 [DEBUG   ] forensic.forensic_api.windows (windows.py:287): /_forensic/windows POST: Fenster 'b486fd93-6ef4-4db2-bafa-20c63f515c97' (Rolle 'report') registriert
2026-06-07 20:00:37 [DEBUG   ] forensic.server.http_server (http_server.py:115): HTTP "POST /_forensic/windows HTTP/1.1" 200 -
2026-06-07 20:00:48 [DEBUG   ] forensic.server.router (router.py:104): Router: POST /_forensic/windows (ajax=True)
2026-06-07 20:00:48 [DEBUG   ] forensic.forensic_api.windows (windows.py:287): /_forensic/windows POST: Fenster '28647da4-1b6f-40de-8490-df54938e70d5' (Rolle 'userinfo') registriert
2026-06-07 20:00:48 [DEBUG   ] forensic.server.http_server (http_server.py:115): HTTP "POST /_forensic/windows HTTP/1.1" 200 -
2026-06-07 20:00:50 [DEBUG   ] forensic.server.router (router.py:104): Router: POST /_forensic/windows (ajax=True)
2026-06-07 20:00:50 [DEBUG   ] forensic.forensic_api.windows (windows.py:287): /_forensic/windows POST: Fenster 'b1de0a1f-3b7c-4ce1-81c7-a2324ccd5457' (Rolle 'main') registriert
2026-06-07 20:00:50 [DEBUG   ] forensic.server.http_server (http_server.py:115): HTTP "POST /_forensic/windows HTTP/1.1" 200 -
2026-06-07 20:00:50 [DEBUG   ] forensic.server.router (router.py:104): Router: POST /_forensic/windows (ajax=True)
2026-06-07 20:00:50 [DEBUG   ] forensic.forensic_api.windows (windows.py:287): /_forensic/windows POST: Fenster '6c9c384f-d503-449b-a512-06c973b9d079' (Rolle 'main') registriert
2026-06-07 20:00:50 [DEBUG   ] forensic.server.http_server (http_server.py:115): HTTP "POST /_forensic/windows HTTP/1.1" 200 -
2026-06-07 20:01:01 [DEBUG   ] forensic (main.py:485): Watchdog: Heartbeat (Dump: 'logs/freeze_dump.txt')
2026-06-07 20:01:07 [DEBUG   ] forensic.server.router (router.py:104): Router: POST /_forensic/windows (ajax=True)
2026-06-07 20:01:07 [DEBUG   ] forensic.forensic_api.windows (windows.py:287): /_forensic/windows POST: Fenster 'e2abfb40-fb13-407a-94e9-c0dc3b791e63' (Rolle 'userinfo') registriert
2026-06-07 20:01:07 [DEBUG   ] forensic.server.http_server (http_server.py:115): HTTP "POST /_forensic/windows HTTP/1.1" 200 -
2026-06-07 20:01:07 [DEBUG   ] forensic.server.router (router.py:104): Router: POST /_forensic/windows (ajax=True)
2026-06-07 20:01:07 [DEBUG   ] forensic.forensic_api.windows (windows.py:287): /_forensic/windows POST: Fenster 'b486fd93-6ef4-4db2-bafa-20c63f515c97' (Rolle 'report') registriert
2026-06-07 20:01:07 [DEBUG   ] forensic.server.http_server (http_server.py:115): HTTP "POST /_forensic/windows HTTP/1.1" 200 -
2026-06-07 20:01:18 [DEBUG   ] forensic.server.router (router.py:104): Router: POST /_forensic/windows (ajax=True)
2026-06-07 20:01:18 [DEBUG   ] forensic.forensic_api.windows (windows.py:287): /_forensic/windows POST: Fenster '28647da4-1b6f-40de-8490-df54938e70d5' (Rolle 'userinfo') registriert
2026-06-07 20:01:18 [DEBUG   ] forensic.server.http_server (http_server.py:115): HTTP "POST /_forensic/windows HTTP/1.1" 200 -
2026-06-07 20:01:31 [DEBUG   ] forensic (main.py:485): Watchdog: Heartbeat (Dump: 'logs/freeze_dump.txt')
2026-06-07 20:01:37 [DEBUG   ] forensic.server.router (router.py:104): Router: POST /_forensic/windows (ajax=True)
2026-06-07 20:01:37 [DEBUG   ] forensic.forensic_api.windows (windows.py:287): /_forensic/windows POST: Fenster 'e2abfb40-fb13-407a-94e9-c0dc3b791e63' (Rolle 'userinfo') registriert
2026-06-07 20:01:37 [DEBUG   ] forensic.server.http_server (http_server.py:115): HTTP "POST /_forensic/windows HTTP/1.1" 200 -
2026-06-07 20:01:37 [DEBUG   ] forensic.server.router (router.py:104): Router: POST /_forensic/windows (ajax=True)
2026-06-07 20:01:37 [DEBUG   ] forensic.forensic_api.windows (windows.py:287): /_forensic/windows POST: Fenster 'b486fd93-6ef4-4db2-bafa-20c63f515c97' (Rolle 'report') registriert
2026-06-07 20:01:37 [DEBUG   ] forensic.server.http_server (http_server.py:115): HTTP "POST /_forensic/windows HTTP/1.1" 200 -
2026-06-07 20:01:48 [DEBUG   ] forensic.server.router (router.py:104): Router: POST /_forensic/windows (ajax=True)
2026-06-07 20:01:48 [DEBUG   ] forensic.forensic_api.windows (windows.py:287): /_forensic/windows POST: Fenster '28647da4-1b6f-40de-8490-df54938e70d5' (Rolle 'userinfo') registriert
2026-06-07 20:01:48 [DEBUG   ] forensic.server.http_server (http_server.py:115): HTTP "POST /_forensic/windows HTTP/1.1" 200 -
2026-06-07 20:01:50 [DEBUG   ] forensic.server.router (router.py:104): Router: POST /_forensic/windows (ajax=True)
2026-06-07 20:01:50 [DEBUG   ] forensic.forensic_api.windows (windows.py:287): /_forensic/windows POST: Fenster '6c9c384f-d503-449b-a512-06c973b9d079' (Rolle 'main') registriert
2026-06-07 20:01:50 [DEBUG   ] forensic.server.http_server (http_server.py:115): HTTP "POST /_forensic/windows HTTP/1.1" 200 -
2026-06-07 20:01:50 [DEBUG   ] forensic.server.router (router.py:104): Router: POST /_forensic/windows (ajax=True)
2026-06-07 20:01:50 [DEBUG   ] forensic.forensic_api.windows (windows.py:287): /_forensic/windows POST: Fenster 'b1de0a1f-3b7c-4ce1-81c7-a2324ccd5457' (Rolle 'main') registriert
2026-06-07 20:01:50 [DEBUG   ] forensic.server.http_server (http_server.py:115): HTTP "POST /_forensic/windows HTTP/1.1" 200 -
2026-06-07 20:02:01 [DEBUG   ] forensic (main.py:485): Watchdog: Heartbeat (Dump: 'logs/freeze_dump.txt')
2026-06-07 20:02:07 [DEBUG   ] forensic.server.router (router.py:104): Router: POST /_forensic/windows (ajax=True)
2026-06-07 20:02:07 [DEBUG   ] forensic.forensic_api.windows (windows.py:287): /_forensic/windows POST: Fenster 'e2abfb40-fb13-407a-94e9-c0dc3b791e63' (Rolle 'userinfo') registriert
2026-06-07 20:02:07 [DEBUG   ] forensic.server.http_server (http_server.py:115): HTTP "POST /_forensic/windows HTTP/1.1" 200 -
2026-06-07 20:02:07 [DEBUG   ] forensic.server.router (router.py:104): Router: POST /_forensic/windows (ajax=True)
2026-06-07 20:02:07 [DEBUG   ] forensic.forensic_api.windows (windows.py:287): /_forensic/windows POST: Fenster 'b486fd93-6ef4-4db2-bafa-20c63f515c97' (Rolle 'report') registriert
2026-06-07 20:02:07 [DEBUG   ] forensic.server.http_server (http_server.py:115): HTTP "POST /_forensic/windows HTTP/1.1" 200 -
2026-06-07 20:02:18 [DEBUG   ] forensic.server.router (router.py:104): Router: POST /_forensic/windows (ajax=True)
2026-06-07 20:02:18 [DEBUG   ] forensic.forensic_api.windows (windows.py:287): /_forensic/windows POST: Fenster '28647da4-1b6f-40de-8490-df54938e70d5' (Rolle 'userinfo') registriert
2026-06-07 20:02:18 [DEBUG   ] forensic.server.http_server (http_server.py:115): HTTP "POST /_forensic/windows HTTP/1.1" 200 -
2026-06-07 20:02:31 [DEBUG   ] forensic (main.py:485): Watchdog: Heartbeat (Dump: 'logs/freeze_dump.txt')
2026-06-07 20:02:37 [DEBUG   ] forensic.server.router (router.py:104): Router: POST /_forensic/windows (ajax=True)
2026-06-07 20:02:37 [DEBUG   ] forensic.forensic_api.windows (windows.py:287): /_forensic/windows POST: Fenster 'e2abfb40-fb13-407a-94e9-c0dc3b791e63' (Rolle 'userinfo') registriert
2026-06-07 20:02:37 [DEBUG   ] forensic.server.http_server (http_server.py:115): HTTP "POST /_forensic/windows HTTP/1.1" 200 -
2026-06-07 20:02:37 [DEBUG   ] forensic.server.router (router.py:104): Router: POST /_forensic/windows (ajax=True)
2026-06-07 20:02:37 [DEBUG   ] forensic.forensic_api.windows (windows.py:287): /_forensic/windows POST: Fenster 'b486fd93-6ef4-4db2-bafa-20c63f515c97' (Rolle 'report') registriert
2026-06-07 20:02:37 [DEBUG   ] forensic.server.http_server (http_server.py:115): HTTP "POST /_forensic/windows HTTP/1.1" 200 -
2026-06-07 20:02:48 [DEBUG   ] forensic.server.router (router.py:104): Router: POST /_forensic/windows (ajax=True)
2026-06-07 20:02:48 [DEBUG   ] forensic.forensic_api.windows (windows.py:287): /_forensic/windows POST: Fenster '28647da4-1b6f-40de-8490-df54938e70d5' (Rolle 'userinfo') registriert
2026-06-07 20:02:48 [DEBUG   ] forensic.server.http_server (http_server.py:115): HTTP "POST /_forensic/windows HTTP/1.1" 200 -
2026-06-07 20:02:50 [DEBUG   ] forensic.server.router (router.py:104): Router: POST /_forensic/windows (ajax=True)
2026-06-07 20:02:50 [DEBUG   ] forensic.forensic_api.windows (windows.py:287): /_forensic/windows POST: Fenster '6c9c384f-d503-449b-a512-06c973b9d079' (Rolle 'main') registriert
2026-06-07 20:02:50 [DEBUG   ] forensic.server.http_server (http_server.py:115): HTTP "POST /_forensic/windows HTTP/1.1" 200 -
2026-06-07 20:02:50 [DEBUG   ] forensic.server.router (router.py:104): Router: POST /_forensic/windows (ajax=True)
2026-06-07 20:02:50 [DEBUG   ] forensic.forensic_api.windows (windows.py:287): /_forensic/windows POST: Fenster 'b1de0a1f-3b7c-4ce1-81c7-a2324ccd5457' (Rolle 'main') registriert
2026-06-07 20:02:50 [DEBUG   ] forensic.server.http_server (http_server.py:115): HTTP "POST /_forensic/windows HTTP/1.1" 200 -
2026-06-07 20:03:01 [DEBUG   ] forensic (main.py:485): Watchdog: Heartbeat (Dump: 'logs/freeze_dump.txt')
2026-06-07 20:03:07 [DEBUG   ] forensic.server.router (router.py:104): Router: POST /_forensic/windows (ajax=True)
2026-06-07 20:03:07 [DEBUG   ] forensic.forensic_api.windows (windows.py:287): /_forensic/windows POST: Fenster 'e2abfb40-fb13-407a-94e9-c0dc3b791e63' (Rolle 'userinfo') registriert
2026-06-07 20:03:07 [DEBUG   ] forensic.server.http_server (http_server.py:115): HTTP "POST /_forensic/windows HTTP/1.1" 200 -
2026-06-07 20:03:07 [DEBUG   ] forensic.server.router (router.py:104): Router: POST /_forensic/windows (ajax=True)
2026-06-07 20:03:07 [DEBUG   ] forensic.forensic_api.windows (windows.py:287): /_forensic/windows POST: Fenster 'b486fd93-6ef4-4db2-bafa-20c63f515c97' (Rolle 'report') registriert
2026-06-07 20:03:07 [DEBUG   ] forensic.server.http_server (http_server.py:115): HTTP "POST /_forensic/windows HTTP/1.1" 200 -
2026-06-07 20:03:18 [DEBUG   ] forensic.server.router (router.py:104): Router: POST /_forensic/windows (ajax=True)
2026-06-07 20:03:18 [DEBUG   ] forensic.forensic_api.windows (windows.py:287): /_forensic/windows POST: Fenster '28647da4-1b6f-40de-8490-df54938e70d5' (Rolle 'userinfo') registriert
2026-06-07 20:03:18 [DEBUG   ] forensic.server.http_server (http_server.py:115): HTTP "POST /_forensic/windows HTTP/1.1" 200 -
2026-06-07 20:03:31 [DEBUG   ] forensic (main.py:485): Watchdog: Heartbeat (Dump: 'logs/freeze_dump.txt')
2026-06-07 20:03:37 [DEBUG   ] forensic.server.router (router.py:104): Router: POST /_forensic/windows (ajax=True)
2026-06-07 20:03:37 [DEBUG   ] forensic.forensic_api.windows (windows.py:287): /_forensic/windows POST: Fenster 'e2abfb40-fb13-407a-94e9-c0dc3b791e63' (Rolle 'userinfo') registriert
2026-06-07 20:03:37 [DEBUG   ] forensic.server.http_server (http_server.py:115): HTTP "POST /_forensic/windows HTTP/1.1" 200 -
2026-06-07 20:03:37 [DEBUG   ] forensic.server.router (router.py:104): Router: POST /_forensic/windows (ajax=True)
2026-06-07 20:03:37 [DEBUG   ] forensic.forensic_api.windows (windows.py:287): /_forensic/windows POST: Fenster 'b486fd93-6ef4-4db2-bafa-20c63f515c97' (Rolle 'report') registriert
2026-06-07 20:03:37 [DEBUG   ] forensic.server.http_server (http_server.py:115): HTTP "POST /_forensic/windows HTTP/1.1" 200 -
2026-06-07 20:03:48 [DEBUG   ] forensic.server.router (router.py:104): Router: POST /_forensic/windows (ajax=True)
2026-06-07 20:03:48 [DEBUG   ] forensic.forensic_api.windows (windows.py:287): /_forensic/windows POST: Fenster '28647da4-1b6f-40de-8490-df54938e70d5' (Rolle 'userinfo') registriert
2026-06-07 20:03:48 [DEBUG   ] forensic.server.http_server (http_server.py:115): HTTP "POST /_forensic/windows HTTP/1.1" 200 -
2026-06-07 20:03:50 [DEBUG   ] forensic.server.router (router.py:104): Router: POST /_forensic/windows (ajax=True)
2026-06-07 20:03:50 [DEBUG   ] forensic.forensic_api.windows (windows.py:287): /_forensic/windows POST: Fenster '6c9c384f-d503-449b-a512-06c973b9d079' (Rolle 'main') registriert
2026-06-07 20:03:50 [DEBUG   ] forensic.server.http_server (http_server.py:115): HTTP "POST /_forensic/windows HTTP/1.1" 200 -
2026-06-07 20:03:50 [DEBUG   ] forensic.server.router (router.py:104): Router: POST /_forensic/windows (ajax=True)
2026-06-07 20:03:50 [DEBUG   ] forensic.forensic_api.windows (windows.py:287): /_forensic/windows POST: Fenster 'b1de0a1f-3b7c-4ce1-81c7-a2324ccd5457' (Rolle 'main') registriert
2026-06-07 20:03:50 [DEBUG   ] forensic.server.http_server (http_server.py:115): HTTP "POST /_forensic/windows HTTP/1.1" 200 -
2026-06-07 20:04:01 [DEBUG   ] forensic (main.py:485): Watchdog: Heartbeat (Dump: 'logs/freeze_dump.txt')
2026-06-07 20:04:07 [DEBUG   ] forensic.server.router (router.py:104): Router: POST /_forensic/windows (ajax=True)
2026-06-07 20:04:07 [DEBUG   ] forensic.forensic_api.windows (windows.py:287): /_forensic/windows POST: Fenster 'e2abfb40-fb13-407a-94e9-c0dc3b791e63' (Rolle 'userinfo') registriert
2026-06-07 20:04:07 [DEBUG   ] forensic.server.http_server (http_server.py:115): HTTP "POST /_forensic/windows HTTP/1.1" 200 -
2026-06-07 20:04:07 [DEBUG   ] forensic.server.router (router.py:104): Router: POST /_forensic/windows (ajax=True)
2026-06-07 20:04:07 [DEBUG   ] forensic.forensic_api.windows (windows.py:287): /_forensic/windows POST: Fenster 'b486fd93-6ef4-4db2-bafa-20c63f515c97' (Rolle 'report') registriert
2026-06-07 20:04:07 [DEBUG   ] forensic.server.http_server (http_server.py:115): HTTP "POST /_forensic/windows HTTP/1.1" 200 -
2026-06-07 20:04:18 [DEBUG   ] forensic.server.router (router.py:104): Router: POST /_forensic/windows (ajax=True)
2026-06-07 20:04:18 [DEBUG   ] forensic.forensic_api.windows (windows.py:287): /_forensic/windows POST: Fenster '28647da4-1b6f-40de-8490-df54938e70d5' (Rolle 'userinfo') registriert
2026-06-07 20:04:18 [DEBUG   ] forensic.server.http_server (http_server.py:115): HTTP "POST /_forensic/windows HTTP/1.1" 200 -
2026-06-07 20:04:31 [DEBUG   ] forensic (main.py:485): Watchdog: Heartbeat (Dump: 'logs/freeze_dump.txt')
2026-06-07 20:04:37 [DEBUG   ] forensic.server.router (router.py:104): Router: POST /_forensic/windows (ajax=True)
2026-06-07 20:04:37 [DEBUG   ] forensic.forensic_api.windows (windows.py:287): /_forensic/windows POST: Fenster 'e2abfb40-fb13-407a-94e9-c0dc3b791e63' (Rolle 'userinfo') registriert
2026-06-07 20:04:37 [DEBUG   ] forensic.server.http_server (http_server.py:115): HTTP "POST /_forensic/windows HTTP/1.1" 200 -
2026-06-07 20:04:37 [DEBUG   ] forensic.server.router (router.py:104): Router: POST /_forensic/windows (ajax=True)
2026-06-07 20:04:37 [DEBUG   ] forensic.forensic_api.windows (windows.py:287): /_forensic/windows POST: Fenster 'b486fd93-6ef4-4db2-bafa-20c63f515c97' (Rolle 'report') registriert
2026-06-07 20:04:37 [DEBUG   ] forensic.server.http_server (http_server.py:115): HTTP "POST /_forensic/windows HTTP/1.1" 200 -
2026-06-07 20:04:48 [DEBUG   ] forensic.server.router (router.py:104): Router: POST /_forensic/windows (ajax=True)
2026-06-07 20:04:48 [DEBUG   ] forensic.forensic_api.windows (windows.py:287): /_forensic/windows POST: Fenster '28647da4-1b6f-40de-8490-df54938e70d5' (Rolle 'userinfo') registriert
2026-06-07 20:04:48 [DEBUG   ] forensic.server.http_server (http_server.py:115): HTTP "POST /_forensic/windows HTTP/1.1" 200 -
2026-06-07 20:04:49 [DEBUG   ] forensic.server.router (router.py:104): Router: GET /_forensic/placeholders/values (ajax=True)
2026-06-07 20:04:49 [DEBUG   ] forensic.server.http_server (http_server.py:115): HTTP "GET /_forensic/placeholders/values?report_id=1 HTTP/1.1" 200 -
2026-06-07 20:04:50 [DEBUG   ] forensic.server.router (router.py:104): Router: POST /_forensic/windows (ajax=True)
2026-06-07 20:04:50 [DEBUG   ] forensic.forensic_api.windows (windows.py:287): /_forensic/windows POST: Fenster '6c9c384f-d503-449b-a512-06c973b9d079' (Rolle 'main') registriert
2026-06-07 20:04:50 [DEBUG   ] forensic.server.http_server (http_server.py:115): HTTP "POST /_forensic/windows HTTP/1.1" 200 -
2026-06-07 20:04:50 [DEBUG   ] forensic.server.router (router.py:104): Router: POST /_forensic/windows (ajax=True)
2026-06-07 20:04:50 [DEBUG   ] forensic.forensic_api.windows (windows.py:287): /_forensic/windows POST: Fenster 'b1de0a1f-3b7c-4ce1-81c7-a2324ccd5457' (Rolle 'main') registriert
2026-06-07 20:04:50 [DEBUG   ] forensic.server.http_server (http_server.py:115): HTTP "POST /_forensic/windows HTTP/1.1" 200 -
2026-06-07 20:05:01 [DEBUG   ] forensic (main.py:485): Watchdog: Heartbeat (Dump: 'logs/freeze_dump.txt')
2026-06-07 20:05:07 [DEBUG   ] forensic.server.router (router.py:104): Router: POST /_forensic/windows (ajax=True)
2026-06-07 20:05:07 [DEBUG   ] forensic.forensic_api.windows (windows.py:287): /_forensic/windows POST: Fenster 'e2abfb40-fb13-407a-94e9-c0dc3b791e63' (Rolle 'userinfo') registriert
2026-06-07 20:05:07 [DEBUG   ] forensic.server.http_server (http_server.py:115): HTTP "POST /_forensic/windows HTTP/1.1" 200 -
2026-06-07 20:05:07 [DEBUG   ] forensic.server.router (router.py:104): Router: POST /_forensic/windows (ajax=True)
2026-06-07 20:05:07 [DEBUG   ] forensic.forensic_api.windows (windows.py:287): /_forensic/windows POST: Fenster 'b486fd93-6ef4-4db2-bafa-20c63f515c97' (Rolle 'report') registriert
2026-06-07 20:05:07 [DEBUG   ] forensic.server.http_server (http_server.py:115): HTTP "POST /_forensic/windows HTTP/1.1" 200 -
2026-06-07 20:05:18 [DEBUG   ] forensic.server.router (router.py:104): Router: POST /_forensic/windows (ajax=True)
2026-06-07 20:05:18 [DEBUG   ] forensic.forensic_api.windows (windows.py:287): /_forensic/windows POST: Fenster '28647da4-1b6f-40de-8490-df54938e70d5' (Rolle 'userinfo') registriert
2026-06-07 20:05:18 [DEBUG   ] forensic.server.http_server (http_server.py:115): HTTP "POST /_forensic/windows HTTP/1.1" 200 -
2026-06-07 20:05:19 [DEBUG   ] forensic.server.router (router.py:104): Router: POST /_forensic/report (ajax=False)
2026-06-07 20:05:19 [DEBUG   ] forensic.server.http_server (http_server.py:115): HTTP "POST /_forensic/report HTTP/1.1" 201 -
2026-06-07 20:05:19 [INFO    ] forensic.forensic_api.report (report.py:803): save_block: block_id=oCHCBvopA_ report_id=1 type=paragraph von 'paul'
2026-06-07 20:05:19 [DEBUG   ] forensic.server.router (router.py:104): Router: POST /_forensic/report (ajax=False)
2026-06-07 20:05:19 [DEBUG   ] forensic.server.http_server (http_server.py:115): HTTP "POST /_forensic/report HTTP/1.1" 201 -
2026-06-07 20:05:19 [INFO    ] forensic.forensic_api.report (report.py:803): save_block: block_id=PSnO2XY66E report_id=1 type=evidence von 'paul'
2026-06-07 20:05:19 [DEBUG   ] forensic.server.router (router.py:104): Router: POST /_forensic/report (ajax=False)
2026-06-07 20:05:19 [DEBUG   ] forensic.server.http_server (http_server.py:115): HTTP "POST /_forensic/report HTTP/1.1" 201 -
2026-06-07 20:05:19 [INFO    ] forensic.forensic_api.report (report.py:803): save_block: block_id=ijjBIozKWn report_id=1 type=paragraph von 'paul'
2026-06-07 20:05:19 [DEBUG   ] forensic.server.router (router.py:104): Router: POST /_forensic/report (ajax=False)
2026-06-07 20:05:19 [DEBUG   ] forensic.server.http_server (http_server.py:115): HTTP "POST /_forensic/report HTTP/1.1" 200 -
2026-06-07 20:05:19 [DEBUG   ] forensic.server.router (router.py:104): Router: GET /_forensic/report (ajax=True)
2026-06-07 20:05:19 [DEBUG   ] forensic.server.http_server (http_server.py:115): HTTP "GET /_forensic/report?format=json&report_id=1 HTTP/1.1" 200 -
2026-06-07 20:05:19 [DEBUG   ] forensic.server.router (router.py:104): Router: GET /_forensic/placeholders/values (ajax=True)
2026-06-07 20:05:19 [DEBUG   ] forensic.server.http_server (http_server.py:115): HTTP "GET /_forensic/placeholders/values?report_id=1 HTTP/1.1" 200 -
2026-06-07 20:05:31 [DEBUG   ] forensic (main.py:485): Watchdog: Heartbeat (Dump: 'logs/freeze_dump.txt')
2026-06-07 20:05:37 [DEBUG   ] forensic.server.router (router.py:104): Router: POST /_forensic/windows (ajax=True)
2026-06-07 20:05:37 [DEBUG   ] forensic.forensic_api.windows (windows.py:287): /_forensic/windows POST: Fenster 'e2abfb40-fb13-407a-94e9-c0dc3b791e63' (Rolle 'userinfo') registriert
2026-06-07 20:05:37 [DEBUG   ] forensic.server.http_server (http_server.py:115): HTTP "POST /_forensic/windows HTTP/1.1" 200 -
2026-06-07 20:05:37 [DEBUG   ] forensic.server.router (router.py:104): Router: POST /_forensic/windows (ajax=True)
2026-06-07 20:05:37 [DEBUG   ] forensic.forensic_api.windows (windows.py:287): /_forensic/windows POST: Fenster 'b486fd93-6ef4-4db2-bafa-20c63f515c97' (Rolle 'report') registriert
2026-06-07 20:05:37 [DEBUG   ] forensic.server.http_server (http_server.py:115): HTTP "POST /_forensic/windows HTTP/1.1" 200 -
2026-06-07 20:05:48 [DEBUG   ] forensic.server.router (router.py:104): Router: POST /_forensic/windows (ajax=True)
2026-06-07 20:05:48 [DEBUG   ] forensic.forensic_api.windows (windows.py:287): /_forensic/windows POST: Fenster '28647da4-1b6f-40de-8490-df54938e70d5' (Rolle 'userinfo') registriert
2026-06-07 20:05:48 [DEBUG   ] forensic.server.http_server (http_server.py:115): HTTP "POST /_forensic/windows HTTP/1.1" 200 -
2026-06-07 20:05:50 [DEBUG   ] forensic.server.router (router.py:104): Router: POST /_forensic/windows (ajax=True)
2026-06-07 20:05:50 [DEBUG   ] forensic.forensic_api.windows (windows.py:287): /_forensic/windows POST: Fenster '6c9c384f-d503-449b-a512-06c973b9d079' (Rolle 'main') registriert
2026-06-07 20:05:50 [DEBUG   ] forensic.server.http_server (http_server.py:115): HTTP "POST /_forensic/windows HTTP/1.1" 200 -
2026-06-07 20:05:50 [DEBUG   ] forensic.server.router (router.py:104): Router: POST /_forensic/windows (ajax=True)
2026-06-07 20:05:50 [DEBUG   ] forensic.forensic_api.windows (windows.py:287): /_forensic/windows POST: Fenster 'b1de0a1f-3b7c-4ce1-81c7-a2324ccd5457' (Rolle 'main') registriert
2026-06-07 20:05:50 [DEBUG   ] forensic.server.http_server (http_server.py:115): HTTP "POST /_forensic/windows HTTP/1.1" 200 -
2026-06-07 20:06:01 [DEBUG   ] forensic (main.py:485): Watchdog: Heartbeat (Dump: 'logs/freeze_dump.txt')
2026-06-07 20:06:07 [DEBUG   ] forensic.server.router (router.py:104): Router: POST /_forensic/windows (ajax=True)
2026-06-07 20:06:07 [DEBUG   ] forensic.forensic_api.windows (windows.py:287): /_forensic/windows POST: Fenster 'e2abfb40-fb13-407a-94e9-c0dc3b791e63' (Rolle 'userinfo') registriert
2026-06-07 20:06:07 [DEBUG   ] forensic.server.http_server (http_server.py:115): HTTP "POST /_forensic/windows HTTP/1.1" 200 -
2026-06-07 20:06:07 [DEBUG   ] forensic.server.router (router.py:104): Router: POST /_forensic/windows (ajax=True)
2026-06-07 20:06:07 [DEBUG   ] forensic.forensic_api.windows (windows.py:287): /_forensic/windows POST: Fenster 'b486fd93-6ef4-4db2-bafa-20c63f515c97' (Rolle 'report') registriert
2026-06-07 20:06:07 [DEBUG   ] forensic.server.http_server (http_server.py:115): HTTP "POST /_forensic/windows HTTP/1.1" 200 -
2026-06-07 20:06:18 [DEBUG   ] forensic.server.router (router.py:104): Router: POST /_forensic/windows (ajax=True)
2026-06-07 20:06:18 [DEBUG   ] forensic.forensic_api.windows (windows.py:287): /_forensic/windows POST: Fenster '28647da4-1b6f-40de-8490-df54938e70d5' (Rolle 'userinfo') registriert
2026-06-07 20:06:18 [DEBUG   ] forensic.server.http_server (http_server.py:115): HTTP "POST /_forensic/windows HTTP/1.1" 200 -
2026-06-07 20:06:31 [DEBUG   ] forensic (main.py:485): Watchdog: Heartbeat (Dump: 'logs/freeze_dump.txt')
2026-06-07 20:06:37 [DEBUG   ] forensic.server.router (router.py:104): Router: POST /_forensic/windows (ajax=True)
2026-06-07 20:06:37 [DEBUG   ] forensic.forensic_api.windows (windows.py:287): /_forensic/windows POST: Fenster 'e2abfb40-fb13-407a-94e9-c0dc3b791e63' (Rolle 'userinfo') registriert
2026-06-07 20:06:37 [DEBUG   ] forensic.server.http_server (http_server.py:115): HTTP "POST /_forensic/windows HTTP/1.1" 200 -
2026-06-07 20:06:37 [DEBUG   ] forensic.server.router (router.py:104): Router: POST /_forensic/windows (ajax=True)
2026-06-07 20:06:37 [DEBUG   ] forensic.forensic_api.windows (windows.py:287): /_forensic/windows POST: Fenster 'b486fd93-6ef4-4db2-bafa-20c63f515c97' (Rolle 'report') registriert
2026-06-07 20:06:37 [DEBUG   ] forensic.server.http_server (http_server.py:115): HTTP "POST /_forensic/windows HTTP/1.1" 200 -
2026-06-07 20:06:40 [DEBUG   ] forensic.server.router (router.py:104): Router: GET /_forensic/templates (ajax=True)
2026-06-07 20:06:40 [DEBUG   ] forensic.server.http_server (http_server.py:115): HTTP "GET /_forensic/templates HTTP/1.1" 200 -
2026-06-07 20:06:42 [DEBUG   ] forensic.server.router (router.py:104): Router: GET /_forensic/placeholders/values (ajax=True)
2026-06-07 20:06:42 [DEBUG   ] forensic.server.http_server (http_server.py:115): HTTP "GET /_forensic/placeholders/values?report_id=1 HTTP/1.1" 200 -
2026-06-07 20:06:43 [DEBUG   ] forensic.server.router (router.py:104): Router: GET /_forensic/templates/3 (ajax=True)
2026-06-07 20:06:43 [DEBUG   ] forensic.server.http_server (http_server.py:115): HTTP "GET /_forensic/templates/3 HTTP/1.1" 200 -
2026-06-07 20:06:44 [DEBUG   ] forensic.server.router (router.py:104): Router: GET /_forensic/placeholders/values (ajax=True)
2026-06-07 20:06:44 [DEBUG   ] forensic.server.http_server (http_server.py:115): HTTP "GET /_forensic/placeholders/values?report_id=1 HTTP/1.1" 200 -
2026-06-07 20:06:47 [DEBUG   ] forensic.server.router (router.py:104): Router: GET /_forensic/placeholders/values (ajax=True)
2026-06-07 20:06:47 [DEBUG   ] forensic.server.http_server (http_server.py:115): HTTP "GET /_forensic/placeholders/values?report_id=1 HTTP/1.1" 200 -
2026-06-07 20:06:48 [DEBUG   ] forensic.server.router (router.py:104): Router: POST /_forensic/windows (ajax=True)
2026-06-07 20:06:48 [DEBUG   ] forensic.forensic_api.windows (windows.py:287): /_forensic/windows POST: Fenster '28647da4-1b6f-40de-8490-df54938e70d5' (Rolle 'userinfo') registriert
2026-06-07 20:06:48 [DEBUG   ] forensic.server.http_server (http_server.py:115): HTTP "POST /_forensic/windows HTTP/1.1" 200 -
2026-06-07 20:06:50 [DEBUG   ] forensic.server.router (router.py:104): Router: POST /_forensic/windows (ajax=True)
2026-06-07 20:06:50 [DEBUG   ] forensic.forensic_api.windows (windows.py:287): /_forensic/windows POST: Fenster 'b1de0a1f-3b7c-4ce1-81c7-a2324ccd5457' (Rolle 'main') registriert
2026-06-07 20:06:50 [DEBUG   ] forensic.server.http_server (http_server.py:115): HTTP "POST /_forensic/windows HTTP/1.1" 200 -
2026-06-07 20:06:50 [DEBUG   ] forensic.server.router (router.py:104): Router: POST /_forensic/windows (ajax=True)
2026-06-07 20:06:50 [DEBUG   ] forensic.forensic_api.windows (windows.py:287): /_forensic/windows POST: Fenster '6c9c384f-d503-449b-a512-06c973b9d079' (Rolle 'main') registriert
2026-06-07 20:06:50 [DEBUG   ] forensic.server.http_server (http_server.py:115): HTTP "POST /_forensic/windows HTTP/1.1" 200 -
2026-06-07 20:06:54 [DEBUG   ] forensic.server.router (router.py:104): Router: POST /_forensic/report (ajax=False)
2026-06-07 20:06:54 [DEBUG   ] forensic.server.http_server (http_server.py:115): HTTP "POST /_forensic/report HTTP/1.1" 201 -
2026-06-07 20:06:54 [INFO    ] forensic.forensic_api.report (report.py:803): save_block: block_id=O47wiTFR_l report_id=1 type=paragraph von 'paul'
2026-06-07 20:06:55 [DEBUG   ] forensic.server.router (router.py:104): Router: POST /_forensic/report (ajax=False)
2026-06-07 20:06:55 [DEBUG   ] forensic.server.http_server (http_server.py:115): HTTP "POST /_forensic/report HTTP/1.1" 201 -
2026-06-07 20:06:55 [INFO    ] forensic.forensic_api.report (report.py:803): save_block: block_id=O47wiTFR_l report_id=1 type=paragraph von 'paul'
2026-06-07 20:07:01 [DEBUG   ] forensic.server.router (router.py:104): Router: POST /_forensic/report (ajax=False)
2026-06-07 20:07:01 [DEBUG   ] forensic.server.http_server (http_server.py:115): HTTP "POST /_forensic/report HTTP/1.1" 201 -
2026-06-07 20:07:01 [INFO    ] forensic.forensic_api.report (report.py:803): save_block: block_id=O47wiTFR_l report_id=1 type=paragraph von 'paul'
2026-06-07 20:07:01 [DEBUG   ] forensic (main.py:485): Watchdog: Heartbeat (Dump: 'logs/freeze_dump.txt')
2026-06-07 20:07:07 [DEBUG   ] forensic.server.router (router.py:104): Router: POST /_forensic/windows (ajax=True)
2026-06-07 20:07:07 [DEBUG   ] forensic.forensic_api.windows (windows.py:287): /_forensic/windows POST: Fenster 'e2abfb40-fb13-407a-94e9-c0dc3b791e63' (Rolle 'userinfo') registriert
2026-06-07 20:07:07 [DEBUG   ] forensic.server.http_server (http_server.py:115): HTTP "POST /_forensic/windows HTTP/1.1" 200 -
2026-06-07 20:07:07 [DEBUG   ] forensic.server.router (router.py:104): Router: POST /_forensic/windows (ajax=True)
2026-06-07 20:07:07 [DEBUG   ] forensic.forensic_api.windows (windows.py:287): /_forensic/windows POST: Fenster 'b486fd93-6ef4-4db2-bafa-20c63f515c97' (Rolle 'report') registriert
2026-06-07 20:07:07 [DEBUG   ] forensic.server.http_server (http_server.py:115): HTTP "POST /_forensic/windows HTTP/1.1" 200 -
2026-06-07 20:07:18 [DEBUG   ] forensic.server.router (router.py:104): Router: POST /_forensic/windows (ajax=True)
2026-06-07 20:07:18 [DEBUG   ] forensic.forensic_api.windows (windows.py:287): /_forensic/windows POST: Fenster '28647da4-1b6f-40de-8490-df54938e70d5' (Rolle 'userinfo') registriert
2026-06-07 20:07:18 [DEBUG   ] forensic.server.http_server (http_server.py:115): HTTP "POST /_forensic/windows HTTP/1.1" 200 -
2026-06-07 20:07:22 [DEBUG   ] forensic.server.router (router.py:104): Router: GET /_forensic/placeholders/values (ajax=True)
2026-06-07 20:07:22 [DEBUG   ] forensic.server.http_server (http_server.py:115): HTTP "GET /_forensic/placeholders/values?report_id=1 HTTP/1.1" 200 -
2026-06-07 20:07:27 [DEBUG   ] forensic.server.router (router.py:104): Router: GET /_forensic/placeholders/values (ajax=True)
2026-06-07 20:07:27 [DEBUG   ] forensic.server.http_server (http_server.py:115): HTTP "GET /_forensic/placeholders/values?report_id=1 HTTP/1.1" 200 -
2026-06-07 20:07:28 [DEBUG   ] forensic.server.router (router.py:104): Router: GET /_forensic/placeholders/values (ajax=True)
2026-06-07 20:07:28 [DEBUG   ] forensic.server.http_server (http_server.py:115): HTTP "GET /_forensic/placeholders/values?report_id=1 HTTP/1.1" 200 -
2026-06-07 20:07:31 [DEBUG   ] forensic (main.py:485): Watchdog: Heartbeat (Dump: 'logs/freeze_dump.txt')
2026-06-07 20:07:36 [DEBUG   ] forensic.server.router (router.py:104): Router: GET /_forensic/placeholders/values (ajax=True)
2026-06-07 20:07:36 [DEBUG   ] forensic.server.http_server (http_server.py:115): HTTP "GET /_forensic/placeholders/values?report_id=1 HTTP/1.1" 200 -
2026-06-07 20:07:37 [DEBUG   ] forensic.server.router (router.py:104): Router: POST /_forensic/windows (ajax=True)
2026-06-07 20:07:37 [DEBUG   ] forensic.forensic_api.windows (windows.py:287): /_forensic/windows POST: Fenster 'e2abfb40-fb13-407a-94e9-c0dc3b791e63' (Rolle 'userinfo') registriert
2026-06-07 20:07:37 [DEBUG   ] forensic.server.http_server (http_server.py:115): HTTP "POST /_forensic/windows HTTP/1.1" 200 -
2026-06-07 20:07:37 [DEBUG   ] forensic.server.router (router.py:104): Router: POST /_forensic/windows (ajax=True)
2026-06-07 20:07:37 [DEBUG   ] forensic.forensic_api.windows (windows.py:287): /_forensic/windows POST: Fenster 'b486fd93-6ef4-4db2-bafa-20c63f515c97' (Rolle 'report') registriert
2026-06-07 20:07:37 [DEBUG   ] forensic.server.http_server (http_server.py:115): HTTP "POST /_forensic/windows HTTP/1.1" 200 -
2026-06-07 20:07:41 [DEBUG   ] forensic.server.router (router.py:104): Router: GET /_forensic/placeholders/values (ajax=True)
2026-06-07 20:07:41 [DEBUG   ] forensic.server.http_server (http_server.py:115): HTTP "GET /_forensic/placeholders/values?report_id=1 HTTP/1.1" 200 -
2026-06-07 20:07:44 [DEBUG   ] forensic.server.router (router.py:104): Router: GET /_forensic/placeholders/values (ajax=True)
2026-06-07 20:07:44 [DEBUG   ] forensic.server.http_server (http_server.py:115): HTTP "GET /_forensic/placeholders/values?report_id=1 HTTP/1.1" 200 -
2026-06-07 20:07:48 [DEBUG   ] forensic.server.router (router.py:104): Router: POST /_forensic/windows (ajax=True)
2026-06-07 20:07:48 [DEBUG   ] forensic.forensic_api.windows (windows.py:287): /_forensic/windows POST: Fenster '28647da4-1b6f-40de-8490-df54938e70d5' (Rolle 'userinfo') registriert
2026-06-07 20:07:48 [DEBUG   ] forensic.server.http_server (http_server.py:115): HTTP "POST /_forensic/windows HTTP/1.1" 200 -
2026-06-07 20:07:50 [DEBUG   ] forensic.server.router (router.py:104): Router: POST /_forensic/windows (ajax=True)
2026-06-07 20:07:50 [DEBUG   ] forensic.forensic_api.windows (windows.py:287): /_forensic/windows POST: Fenster 'b1de0a1f-3b7c-4ce1-81c7-a2324ccd5457' (Rolle 'main') registriert
2026-06-07 20:07:50 [DEBUG   ] forensic.server.http_server (http_server.py:115): HTTP "POST /_forensic/windows HTTP/1.1" 200 -
2026-06-07 20:07:50 [DEBUG   ] forensic.server.router (router.py:104): Router: POST /_forensic/windows (ajax=True)
2026-06-07 20:07:50 [DEBUG   ] forensic.forensic_api.windows (windows.py:287): /_forensic/windows POST: Fenster '6c9c384f-d503-449b-a512-06c973b9d079' (Rolle 'main') registriert
2026-06-07 20:07:50 [DEBUG   ] forensic.server.http_server (http_server.py:115): HTTP "POST /_forensic/windows HTTP/1.1" 200 -
2026-06-07 20:07:53 [DEBUG   ] forensic.server.router (router.py:104): Router: GET /_forensic/placeholders/values (ajax=True)
2026-06-07 20:07:53 [DEBUG   ] forensic.server.http_server (http_server.py:115): HTTP "GET /_forensic/placeholders/values?report_id=1 HTTP/1.1" 200 -
2026-06-07 20:07:56 [DEBUG   ] forensic.server.router (router.py:104): Router: GET /_forensic/placeholders/values (ajax=True)
2026-06-07 20:07:56 [DEBUG   ] forensic.server.http_server (http_server.py:115): HTTP "GET /_forensic/placeholders/values?report_id=1 HTTP/1.1" 200 -
2026-06-07 20:07:57 [DEBUG   ] forensic.server.router (router.py:104): Router: GET /_forensic/placeholders/values (ajax=True)
2026-06-07 20:07:57 [DEBUG   ] forensic.server.http_server (http_server.py:115): HTTP "GET /_forensic/placeholders/values?report_id=1 HTTP/1.1" 200 -
2026-06-07 20:07:59 [DEBUG   ] forensic.server.router (router.py:104): Router: GET /_forensic/placeholders/values (ajax=True)
2026-06-07 20:07:59 [DEBUG   ] forensic.server.http_server (http_server.py:115): HTTP "GET /_forensic/placeholders/values?report_id=1 HTTP/1.1" 200 -
2026-06-07 20:08:01 [DEBUG   ] forensic (main.py:485): Watchdog: Heartbeat (Dump: 'logs/freeze_dump.txt')
2026-06-07 20:08:02 [DEBUG   ] forensic.server.router (router.py:104): Router: GET /_forensic/placeholders/values (ajax=True)
2026-06-07 20:08:02 [DEBUG   ] forensic.server.http_server (http_server.py:115): HTTP "GET /_forensic/placeholders/values?report_id=1 HTTP/1.1" 200 -
2026-06-07 20:08:07 [DEBUG   ] forensic.server.router (router.py:104): Router: POST /_forensic/windows (ajax=True)
2026-06-07 20:08:07 [DEBUG   ] forensic.forensic_api.windows (windows.py:287): /_forensic/windows POST: Fenster 'e2abfb40-fb13-407a-94e9-c0dc3b791e63' (Rolle 'userinfo') registriert
2026-06-07 20:08:07 [DEBUG   ] forensic.server.http_server (http_server.py:115): HTTP "POST /_forensic/windows HTTP/1.1" 200 -
2026-06-07 20:08:07 [DEBUG   ] forensic.server.router (router.py:104): Router: POST /_forensic/windows (ajax=True)
2026-06-07 20:08:07 [DEBUG   ] forensic.forensic_api.windows (windows.py:287): /_forensic/windows POST: Fenster 'b486fd93-6ef4-4db2-bafa-20c63f515c97' (Rolle 'report') registriert
2026-06-07 20:08:07 [DEBUG   ] forensic.server.http_server (http_server.py:115): HTTP "POST /_forensic/windows HTTP/1.1" 200 -
2026-06-07 20:08:16 [DEBUG   ] forensic.server.router (router.py:104): Router: GET /_forensic/templates/4 (ajax=True)
2026-06-07 20:08:16 [DEBUG   ] forensic.server.http_server (http_server.py:115): HTTP "GET /_forensic/templates/4 HTTP/1.1" 200 -
2026-06-07 20:08:16 [DEBUG   ] forensic.server.router (router.py:104): Router: POST /_forensic/report (ajax=False)
2026-06-07 20:08:16 [DEBUG   ] forensic.server.http_server (http_server.py:115): HTTP "POST /_forensic/report HTTP/1.1" 201 -
2026-06-07 20:08:16 [INFO    ] forensic.forensic_api.report (report.py:803): save_block: block_id=606aa2a2-09db-4d27-8dc5-4b600be635de report_id=1 type=paragraph von 'paul'
2026-06-07 20:08:16 [DEBUG   ] forensic.server.router (router.py:104): Router: GET /_forensic/report (ajax=True)
2026-06-07 20:08:16 [DEBUG   ] forensic.server.http_server (http_server.py:115): HTTP "GET /_forensic/report?format=json&report_id=1 HTTP/1.1" 200 -
2026-06-07 20:08:16 [DEBUG   ] forensic.server.router (router.py:104): Router: POST /_forensic/placeholders/resolve (ajax=True)
2026-06-07 20:08:16 [WARNING ] forensic.forensic_api.placeholders (placeholders.py:358): Platzhalter-Query 'user.posts_in_csam_forums' fehlgeschlagen: no such table: fdb.forums
2026-06-07 20:08:16 [DEBUG   ] forensic.server.http_server (http_server.py:115): HTTP "POST /_forensic/placeholders/resolve HTTP/1.1" 200 -
2026-06-07 20:08:16 [DEBUG   ] forensic.server.router (router.py:104): Router: GET /_forensic/placeholders/values (ajax=True)
2026-06-07 20:08:16 [DEBUG   ] forensic.server.http_server (http_server.py:115): HTTP "GET /_forensic/placeholders/values?report_id=1 HTTP/1.1" 200 -
2026-06-07 20:08:16 [DEBUG   ] forensic.server.router (router.py:104): Router: POST /_forensic/placeholders/resolve (ajax=True)
2026-06-07 20:08:16 [WARNING ] forensic.forensic_api.placeholders (placeholders.py:358): Platzhalter-Query 'user.ip_last' fehlgeschlagen: no such table: fdb.users
2026-06-07 20:08:16 [WARNING ] forensic.forensic_api.placeholders (placeholders.py:358): Platzhalter-Query 'user.aliases' fehlgeschlagen: DISTINCT aggregates must have exactly one argument
2026-06-07 20:08:16 [DEBUG   ] forensic.server.http_server (http_server.py:115): HTTP "POST /_forensic/placeholders/resolve HTTP/1.1" 200 -
2026-06-07 20:08:16 [DEBUG   ] forensic.server.router (router.py:104): Router: POST /_forensic/placeholders/resolve (ajax=True)
2026-06-07 20:08:16 [DEBUG   ] forensic.server.http_server (http_server.py:115): HTTP "POST /_forensic/placeholders/resolve HTTP/1.1" 200 -
2026-06-07 20:08:16 [DEBUG   ] forensic.server.router (router.py:104): Router: POST /_forensic/placeholders/resolve (ajax=True)
2026-06-07 20:08:16 [DEBUG   ] forensic.server.http_server (http_server.py:115): HTTP "POST /_forensic/placeholders/resolve HTTP/1.1" 200 -
2026-06-07 20:08:16 [DEBUG   ] forensic.server.router (router.py:104): Router: GET /_forensic/placeholders/values (ajax=True)
2026-06-07 20:08:16 [DEBUG   ] forensic.server.http_server (http_server.py:115): HTTP "GET /_forensic/placeholders/values?report_id=1 HTTP/1.1" 200 -
2026-06-07 20:08:18 [DEBUG   ] forensic.server.router (router.py:104): Router: POST /_forensic/windows (ajax=True)
2026-06-07 20:08:18 [DEBUG   ] forensic.forensic_api.windows (windows.py:287): /_forensic/windows POST: Fenster '28647da4-1b6f-40de-8490-df54938e70d5' (Rolle 'userinfo') registriert
2026-06-07 20:08:18 [DEBUG   ] forensic.server.http_server (http_server.py:115): HTTP "POST /_forensic/windows HTTP/1.1" 200 -
2026-06-07 20:08:27 [DEBUG   ] forensic.server.router (router.py:104): Router: GET /_forensic/placeholders/values (ajax=True)
2026-06-07 20:08:27 [DEBUG   ] forensic.server.http_server (http_server.py:115): HTTP "GET /_forensic/placeholders/values?report_id=1 HTTP/1.1" 200 -
2026-06-07 20:08:31 [DEBUG   ] forensic (main.py:485): Watchdog: Heartbeat (Dump: 'logs/freeze_dump.txt')
2026-06-07 20:08:35 [DEBUG   ] forensic.server.router (router.py:104): Router: GET /_forensic/placeholders/values (ajax=True)
2026-06-07 20:08:35 [DEBUG   ] forensic.server.http_server (http_server.py:115): HTTP "GET /_forensic/placeholders/values?report_id=1 HTTP/1.1" 200 -
2026-06-07 20:08:37 [DEBUG   ] forensic.server.router (router.py:104): Router: POST /_forensic/windows (ajax=True)
2026-06-07 20:08:37 [DEBUG   ] forensic.forensic_api.windows (windows.py:287): /_forensic/windows POST: Fenster 'e2abfb40-fb13-407a-94e9-c0dc3b791e63' (Rolle 'userinfo') registriert
2026-06-07 20:08:37 [DEBUG   ] forensic.server.http_server (http_server.py:115): HTTP "POST /_forensic/windows HTTP/1.1" 200 -
2026-06-07 20:08:37 [DEBUG   ] forensic.server.router (router.py:104): Router: POST /_forensic/windows (ajax=True)
2026-06-07 20:08:37 [DEBUG   ] forensic.forensic_api.windows (windows.py:287): /_forensic/windows POST: Fenster 'b486fd93-6ef4-4db2-bafa-20c63f515c97' (Rolle 'report') registriert
2026-06-07 20:08:37 [DEBUG   ] forensic.server.http_server (http_server.py:115): HTTP "POST /_forensic/windows HTTP/1.1" 200 -
2026-06-07 20:08:37 [DEBUG   ] forensic.server.router (router.py:104): Router: GET /_forensic/placeholders/values (ajax=True)
2026-06-07 20:08:37 [DEBUG   ] forensic.server.http_server (http_server.py:115): HTTP "GET /_forensic/placeholders/values?report_id=1 HTTP/1.1" 200 -
2026-06-07 20:08:39 [DEBUG   ] forensic.server.router (router.py:104): Router: GET /_forensic/placeholders/values (ajax=True)
2026-06-07 20:08:39 [DEBUG   ] forensic.server.http_server (http_server.py:115): HTTP "GET /_forensic/placeholders/values?report_id=1 HTTP/1.1" 200 -
2026-06-07 20:08:48 [DEBUG   ] forensic.server.router (router.py:104): Router: POST /_forensic/windows (ajax=True)
2026-06-07 20:08:48 [DEBUG   ] forensic.forensic_api.windows (windows.py:287): /_forensic/windows POST: Fenster '28647da4-1b6f-40de-8490-df54938e70d5' (Rolle 'userinfo') registriert
2026-06-07 20:08:48 [DEBUG   ] forensic.server.http_server (http_server.py:115): HTTP "POST /_forensic/windows HTTP/1.1" 200 -
2026-06-07 20:08:48 [DEBUG   ] forensic.server.router (router.py:104): Router: GET /_forensic/placeholders/values (ajax=True)
2026-06-07 20:08:48 [DEBUG   ] forensic.server.http_server (http_server.py:115): HTTP "GET /_forensic/placeholders/values?report_id=1 HTTP/1.1" 200 -
2026-06-07 20:08:50 [DEBUG   ] forensic.server.router (router.py:104): Router: POST /_forensic/windows (ajax=True)
2026-06-07 20:08:50 [DEBUG   ] forensic.forensic_api.windows (windows.py:287): /_forensic/windows POST: Fenster 'b1de0a1f-3b7c-4ce1-81c7-a2324ccd5457' (Rolle 'main') registriert
2026-06-07 20:08:50 [DEBUG   ] forensic.server.http_server (http_server.py:115): HTTP "POST /_forensic/windows HTTP/1.1" 200 -
2026-06-07 20:08:50 [DEBUG   ] forensic.server.router (router.py:104): Router: POST /_forensic/windows (ajax=True)
2026-06-07 20:08:50 [DEBUG   ] forensic.forensic_api.windows (windows.py:287): /_forensic/windows POST: Fenster '6c9c384f-d503-449b-a512-06c973b9d079' (Rolle 'main') registriert
2026-06-07 20:08:50 [DEBUG   ] forensic.server.http_server (http_server.py:115): HTTP "POST /_forensic/windows HTTP/1.1" 200 -
2026-06-07 20:08:53 [DEBUG   ] forensic.server.router (router.py:104): Router: GET /_forensic/templates/6 (ajax=True)
2026-06-07 20:08:53 [DEBUG   ] forensic.server.http_server (http_server.py:115): HTTP "GET /_forensic/templates/6 HTTP/1.1" 200 -
2026-06-07 20:08:53 [DEBUG   ] forensic.server.router (router.py:104): Router: POST /_forensic/report (ajax=False)
2026-06-07 20:08:53 [DEBUG   ] forensic.server.http_server (http_server.py:115): HTTP "POST /_forensic/report HTTP/1.1" 201 -
2026-06-07 20:08:53 [INFO    ] forensic.forensic_api.report (report.py:803): save_block: block_id=5674d142-1819-4af5-b90f-c4b9bfa8cd1c report_id=1 type=paragraph von 'paul'
2026-06-07 20:08:53 [DEBUG   ] forensic.server.router (router.py:104): Router: GET /_forensic/report (ajax=True)
2026-06-07 20:08:53 [DEBUG   ] forensic.server.http_server (http_server.py:115): HTTP "GET /_forensic/report?format=json&report_id=1 HTTP/1.1" 200 -
2026-06-07 20:08:53 [DEBUG   ] forensic.server.router (router.py:104): Router: POST /_forensic/placeholders/resolve (ajax=True)
2026-06-07 20:08:53 [WARNING ] forensic.forensic_api.placeholders (placeholders.py:358): Platzhalter-Query 'user.posts_in_csam_forums' fehlgeschlagen: no such table: fdb.forums
2026-06-07 20:08:53 [DEBUG   ] forensic.server.http_server (http_server.py:115): HTTP "POST /_forensic/placeholders/resolve HTTP/1.1" 200 -
2026-06-07 20:08:53 [DEBUG   ] forensic.server.router (router.py:104): Router: GET /_forensic/placeholders/values (ajax=True)
2026-06-07 20:08:53 [DEBUG   ] forensic.server.http_server (http_server.py:115): HTTP "GET /_forensic/placeholders/values?report_id=1 HTTP/1.1" 200 -
2026-06-07 20:08:53 [DEBUG   ] forensic.server.router (router.py:104): Router: POST /_forensic/placeholders/resolve (ajax=True)
2026-06-07 20:08:53 [WARNING ] forensic.forensic_api.placeholders (placeholders.py:358): Platzhalter-Query 'user.ip_last' fehlgeschlagen: no such table: fdb.users
2026-06-07 20:08:53 [WARNING ] forensic.forensic_api.placeholders (placeholders.py:358): Platzhalter-Query 'user.aliases' fehlgeschlagen: DISTINCT aggregates must have exactly one argument
2026-06-07 20:08:53 [DEBUG   ] forensic.server.http_server (http_server.py:115): HTTP "POST /_forensic/placeholders/resolve HTTP/1.1" 200 -
2026-06-07 20:08:53 [DEBUG   ] forensic.server.router (router.py:104): Router: POST /_forensic/placeholders/resolve (ajax=True)
2026-06-07 20:08:53 [DEBUG   ] forensic.server.http_server (http_server.py:115): HTTP "POST /_forensic/placeholders/resolve HTTP/1.1" 200 -
2026-06-07 20:08:53 [DEBUG   ] forensic.server.router (router.py:104): Router: POST /_forensic/placeholders/resolve (ajax=True)
2026-06-07 20:08:53 [DEBUG   ] forensic.server.http_server (http_server.py:115): HTTP "POST /_forensic/placeholders/resolve HTTP/1.1" 200 -
2026-06-07 20:08:53 [DEBUG   ] forensic.server.router (router.py:104): Router: GET /_forensic/placeholders/values (ajax=True)
2026-06-07 20:08:53 [DEBUG   ] forensic.server.http_server (http_server.py:115): HTTP "GET /_forensic/placeholders/values?report_id=1 HTTP/1.1" 200 -
2026-06-07 20:09:01 [DEBUG   ] forensic (main.py:485): Watchdog: Heartbeat (Dump: 'logs/freeze_dump.txt')
2026-06-07 20:09:07 [DEBUG   ] forensic.server.router (router.py:104): Router: POST /_forensic/windows (ajax=True)
2026-06-07 20:09:07 [DEBUG   ] forensic.forensic_api.windows (windows.py:287): /_forensic/windows POST: Fenster 'e2abfb40-fb13-407a-94e9-c0dc3b791e63' (Rolle 'userinfo') registriert
2026-06-07 20:09:07 [DEBUG   ] forensic.server.http_server (http_server.py:115): HTTP "POST /_forensic/windows HTTP/1.1" 200 -
2026-06-07 20:09:07 [DEBUG   ] forensic.server.router (router.py:104): Router: POST /_forensic/windows (ajax=True)
2026-06-07 20:09:07 [DEBUG   ] forensic.forensic_api.windows (windows.py:287): /_forensic/windows POST: Fenster 'b486fd93-6ef4-4db2-bafa-20c63f515c97' (Rolle 'report') registriert
2026-06-07 20:09:07 [DEBUG   ] forensic.server.http_server (http_server.py:115): HTTP "POST /_forensic/windows HTTP/1.1" 200 -
2026-06-07 20:09:18 [DEBUG   ] forensic.server.router (router.py:104): Router: POST /_forensic/windows (ajax=True)
2026-06-07 20:09:18 [DEBUG   ] forensic.forensic_api.windows (windows.py:287): /_forensic/windows POST: Fenster '28647da4-1b6f-40de-8490-df54938e70d5' (Rolle 'userinfo') registriert
2026-06-07 20:09:18 [DEBUG   ] forensic.server.http_server (http_server.py:115): HTTP "POST /_forensic/windows HTTP/1.1" 200 -
2026-06-07 20:09:18 [DEBUG   ] forensic.server.router (router.py:104): Router: POST /_forensic/report (ajax=False)
2026-06-07 20:09:18 [DEBUG   ] forensic.server.http_server (http_server.py:115): HTTP "POST /_forensic/report HTTP/1.1" 201 -
2026-06-07 20:09:18 [INFO    ] forensic.forensic_api.report (report.py:803): save_block: block_id=O47wiTFR_l report_id=1 type=paragraph von 'paul'
2026-06-07 20:09:18 [DEBUG   ] forensic.server.router (router.py:104): Router: POST /_forensic/report (ajax=False)
2026-06-07 20:09:18 [DEBUG   ] forensic.server.http_server (http_server.py:115): HTTP "POST /_forensic/report HTTP/1.1" 201 -
2026-06-07 20:09:18 [INFO    ] forensic.forensic_api.report (report.py:803): save_block: block_id=606aa2a2-09db-4d27-8dc5-4b600be635de report_id=1 type=paragraph von 'paul'
2026-06-07 20:09:18 [DEBUG   ] forensic.server.router (router.py:104): Router: POST /_forensic/report (ajax=False)
2026-06-07 20:09:18 [DEBUG   ] forensic.server.http_server (http_server.py:115): HTTP "POST /_forensic/report HTTP/1.1" 201 -
2026-06-07 20:09:18 [INFO    ] forensic.forensic_api.report (report.py:803): save_block: block_id=5674d142-1819-4af5-b90f-c4b9bfa8cd1c report_id=1 type=paragraph von 'paul'
2026-06-07 20:09:18 [DEBUG   ] forensic.server.router (router.py:104): Router: POST /_forensic/report (ajax=False)
2026-06-07 20:09:18 [DEBUG   ] forensic.server.http_server (http_server.py:115): HTTP "POST /_forensic/report HTTP/1.1" 201 -
2026-06-07 20:09:18 [INFO    ] forensic.forensic_api.report (report.py:803): save_block: block_id=oCHCBvopA_ report_id=1 type=paragraph von 'paul'
2026-06-07 20:09:18 [DEBUG   ] forensic.server.router (router.py:104): Router: POST /_forensic/report (ajax=False)
2026-06-07 20:09:18 [DEBUG   ] forensic.server.http_server (http_server.py:115): HTTP "POST /_forensic/report HTTP/1.1" 201 -
2026-06-07 20:09:18 [INFO    ] forensic.forensic_api.report (report.py:803): save_block: block_id=PSnO2XY66E report_id=1 type=evidence von 'paul'
2026-06-07 20:09:18 [DEBUG   ] forensic.server.router (router.py:104): Router: POST /_forensic/report (ajax=False)
2026-06-07 20:09:18 [DEBUG   ] forensic.server.http_server (http_server.py:115): HTTP "POST /_forensic/report HTTP/1.1" 201 -
2026-06-07 20:09:18 [INFO    ] forensic.forensic_api.report (report.py:803): save_block: block_id=ijjBIozKWn report_id=1 type=paragraph von 'paul'
2026-06-07 20:09:18 [DEBUG   ] forensic.server.router (router.py:104): Router: POST /_forensic/report (ajax=False)
2026-06-07 20:09:18 [DEBUG   ] forensic.server.http_server (http_server.py:115): HTTP "POST /_forensic/report HTTP/1.1" 200 -
2026-06-07 20:09:18 [DEBUG   ] forensic.server.router (router.py:104): Router: GET /_forensic/report (ajax=True)
2026-06-07 20:09:18 [DEBUG   ] forensic.server.http_server (http_server.py:115): HTTP "GET /_forensic/report?format=json&report_id=1 HTTP/1.1" 200 -
2026-06-07 20:09:18 [DEBUG   ] forensic.server.router (router.py:104): Router: GET /_forensic/placeholders/values (ajax=True)
2026-06-07 20:09:18 [DEBUG   ] forensic.server.http_server (http_server.py:115): HTTP "GET /_forensic/placeholders/values?report_id=1 HTTP/1.1" 200 -
2026-06-07 20:09:31 [DEBUG   ] forensic (main.py:485): Watchdog: Heartbeat (Dump: 'logs/freeze_dump.txt')
2026-06-07 20:09:37 [DEBUG   ] forensic.server.router (router.py:104): Router: POST /_forensic/windows (ajax=True)
2026-06-07 20:09:37 [DEBUG   ] forensic.forensic_api.windows (windows.py:287): /_forensic/windows POST: Fenster 'e2abfb40-fb13-407a-94e9-c0dc3b791e63' (Rolle 'userinfo') registriert
2026-06-07 20:09:37 [DEBUG   ] forensic.server.http_server (http_server.py:115): HTTP "POST /_forensic/windows HTTP/1.1" 200 -
2026-06-07 20:09:37 [DEBUG   ] forensic.server.router (router.py:104): Router: POST /_forensic/windows (ajax=True)
2026-06-07 20:09:37 [DEBUG   ] forensic.forensic_api.windows (windows.py:287): /_forensic/windows POST: Fenster 'b486fd93-6ef4-4db2-bafa-20c63f515c97' (Rolle 'report') registriert
2026-06-07 20:09:37 [DEBUG   ] forensic.server.http_server (http_server.py:115): HTTP "POST /_forensic/windows HTTP/1.1" 200 -
2026-06-07 20:09:48 [DEBUG   ] forensic.server.router (router.py:104): Router: POST /_forensic/windows (ajax=True)
2026-06-07 20:09:48 [DEBUG   ] forensic.forensic_api.windows (windows.py:287): /_forensic/windows POST: Fenster '28647da4-1b6f-40de-8490-df54938e70d5' (Rolle 'userinfo') registriert
2026-06-07 20:09:48 [DEBUG   ] forensic.server.http_server (http_server.py:115): HTTP "POST /_forensic/windows HTTP/1.1" 200 -
2026-06-07 20:09:50 [DEBUG   ] forensic.server.router (router.py:104): Router: POST /_forensic/windows (ajax=True)
2026-06-07 20:09:50 [DEBUG   ] forensic.server.router (router.py:104): Router: POST /_forensic/windows (ajax=True)
2026-06-07 20:09:50 [DEBUG   ] forensic.forensic_api.windows (windows.py:287): /_forensic/windows POST: Fenster '6c9c384f-d503-449b-a512-06c973b9d079' (Rolle 'main') registriert
2026-06-07 20:09:50 [DEBUG   ] forensic.server.http_server (http_server.py:115): HTTP "POST /_forensic/windows HTTP/1.1" 200 -
2026-06-07 20:09:50 [DEBUG   ] forensic.forensic_api.windows (windows.py:287): /_forensic/windows POST: Fenster 'b1de0a1f-3b7c-4ce1-81c7-a2324ccd5457' (Rolle 'main') registriert
2026-06-07 20:09:50 [DEBUG   ] forensic.server.http_server (http_server.py:115): HTTP "POST /_forensic/windows HTTP/1.1" 200 -
2026-06-07 20:10:01 [DEBUG   ] forensic (main.py:485): Watchdog: Heartbeat (Dump: 'logs/freeze_dump.txt')
2026-06-07 20:10:07 [DEBUG   ] forensic.server.router (router.py:104): Router: POST /_forensic/windows (ajax=True)
2026-06-07 20:10:07 [DEBUG   ] forensic.forensic_api.windows (windows.py:287): /_forensic/windows POST: Fenster 'e2abfb40-fb13-407a-94e9-c0dc3b791e63' (Rolle 'userinfo') registriert
2026-06-07 20:10:07 [DEBUG   ] forensic.server.http_server (http_server.py:115): HTTP "POST /_forensic/windows HTTP/1.1" 200 -
2026-06-07 20:10:07 [DEBUG   ] forensic.server.router (router.py:104): Router: POST /_forensic/windows (ajax=True)
2026-06-07 20:10:07 [DEBUG   ] forensic.forensic_api.windows (windows.py:287): /_forensic/windows POST: Fenster 'b486fd93-6ef4-4db2-bafa-20c63f515c97' (Rolle 'report') registriert
2026-06-07 20:10:07 [DEBUG   ] forensic.server.http_server (http_server.py:115): HTTP "POST /_forensic/windows HTTP/1.1" 200 -
2026-06-07 20:10:18 [DEBUG   ] forensic.server.router (router.py:104): Router: POST /_forensic/windows (ajax=True)
2026-06-07 20:10:18 [DEBUG   ] forensic.forensic_api.windows (windows.py:287): /_forensic/windows POST: Fenster '28647da4-1b6f-40de-8490-df54938e70d5' (Rolle 'userinfo') registriert
2026-06-07 20:10:18 [DEBUG   ] forensic.server.http_server (http_server.py:115): HTTP "POST /_forensic/windows HTTP/1.1" 200 -
