2026-05-18 02:52:22 [INFO    ] forensic (logger.py:158): Logging initialisiert — Level: DEBUG, Logdatei: /opt/aiw_webserver/logs/forensic_server.log
2026-05-18 02:52:22 [INFO    ] forensic (main.py:250): === Forensischer Webserver startet - Date:   Mon May 18 02:49:02 2026 +0200     Version 0.6.219a - 5c3f03b4-5253-11f1-87a9-6b8489e529a5 ===
2026-05-18 02:52:22 [INFO    ] forensic (main.py:253): Config geladen: '/opt/aiw_webserver/config.yaml'
2026-05-18 02:52:22 [DEBUG   ] forensic.core.user_resolver (user_resolver.py:70): Systembenutzer ermittelt: 'paul' (Plattform: linux)
2026-05-18 02:52:22 [INFO    ] forensic (main.py:262): Systembenutzer: 'paul'
2026-05-18 02:52:22 [INFO    ] forensic.core.mode_resolver (mode_resolver.py:150): Startmodus: 'cli'
2026-05-18 02:52:22 [INFO    ] forensic.core.mode_resolver (mode_resolver.py:351): Modus 'cli': user_id=2948078, username='uid_2948078', forensic_db='/opt/aiw_webserver/data/forensic/forensic_2948078.db'
2026-05-18 02:52:22 [INFO    ] forensic (main.py:285): Kontext: mode='cli', user_id=2948078, username='uid_2948078'
2026-05-18 02:52:22 [INFO    ] forensic (main.py:289): forensic_db : '/opt/aiw_webserver/data/forensic/forensic_2948078.db'
2026-05-18 02:52:22 [INFO    ] forensic (main.py:290): evidence_db : '/opt/aiw_webserver/data/evidence/evidence_2948078.db'
2026-05-18 02:52:22 [INFO    ] forensic (main.py:291): default_db  : '/opt/aiw_webserver/data/default.db'
2026-05-18 02:52:22 [INFO    ] forensic (main.py:292): coordinator : '/opt/aiw_webserver/data/coordinator.db'
2026-05-18 02:52:22 [INFO    ] forensic.core.startup_checks (startup_checks.py:123): Starte Voraussetzungsprüfungen...
2026-05-18 02:52:22 [DEBUG   ] forensic.core.startup_checks (startup_checks.py:164): Datei gefunden: forensic_db = '/opt/aiw_webserver/data/forensic/forensic_2948078.db'
2026-05-18 02:52:22 [DEBUG   ] forensic.core.startup_checks (startup_checks.py:164): Datei gefunden: evidence_db = '/opt/aiw_webserver/data/evidence/evidence_2948078.db'
2026-05-18 02:52:22 [DEBUG   ] forensic.core.startup_checks (startup_checks.py:180): default_db gefunden: '/opt/aiw_webserver/data/default.db'
2026-05-18 02:52:22 [DEBUG   ] forensic.core.startup_checks (startup_checks.py:206): coordinator_db gefunden: '/opt/aiw_webserver/data/coordinator.db'
2026-05-18 02:52:22 [DEBUG   ] forensic.core.startup_checks (startup_checks.py:254): Schema-Version geprüft: 1 (erwartet: 1) ✓
2026-05-18 02:52:24 [INFO    ] forensic.core.startup_checks (startup_checks.py:327): Integritätsprüfung forensic_db erfolgreich: SHA-256 = f70c68d39cf4552e... ✓
2026-05-18 02:52:24 [DEBUG   ] forensic.core.startup_checks (startup_checks.py:366): forensic_db READ-ONLY-Prüfung bestanden ✓
2026-05-18 02:52:24 [INFO    ] forensic.core.startup_checks (startup_checks.py:132): Alle Voraussetzungsprüfungen erfolgreich abgeschlossen.
2026-05-18 02:52:24 [INFO    ] forensic (main.py:307): Alle Startprüfungen bestanden.
2026-05-18 02:52:24 [DEBUG   ] forensic.core.hosts_manager (hosts_manager.py:135): HostsManager: forum_hostname nicht konfiguriert — no-op.
2026-05-18 02:52:24 [INFO    ] forensic.db.connection_manager (connection_manager.py:146): Öffne Datenbankverbindungen (Modus: 'cli', user_id: 2948078)
2026-05-18 02:52:24 [DEBUG   ] forensic.db.connection_manager (connection_manager.py:189): Haupt-DB geöffnet: '/opt/aiw_webserver/data/evidence/evidence_2948078.db'
2026-05-18 02:52:24 [DEBUG   ] forensic.db.connection_manager (connection_manager.py:519): ATTACH fdb (READ-ONLY via Authorizer): '/opt/aiw_webserver/data/forensic/forensic_2948078.db'
2026-05-18 02:52:24 [DEBUG   ] forensic.db.connection_manager (connection_manager.py:519): ATTACH ddb (READ-ONLY via Authorizer): '/opt/aiw_webserver/data/default.db'
2026-05-18 02:52:24 [DEBUG   ] forensic.db.connection_manager (connection_manager.py:532): ATTACH cdb (READ-WRITE): '/opt/aiw_webserver/data/coordinator.db'
2026-05-18 02:52:24 [DEBUG   ] forensic.db.connection_manager (connection_manager.py:204): cdb angebunden: '/opt/aiw_webserver/data/coordinator.db'
2026-05-18 02:52:24 [DEBUG   ] forensic.db.connection_manager (connection_manager.py:519): ATTACH adb (READ-ONLY via Authorizer): '/opt/aiw_webserver/data/assets/assets_2948078.db'
2026-05-18 02:52:24 [DEBUG   ] forensic.db.connection_manager (connection_manager.py:218): adb angebunden (READ-ONLY): '/opt/aiw_webserver/data/assets/assets_2948078.db'
2026-05-18 02:52:24 [DEBUG   ] forensic.db.connection_manager (connection_manager.py:519): ATTACH tdb (READ-ONLY via Authorizer): '/opt/aiw_webserver/data/templates.db'
2026-05-18 02:52:24 [DEBUG   ] forensic.db.connection_manager (connection_manager.py:235): tdb angebunden (READ-ONLY): '/opt/aiw_webserver/data/templates.db'
2026-05-18 02:52:24 [DEBUG   ] forensic.db.forensic_db (forensic_db.py:478): get_forum_base_url(): 'http://alice4n4kd5gga3xqggygi6r7q7l7bb2wg5lcykh22ilxomk2jmpcbyd.onion'
2026-05-18 02:52:24 [DEBUG   ] forensic.db.forensic_db (forensic_db.py:221): blob_lookup TEMP VIEW angelegt (forum_base_url='http://alice4n4kd5gga3xqggygi6r7q7l7bb2wg5lcykh22ilxomk2jmpcbyd.onion')
2026-05-18 02:52:24 [DEBUG   ] forensic.db.forensic_db (forensic_db.py:478): get_forum_base_url(): 'http://alice4n4kd5gga3xqggygi6r7q7l7bb2wg5lcykh22ilxomk2jmpcbyd.onion'
2026-05-18 02:52:24 [DEBUG   ] forensic.db.default_db (default_db.py:121): ddb (default.db) korrekt angebunden und erreichbar
2026-05-18 02:52:24 [DEBUG   ] forensic.db.evidence_db (evidence_db.py:551): evidence_db Schema initialisiert (oder bereits vorhanden)
2026-05-18 02:52:24 [DEBUG   ] forensic.db.evidence_db (evidence_db.py:570): evidence_db Migration: 'annotations.selection_json' bereits vorhanden
2026-05-18 02:52:24 [DEBUG   ] forensic.db.evidence_db (evidence_db.py:570): evidence_db Migration: 'annotations.tags_json' bereits vorhanden
2026-05-18 02:52:24 [DEBUG   ] forensic.db.evidence_db (evidence_db.py:570): evidence_db Migration: 'annotations.local_id' bereits vorhanden
2026-05-18 02:52:24 [DEBUG   ] forensic.db.evidence_db (evidence_db.py:570): evidence_db Migration: 'annotations.post_id' bereits vorhanden
2026-05-18 02:52:24 [DEBUG   ] forensic.db.evidence_db (evidence_db.py:570): evidence_db Migration: 'annotations.created_by' bereits vorhanden
2026-05-18 02:52:24 [DEBUG   ] forensic.db.evidence_db (evidence_db.py:570): evidence_db Migration: 'annotations.deleted_at' bereits vorhanden
2026-05-18 02:52:24 [DEBUG   ] forensic.db.evidence_db (evidence_db.py:570): evidence_db Migration: 'annotations.version_nr' bereits vorhanden
2026-05-18 02:52:24 [DEBUG   ] forensic.db.evidence_db (evidence_db.py:570): evidence_db Migration: 'annotations.prev_id' bereits vorhanden
2026-05-18 02:52:24 [DEBUG   ] forensic.db.evidence_db (evidence_db.py:570): evidence_db Migration: 'annotations.actual_uid' bereits vorhanden
2026-05-18 02:52:24 [DEBUG   ] forensic.db.evidence_db (evidence_db.py:589): evidence_db Migration: ann_local_id_idx (nicht-unique) sichergestellt
2026-05-18 02:52:24 [DEBUG   ] forensic.db.evidence_db (evidence_db.py:616): evidence_db Migration: Index 'ann_active_url_idx' sichergestellt
2026-05-18 02:52:24 [DEBUG   ] forensic.db.evidence_db (evidence_db.py:616): evidence_db Migration: Index 'ann_prev_id_idx' sichergestellt
2026-05-18 02:52:24 [DEBUG   ] forensic.db.assets_db (assets_db.py:155): adb (assets_<uid>.db) korrekt angebunden und erreichbar
2026-05-18 02:52:24 [DEBUG   ] forensic.db.templates_db (templates_db.py:102): TemplatesDb: tdb verfuegbar und initialisiert.
2026-05-18 02:52:24 [DEBUG   ] forensic.db.connection_manager (connection_manager.py:264): Authorizer deaktiviert — Schreibschutz via Dateisystem/startup_checks.
2026-05-18 02:52:24 [INFO    ] forensic.db.connection_manager (connection_manager.py:266): Alle Verbindungen aufgebaut (Normalmodus). forensic_db: 618 Seiten, evidence_db: 0 Annotationen
2026-05-18 02:52:24 [INFO    ] forensic (main.py:351): Alle Datenbankverbindungen aufgebaut.
2026-05-18 02:52:24 [INFO    ] forensic.core.build_info (build_info.py:87): Build-Info geladen: v0.6.220 Build 220 (2026-05-18) — /opt/aiw_webserver/build.json
2026-05-18 02:52:24 [INFO    ] forensic.core.build_info (build_info.py:117): ======================================================================
2026-05-18 02:52:24 [INFO    ] forensic.core.build_info (build_info.py:118): Datei-Prüfsummen (MD5) — relevante Verzeichnisse:
2026-05-18 02:52:24 [INFO    ] forensic.core.build_info (build_info.py:119): ======================================================================
2026-05-18 02:52:24 [INFO    ] forensic.core.build_info (build_info.py:139):   forensic_api/
2026-05-18 02:52:24 [INFO    ] forensic.core.build_info (build_info.py:144):     30c7e906cd6e7ad4cb6a5b765adfc256  forensic_api/__init__.py
2026-05-18 02:52:24 [INFO    ] forensic.core.build_info (build_info.py:144):     8e1a788593df5d9946a975eed7db50b6  forensic_api/_lock_guard.py
2026-05-18 02:52:24 [INFO    ] forensic.core.build_info (build_info.py:144):     a390a43516f6de3d26ef38005ca52fc0  forensic_api/aliases.py
2026-05-18 02:52:24 [INFO    ] forensic.core.build_info (build_info.py:144):     5158550bda7a170b0f95f700c1937f6f  forensic_api/annotate.py
2026-05-18 02:52:24 [INFO    ] forensic.core.build_info (build_info.py:144):     055a8cbc2479f760763218891051f6aa  forensic_api/annotations.py
2026-05-18 02:52:24 [INFO    ] forensic.core.build_info (build_info.py:144):     eb89f8d7d3b9a8c799d5f339e530476c  forensic_api/cross_annotation_integrator.py
2026-05-18 02:52:24 [INFO    ] forensic.core.build_info (build_info.py:144):     242b49e0a636bae32c27545a6041d31e  forensic_api/editor_block.py
2026-05-18 02:52:24 [INFO    ] forensic.core.build_info (build_info.py:144):     5dfbd8e5d82c57267e7e48e58a77719f  forensic_api/editor_comment.py
2026-05-18 02:52:24 [INFO    ] forensic.core.build_info (build_info.py:144):     a348aec0cfabf13d7efb6cecca8b78a9  forensic_api/editor_evidence.py
2026-05-18 02:52:24 [INFO    ] forensic.core.build_info (build_info.py:144):     968ad04d95d0fee56ede3ad57caa6385  forensic_api/editor_order.py
2026-05-18 02:52:24 [INFO    ] forensic.core.build_info (build_info.py:144):     ae9bc6270d463f33e7bf467c0cdeb71c  forensic_api/events.py
2026-05-18 02:52:24 [INFO    ] forensic.core.build_info (build_info.py:144):     c72bbf0458972cd2ee5e2a503d0865cc  forensic_api/export.py
2026-05-18 02:52:24 [INFO    ] forensic.core.build_info (build_info.py:144):     5e6d2427dbd60cbd54b36b8f8ed6dbc4  forensic_api/investigator_me.py
2026-05-18 02:52:24 [INFO    ] forensic.core.build_info (build_info.py:144):     2cfe78f6dbe29979e3b75d32d5c36f05  forensic_api/knownusers.py
2026-05-18 02:52:24 [INFO    ] forensic.core.build_info (build_info.py:144):     9501fe000961856272d57b11b29b2836  forensic_api/page.py
2026-05-18 02:52:24 [INFO    ] forensic.core.build_info (build_info.py:144):     3458270eea9344594fb5ef67683ffa07  forensic_api/placeholders.py
2026-05-18 02:52:24 [INFO    ] forensic.core.build_info (build_info.py:144):     56ae48a1f56622af51548570903beb5f  forensic_api/report.py
2026-05-18 02:52:24 [INFO    ] forensic.core.build_info (build_info.py:144):     e8f7c91bb6b810af998e06f4188645cb  forensic_api/reports.py
2026-05-18 02:52:24 [INFO    ] forensic.core.build_info (build_info.py:144):     e8d2c5367a66158da0388c2b6d46e7d3  forensic_api/search.py
2026-05-18 02:52:24 [INFO    ] forensic.core.build_info (build_info.py:144):     a9928b89c6d5439df5e6cb2486ff215a  forensic_api/static.py
2026-05-18 02:52:24 [INFO    ] forensic.core.build_info (build_info.py:144):     7486692643ad2fb75e0262ccf906a647  forensic_api/status.py
2026-05-18 02:52:24 [INFO    ] forensic.core.build_info (build_info.py:144):     1ecb25eae003e36a6a32de28cc6aa48f  forensic_api/sync_incoming.py
2026-05-18 02:52:24 [INFO    ] forensic.core.build_info (build_info.py:144):     bc368f902df389e35beeafc17f0eb134  forensic_api/templates_ep.py
2026-05-18 02:52:24 [INFO    ] forensic.core.build_info (build_info.py:144):     f07dd8ba3965137f0e93be096eba3cc5  forensic_api/trace_sequence.py
2026-05-18 02:52:24 [INFO    ] forensic.core.build_info (build_info.py:144):     6e9964ae4fd7f2818bea5baff74d2d48  forensic_api/userinfo.py
2026-05-18 02:52:24 [INFO    ] forensic.core.build_info (build_info.py:144):     ac03dc8f8019230b6d5de5aab0c5b12c  forensic_api/userinfo_data.py
2026-05-18 02:52:24 [INFO    ] forensic.core.build_info (build_info.py:144):     9bdbdc7be233589a10bc4935570803e7  forensic_api/userinfo_static.py
2026-05-18 02:52:24 [INFO    ] forensic.core.build_info (build_info.py:144):     6b4cee54f3d596804768a5ef06db3490  forensic_api/version.py
2026-05-18 02:52:24 [INFO    ] forensic.core.build_info (build_info.py:144):     612c6dc8137ced9b2314fb4be57e6a70  forensic_api/viewport.py
2026-05-18 02:52:24 [INFO    ] forensic.core.build_info (build_info.py:144):     5092a0c290ed97bf042d95a8eca3b766  forensic_api/windows.py
2026-05-18 02:52:24 [INFO    ] forensic.core.build_info (build_info.py:139):   userinfo/
2026-05-18 02:52:24 [INFO    ] forensic.core.build_info (build_info.py:144):     b13bd6c5dc8f2547e1620b77310eaf95  userinfo/annotation_sidebar.js
2026-05-18 02:52:24 [INFO    ] forensic.core.build_info (build_info.py:144):     97b3170d33f39937dd63168a0dba149b  userinfo/comment_thread.js
2026-05-18 02:52:24 [INFO    ] forensic.core.build_info (build_info.py:144):     b65ee930e203ca6d863ab2eba78f02e6  userinfo/debug_events.js
2026-05-18 02:52:24 [INFO    ] forensic.core.build_info (build_info.py:144):     bae430f34fdd932b429a660f561cfec6  userinfo/module_panel.js
2026-05-18 02:52:24 [INFO    ] forensic.core.build_info (build_info.py:144):     8374c259ea766060b94af35bab49f961  userinfo/placeholder_chips.js
2026-05-18 02:52:24 [INFO    ] forensic.core.build_info (build_info.py:144):     3a5d01f17877c45027ddc9586e4c8d83  userinfo/placeholder_wizard.js
2026-05-18 02:52:24 [INFO    ] forensic.core.build_info (build_info.py:144):     e49010a802ae10269091f7b31363d461  userinfo/report.css
2026-05-18 02:52:24 [INFO    ] forensic.core.build_info (build_info.py:144):     114ed06c021fd0e589d7e32ec96d415b  userinfo/report.js
2026-05-18 02:52:24 [INFO    ] forensic.core.build_info (build_info.py:144):     f4015ca85b728750ef2e42a908ebd2cf  userinfo/report_editor.js
2026-05-18 02:52:24 [INFO    ] forensic.core.build_info (build_info.py:144):     a0af65cf6bcae5ef6793c72dec97b426  userinfo/userinfo.css
2026-05-18 02:52:24 [INFO    ] forensic.core.build_info (build_info.py:144):     093d5473c97c924e8f72313a603bfd88  userinfo/userinfo.js
2026-05-18 02:52:24 [INFO    ] forensic.core.build_info (build_info.py:139):   editor/
2026-05-18 02:52:24 [INFO    ] forensic.core.build_info (build_info.py:144):     d41d8cd98f00b204e9800998ecf8427e  editor/__init__.py
2026-05-18 02:52:24 [INFO    ] forensic.core.build_info (build_info.py:144):     6937f1a3a1fec2608183dbdecde5d006  editor/html_renderer.py
2026-05-18 02:52:24 [INFO    ] forensic.core.build_info (build_info.py:139):   toolbar/
2026-05-18 02:52:24 [INFO    ] forensic.core.build_info (build_info.py:144):     46b53a447b228e3201b2d4f5ac28937d  toolbar/toolbar.css
2026-05-18 02:52:24 [INFO    ] forensic.core.build_info (build_info.py:144):     773e4e1b057d6a1fb8a011715cb09419  toolbar/toolbar.js
2026-05-18 02:52:24 [INFO    ] forensic.core.build_info (build_info.py:139):   data/
2026-05-18 02:52:24 [INFO    ] forensic.core.build_info (build_info.py:144):     bef834f54e3e1dc4f55b441cf9778401  data/forensic/forensic_2948078.db.sql
2026-05-18 02:52:24 [INFO    ] forensic.core.build_info (build_info.py:139):   core/
2026-05-18 02:52:24 [INFO    ] forensic.core.build_info (build_info.py:144):     7927ee36542484c7320d7934218cc7ca  core/__init__.py
2026-05-18 02:52:24 [INFO    ] forensic.core.build_info (build_info.py:144):     139421d80f349dd8d1f7ca0f69b0b827  core/build_info.py
2026-05-18 02:52:24 [INFO    ] forensic.core.build_info (build_info.py:144):     8efc0965c3fb1a2640922bbe95f9eced  core/config_loader.py
2026-05-18 02:52:24 [INFO    ] forensic.core.build_info (build_info.py:144):     d4cf0da5390bc28ab841e955ee797221  core/hosts_manager.py
2026-05-18 02:52:24 [INFO    ] forensic.core.build_info (build_info.py:144):     9e1e6e718de683bad2db3e9946bd6583  core/logger.py
2026-05-18 02:52:24 [INFO    ] forensic.core.build_info (build_info.py:144):     66002a767e40c8988b8943af69e9f065  core/mode_resolver.py
2026-05-18 02:52:24 [INFO    ] forensic.core.build_info (build_info.py:144):     67ba2bef87e31e3e8fc4b684f125c9c2  core/startup_checks.py
2026-05-18 02:52:24 [INFO    ] forensic.core.build_info (build_info.py:144):     dd0ed27c3aaa8aad9ac0060b5f4c475a  core/user_resolver.py
2026-05-18 02:52:24 [INFO    ] forensic.core.build_info (build_info.py:139):   server/
2026-05-18 02:52:24 [INFO    ] forensic.core.build_info (build_info.py:144):     cb1df466eddc44b80558d5b7f9c47a53  server/__init__.py
2026-05-18 02:52:24 [INFO    ] forensic.core.build_info (build_info.py:144):     d32e4629985e87371a398311831f3692  server/asset_handler.py
2026-05-18 02:52:24 [INFO    ] forensic.core.build_info (build_info.py:144):     8c67670cf6c98a6cded255e2b35b5848  server/blob_handler.py
2026-05-18 02:52:24 [INFO    ] forensic.core.build_info (build_info.py:144):     14b08d37a307281bae0c4f9d6a7dd22e  server/head_extractor.py
2026-05-18 02:52:24 [INFO    ] forensic.core.build_info (build_info.py:144):     79d80d36082a370fb466c8160333e5fe  server/http_server.py
2026-05-18 02:52:24 [INFO    ] forensic.core.build_info (build_info.py:144):     ebbf539ef5963d32ccdd499e26c2dc84  server/router.py
2026-05-18 02:52:24 [INFO    ] forensic.core.build_info (build_info.py:144):     2f11a43976926fc9df308c2604585ca3  server/shell_handler.py
2026-05-18 02:52:24 [INFO    ] forensic.core.build_info (build_info.py:139):   static/
2026-05-18 02:52:24 [INFO    ] forensic.core.build_info (build_info.py:144):     bc745390dfecf0edec56cfde0abf0be1  static/editor/bundle_manifest.json
2026-05-18 02:52:24 [INFO    ] forensic.core.build_info (build_info.py:144):     c6c5a4b4615c245c56826dad2c27f1af  static/editor/editor.bundle.js
2026-05-18 02:52:24 [INFO    ] forensic.core.build_info (build_info.py:144):     602170ae2f1d5c003e894f32217a96df  static/vendor/tabulator/tabulator.min.css
2026-05-18 02:52:24 [INFO    ] forensic.core.build_info (build_info.py:144):     0a71453fb151b4ff2392904746c8d8a2  static/vendor/tabulator/tabulator.min.js
2026-05-18 02:52:24 [INFO    ] forensic.core.build_info (build_info.py:156):   945d66de112aadb7ebb3af2e0c58fcbd  build.json
2026-05-18 02:52:24 [INFO    ] forensic.core.build_info (build_info.py:159): ======================================================================
2026-05-18 02:52:24 [INFO    ] forensic.core.build_info (build_info.py:160): Prüfsummen ausgegeben: 66 Dateien
2026-05-18 02:52:24 [INFO    ] forensic.core.build_info (build_info.py:161): ======================================================================
2026-05-18 02:52:24 [DEBUG   ] forensic.forensic_api.cross_annotation_integrator (cross_annotation_integrator.py:96): CrossAnnotationIntegrator: keine ausstehenden Eintraege fuer uid=2948078
2026-05-18 02:52:24 [INFO    ] forensic.forensic_api.cross_annotation_integrator (cross_annotation_integrator.py:139): CrossAnnotationIntegrator: Hintergrundpolling gestartet (3600s Intervall)
2026-05-18 02:52:24 [INFO    ] forensic.server.http_server (http_server.py:293): ForensicHTTPServer initialisiert: http://127.0.0.2:8080 (socket-backlog=50, sse-max=20)
2026-05-18 02:52:24 [INFO    ] forensic (main.py:402): Server bereit: http://127.0.0.2:8080 | v0.6.220 Build 220 (2026-05-18)
2026-05-18 02:52:24 [INFO    ] forensic (main.py:407): Ermittlung: user_id=2948078 ('uid_2948078'), Modus='cli'
2026-05-18 02:52:24 [INFO    ] forensic (main.py:462): Watchdog gestartet (Intervall: 30s, Dump: 'logs/freeze_dump.txt')
2026-05-18 02:52:24 [INFO    ] forensic.server.http_server (http_server.py:304): Server läuft. Strg+C zum Beenden.
2026-05-18 02:52:25 [DEBUG   ] forensic.server.router (router.py:104): Router: GET /_forensic/report (ajax=False)
2026-05-18 02:52:25 [DEBUG   ] forensic.server.http_server (http_server.py:115): HTTP "GET /_forensic/report HTTP/1.1" 200 -
2026-05-18 02:52:25 [DEBUG   ] forensic.forensic_api.report (report.py:439): /_forensic/report (HTML) ausgeliefert: user_id=2948078
2026-05-18 02:52:25 [DEBUG   ] forensic.server.router (router.py:104): Router: GET /.well-known/appspecific/com.chrome.devtools.json (ajax=False)
2026-05-18 02:52:25 [DEBUG   ] forensic.server.router (router.py:104): Router: GET /_forensic/userinfo.css (ajax=False)
2026-05-18 02:52:25 [DEBUG   ] forensic.server.router (router.py:104): Router: GET /_forensic/report.css (ajax=False)
2026-05-18 02:52:25 [DEBUG   ] forensic.forensic_api.static (static.py:139): Static: '/_forensic/userinfo.css' ausgeliefert (47040 bytes)
2026-05-18 02:52:25 [DEBUG   ] forensic.forensic_api.static (static.py:139): Static: '/_forensic/report.css' ausgeliefert (90467 bytes)
2026-05-18 02:52:25 [DEBUG   ] forensic.server.http_server (http_server.py:115): HTTP "GET /_forensic/userinfo.css HTTP/1.1" 200 -
2026-05-18 02:52:25 [DEBUG   ] forensic.server.http_server (http_server.py:115): HTTP "GET /_forensic/report.css HTTP/1.1" 200 -
2026-05-18 02:52:25 [DEBUG   ] forensic.db.forensic_db (forensic_db.py:264): Seite nicht im Scope: '/.well-known/appspecific/com.chrome.devtools.json' (method=GET)
2026-05-18 02:52:25 [DEBUG   ] forensic.server.shell_handler (shell_handler.py:133): Shell: NOT_IN_SCOPE für '/.well-known/appspecific/com.chrome.devtools.json'
2026-05-18 02:52:25 [DEBUG   ] forensic.server.http_server (http_server.py:115): HTTP "GET /.well-known/appspecific/com.chrome.devtools.json HTTP/1.1" 404 -
2026-05-18 02:52:25 [DEBUG   ] forensic.server.router (router.py:104): Router: GET /_forensic/static/editor/editor.bundle.js (ajax=False)
2026-05-18 02:52:25 [DEBUG   ] forensic.forensic_api.static (static.py:203): Editor-Asset: 'editor.bundle.js' ausgeliefert (367283 bytes)
2026-05-18 02:52:25 [DEBUG   ] forensic.server.router (router.py:104): Router: GET /_forensic/placeholder_chips.js (ajax=False)
2026-05-18 02:52:25 [DEBUG   ] forensic.server.router (router.py:104): Router: GET /_forensic/debug_events.js (ajax=False)
2026-05-18 02:52:25 [DEBUG   ] forensic.server.router (router.py:104): Router: GET /_forensic/placeholder_wizard.js (ajax=False)
2026-05-18 02:52:25 [DEBUG   ] forensic.forensic_api.static (static.py:139): Static: '/_forensic/placeholder_chips.js' ausgeliefert (20569 bytes)
2026-05-18 02:52:25 [DEBUG   ] forensic.server.http_server (http_server.py:115): HTTP "GET /_forensic/static/editor/editor.bundle.js HTTP/1.1" 200 -
2026-05-18 02:52:25 [DEBUG   ] forensic.forensic_api.static (static.py:139): Static: '/_forensic/placeholder_wizard.js' ausgeliefert (28398 bytes)
2026-05-18 02:52:25 [DEBUG   ] forensic.server.http_server (http_server.py:115): HTTP "GET /_forensic/placeholder_wizard.js HTTP/1.1" 200 -
2026-05-18 02:52:25 [DEBUG   ] forensic.server.router (router.py:104): Router: GET /_forensic/module_panel.js (ajax=False)
2026-05-18 02:52:25 [DEBUG   ] forensic.forensic_api.static (static.py:139): Static: '/_forensic/debug_events.js' ausgeliefert (10500 bytes)
2026-05-18 02:52:25 [DEBUG   ] forensic.server.http_server (http_server.py:115): HTTP "GET /_forensic/debug_events.js HTTP/1.1" 200 -
2026-05-18 02:52:25 [DEBUG   ] forensic.server.router (router.py:104): Router: GET /_forensic/events (ajax=False)
2026-05-18 02:52:25 [DEBUG   ] forensic.forensic_api.static (static.py:139): Static: '/_forensic/module_panel.js' ausgeliefert (55841 bytes)
2026-05-18 02:52:25 [DEBUG   ] forensic.server.http_server (http_server.py:115): HTTP "GET /_forensic/module_panel.js HTTP/1.1" 200 -
2026-05-18 02:52:25 [DEBUG   ] forensic.server.http_server (http_server.py:115): HTTP "GET /_forensic/placeholder_chips.js HTTP/1.1" 200 -
2026-05-18 02:52:25 [DEBUG   ] forensic.server.http_server (http_server.py:115): HTTP "GET /_forensic/events HTTP/1.1" 200 -
2026-05-18 02:52:25 [DEBUG   ] forensic.server.router (router.py:104): Router: GET /_forensic/annotation_sidebar.js (ajax=False)
2026-05-18 02:52:25 [DEBUG   ] forensic.forensic_api.static (static.py:139): Static: '/_forensic/annotation_sidebar.js' ausgeliefert (29731 bytes)
2026-05-18 02:52:25 [DEBUG   ] forensic.server.http_server (http_server.py:115): HTTP "GET /_forensic/annotation_sidebar.js HTTP/1.1" 200 -
2026-05-18 02:52:25 [DEBUG   ] forensic.server.router (router.py:104): Router: GET /_forensic/comment_thread.js (ajax=False)
2026-05-18 02:52:25 [DEBUG   ] forensic.server.router (router.py:104): Router: GET /_forensic/report_editor.js (ajax=False)
2026-05-18 02:52:25 [DEBUG   ] forensic.forensic_api.static (static.py:139): Static: '/_forensic/comment_thread.js' ausgeliefert (17543 bytes)
2026-05-18 02:52:25 [DEBUG   ] forensic.server.http_server (http_server.py:115): HTTP "GET /_forensic/comment_thread.js HTTP/1.1" 200 -
2026-05-18 02:52:25 [DEBUG   ] forensic.forensic_api.static (static.py:139): Static: '/_forensic/report_editor.js' ausgeliefert (164395 bytes)
2026-05-18 02:52:25 [DEBUG   ] forensic.server.http_server (http_server.py:115): HTTP "GET /_forensic/report_editor.js HTTP/1.1" 200 -
2026-05-18 02:52:25 [DEBUG   ] forensic.server.router (router.py:104): Router: GET /_forensic/userinfo.js (ajax=False)
2026-05-18 02:52:25 [DEBUG   ] forensic.forensic_api.static (static.py:139): Static: '/_forensic/userinfo.js' ausgeliefert (73211 bytes)
2026-05-18 02:52:25 [DEBUG   ] forensic.server.http_server (http_server.py:115): HTTP "GET /_forensic/userinfo.js HTTP/1.1" 200 -
2026-05-18 02:52:25 [DEBUG   ] forensic.server.router (router.py:104): Router: GET /_forensic/static/editor/editor.bundle.js.map (ajax=False)
2026-05-18 02:52:25 [DEBUG   ] forensic.forensic_api.static (static.py:203): Editor-Asset: 'editor.bundle.js.map' ausgeliefert (939250 bytes)
2026-05-18 02:52:25 [DEBUG   ] forensic.server.http_server (http_server.py:115): HTTP "GET /_forensic/static/editor/editor.bundle.js.map HTTP/1.1" 200 -
2026-05-18 02:52:25 [DEBUG   ] forensic.server.router (router.py:104): Router: GET /_forensic/version (ajax=True)
2026-05-18 02:52:25 [DEBUG   ] forensic.server.http_server (http_server.py:115): HTTP "GET /_forensic/version HTTP/1.1" 200 -
2026-05-18 02:52:25 [DEBUG   ] forensic.server.router (router.py:104): Router: POST /_forensic/windows (ajax=True)
2026-05-18 02:52:25 [DEBUG   ] forensic.forensic_api.windows (windows.py:186): /_forensic/windows POST: Fenster 'ed799376-b485-4431-ab1c-20777357870a' (Rolle 'userinfo') registriert
2026-05-18 02:52:25 [DEBUG   ] forensic.server.http_server (http_server.py:115): HTTP "POST /_forensic/windows HTTP/1.1" 200 -
2026-05-18 02:52:25 [DEBUG   ] forensic.server.router (router.py:104): Router: GET /_forensic/events (ajax=False)
2026-05-18 02:52:25 [DEBUG   ] forensic.server.http_server (http_server.py:115): HTTP "GET /_forensic/events HTTP/1.1" 200 -
2026-05-18 02:52:25 [DEBUG   ] forensic.server.router (router.py:104): Router: POST /_forensic/report (ajax=False)
2026-05-18 02:52:25 [INFO    ] forensic.db.evidence_db (evidence_db.py:1883): Editor-Lock erworben: 'paul' rid=None (lock_id=f8782cef-4035-4343-8670-b74c9056ed18)
2026-05-18 02:52:25 [DEBUG   ] forensic.server.http_server (http_server.py:115): HTTP "POST /_forensic/report HTTP/1.1" 200 -
2026-05-18 02:52:25 [INFO    ] forensic.forensic_api.report (report.py:957): acquire_lock: 'paul' hat Lock erworben (sse_client=1bfcf4ed-a2cf-4c51-b236-1994fd3a92c1)
2026-05-18 02:52:25 [DEBUG   ] forensic.server.router (router.py:104): Router: POST /_forensic/windows (ajax=True)
2026-05-18 02:52:25 [DEBUG   ] forensic.forensic_api.windows (windows.py:186): /_forensic/windows POST: Fenster '9e5ff66a-0bd6-49b1-9417-0b194c0b0fd1' (Rolle 'report') registriert
2026-05-18 02:52:25 [DEBUG   ] forensic.server.http_server (http_server.py:115): HTTP "POST /_forensic/windows HTTP/1.1" 200 -
2026-05-18 02:52:25 [DEBUG   ] forensic.server.router (router.py:104): Router: GET /_forensic/reports (ajax=True)
2026-05-18 02:52:25 [DEBUG   ] forensic.server.router (router.py:104): Router: GET /favicon.ico (ajax=False)
2026-05-18 02:52:25 [DEBUG   ] forensic.db.forensic_db (forensic_db.py:264): Seite nicht im Scope: '/favicon.ico' (method=GET)
2026-05-18 02:52:25 [DEBUG   ] forensic.server.shell_handler (shell_handler.py:133): Shell: NOT_IN_SCOPE für '/favicon.ico'
2026-05-18 02:52:25 [DEBUG   ] forensic.server.http_server (http_server.py:115): HTTP "GET /_forensic/reports HTTP/1.1" 200 -
2026-05-18 02:52:25 [DEBUG   ] forensic.server.http_server (http_server.py:115): HTTP "GET /favicon.ico HTTP/1.1" 404 -
2026-05-18 02:52:25 [DEBUG   ] forensic.forensic_api.reports (reports.py:91): /_forensic/reports (GET): 2 Berichte ausgeliefert
2026-05-18 02:52:25 [DEBUG   ] forensic.server.router (router.py:104): Router: GET /_forensic/report (ajax=True)
2026-05-18 02:52:25 [DEBUG   ] forensic.server.http_server (http_server.py:115): HTTP "GET /_forensic/report?format=json&report_id=1 HTTP/1.1" 200 -
2026-05-18 02:52:25 [DEBUG   ] forensic.server.router (router.py:104): Router: GET /_forensic/placeholders/values (ajax=True)
2026-05-18 02:52:25 [DEBUG   ] forensic.server.http_server (http_server.py:115): HTTP "GET /_forensic/placeholders/values?report_id=1 HTTP/1.1" 200 -
2026-05-18 02:52:31 [DEBUG   ] forensic.server.router (router.py:104): Router: POST /_forensic/windows (ajax=True)
2026-05-18 02:52:31 [DEBUG   ] forensic.forensic_api.windows (windows.py:186): /_forensic/windows POST: Fenster 'ac276cc1-814e-4577-ae23-68aea9638533' (Rolle 'main') registriert
2026-05-18 02:52:31 [DEBUG   ] forensic.server.http_server (http_server.py:115): HTTP "POST /_forensic/windows HTTP/1.1" 200 -
2026-05-18 02:52:40 [DEBUG   ] forensic.server.router (router.py:104): Router: GET /_forensic/report (ajax=True)
2026-05-18 02:52:40 [DEBUG   ] forensic.server.http_server (http_server.py:115): HTTP "GET /_forensic/report?format=json&report_id=1 HTTP/1.1" 200 -
2026-05-18 02:52:40 [DEBUG   ] forensic.server.router (router.py:104): Router: POST /_forensic/report (ajax=False)
2026-05-18 02:52:40 [DEBUG   ] forensic.server.router (router.py:104): Router: GET /_forensic/placeholders/values (ajax=True)
2026-05-18 02:52:40 [DEBUG   ] forensic.server.http_server (http_server.py:115): HTTP "GET /_forensic/placeholders/values?report_id=1 HTTP/1.1" 200 -
2026-05-18 02:52:40 [INFO    ] forensic.db.evidence_db (evidence_db.py:1904): Editor-Lock freigegeben (lock_id=f8782cef-4035-4343-8670-b74c9056ed18)
2026-05-18 02:52:40 [DEBUG   ] forensic.server.http_server (http_server.py:115): HTTP "POST /_forensic/report HTTP/1.1" 200 -
2026-05-18 02:52:40 [DEBUG   ] forensic.server.router (router.py:104): Router: GET /_forensic/report (ajax=True)
2026-05-18 02:52:40 [DEBUG   ] forensic.server.http_server (http_server.py:115): HTTP "GET /_forensic/report?format=json&report_id=2 HTTP/1.1" 200 -
2026-05-18 02:52:40 [DEBUG   ] forensic.server.router (router.py:104): Router: POST /_forensic/report (ajax=False)
2026-05-18 02:52:40 [INFO    ] forensic.db.evidence_db (evidence_db.py:1883): Editor-Lock erworben: 'paul' rid=None (lock_id=ff1ede48-0188-413b-9444-9a266838a91c)
2026-05-18 02:52:40 [DEBUG   ] forensic.server.http_server (http_server.py:115): HTTP "POST /_forensic/report HTTP/1.1" 200 -
2026-05-18 02:52:40 [INFO    ] forensic.forensic_api.report (report.py:957): acquire_lock: 'paul' hat Lock erworben (sse_client=1bfcf4ed-a2cf-4c51-b236-1994fd3a92c1)
2026-05-18 02:52:40 [DEBUG   ] forensic.server.router (router.py:104): Router: GET /_forensic/placeholders/values (ajax=True)
2026-05-18 02:52:40 [DEBUG   ] forensic.server.http_server (http_server.py:115): HTTP "GET /_forensic/placeholders/values?report_id=2 HTTP/1.1" 200 -
2026-05-18 02:52:40 [DEBUG   ] forensic.server.router (router.py:104): Router: GET /_forensic/report (ajax=True)
2026-05-18 02:52:40 [DEBUG   ] forensic.server.http_server (http_server.py:115): HTTP "GET /_forensic/report?format=json&report_id=2 HTTP/1.1" 200 -
2026-05-18 02:52:40 [DEBUG   ] forensic.server.router (router.py:104): Router: GET /_forensic/placeholders/values (ajax=True)
2026-05-18 02:52:40 [DEBUG   ] forensic.server.http_server (http_server.py:115): HTTP "GET /_forensic/placeholders/values?report_id=2 HTTP/1.1" 200 -
2026-05-18 02:52:40 [DEBUG   ] forensic.server.router (router.py:104): Router: GET /icons/IconQuote.svg (ajax=False)
2026-05-18 02:52:40 [DEBUG   ] forensic.forensic_api.static (static.py:311): Icons-Asset: 'IconQuote.svg' ausgeliefert (1781 bytes)
2026-05-18 02:52:40 [DEBUG   ] forensic.server.http_server (http_server.py:115): HTTP "GET /icons/IconQuote.svg HTTP/1.1" 200 -
2026-05-18 02:52:47 [DEBUG   ] forensic.server.router (router.py:104): Router: POST /_forensic/editor/block (ajax=False)
2026-05-18 02:52:47 [DEBUG   ] forensic.forensic_api.editor_block (editor_block.py:179): _action_save eingehend: block_id='069368b2-2a8f-467e-8463-4620a39faa9e' block_type='paragraph' block_data_type=dict owner='paul' report_id=2 placeholder_values_json_len=None
2026-05-18 02:52:47 [INFO    ] forensic.db.evidence_db (evidence_db.py:1327): Block gespeichert: block_id=069368b2-2a8f-467e-8463-4620a39faa9e type=paragraph report_id=2 von 'paul'
2026-05-18 02:52:47 [DEBUG   ] forensic.server.http_server (http_server.py:115): HTTP "POST /_forensic/editor/block HTTP/1.1" 200 -
2026-05-18 02:52:47 [INFO    ] forensic.forensic_api.editor_block (editor_block.py:367): Block gespeichert: block_id=069368b2-2a8f-467e-8463-4620a39faa9e type=paragraph owner=paul
2026-05-18 02:52:47 [DEBUG   ] forensic.server.router (router.py:104): Router: POST /_forensic/editor/block (ajax=False)
2026-05-18 02:52:47 [DEBUG   ] forensic.forensic_api.editor_block (editor_block.py:179): _action_save eingehend: block_id='wMhcsZbK1z' block_type='quote' block_data_type=dict owner='paul' report_id=2 placeholder_values_json_len=None
2026-05-18 02:52:47 [INFO    ] forensic.db.evidence_db (evidence_db.py:1327): Block gespeichert: block_id=wMhcsZbK1z type=quote report_id=2 von 'paul'
2026-05-18 02:52:47 [DEBUG   ] forensic.server.http_server (http_server.py:115): HTTP "POST /_forensic/editor/block HTTP/1.1" 200 -
2026-05-18 02:52:47 [INFO    ] forensic.forensic_api.editor_block (editor_block.py:367): Block gespeichert: block_id=wMhcsZbK1z type=quote owner=paul
2026-05-18 02:52:47 [DEBUG   ] forensic.server.router (router.py:104): Router: POST /_forensic/editor/order (ajax=False)
2026-05-18 02:52:47 [DEBUG   ] forensic.server.http_server (http_server.py:115): HTTP "POST /_forensic/editor/order HTTP/1.1" 200 -
2026-05-18 02:52:47 [INFO    ] forensic.forensic_api.editor_order (editor_order.py:174): Blockreihenfolge aktualisiert: report_id=2, 2 Eintraege von 'paul'
2026-05-18 02:52:47 [DEBUG   ] forensic.server.router (router.py:104): Router: GET /_forensic/report (ajax=True)
2026-05-18 02:52:47 [DEBUG   ] forensic.server.http_server (http_server.py:115): HTTP "GET /_forensic/report?format=json&report_id=2 HTTP/1.1" 200 -
2026-05-18 02:52:47 [DEBUG   ] forensic.server.router (router.py:104): Router: GET /_forensic/placeholders/values (ajax=True)
2026-05-18 02:52:47 [DEBUG   ] forensic.server.router (router.py:104): Router: POST /_forensic/report (ajax=False)
2026-05-18 02:52:47 [INFO    ] forensic.db.evidence_db (evidence_db.py:1904): Editor-Lock freigegeben (lock_id=ff1ede48-0188-413b-9444-9a266838a91c)
2026-05-18 02:52:47 [DEBUG   ] forensic.server.http_server (http_server.py:115): HTTP "GET /_forensic/placeholders/values?report_id=2 HTTP/1.1" 200 -
2026-05-18 02:52:47 [DEBUG   ] forensic.server.http_server (http_server.py:115): HTTP "POST /_forensic/report HTTP/1.1" 200 -
2026-05-18 02:52:47 [DEBUG   ] forensic.server.router (router.py:104): Router: GET /_forensic/report (ajax=True)
2026-05-18 02:52:47 [DEBUG   ] forensic.server.http_server (http_server.py:115): HTTP "GET /_forensic/report?format=json&report_id=1 HTTP/1.1" 200 -
2026-05-18 02:52:47 [DEBUG   ] forensic.server.router (router.py:104): Router: POST /_forensic/report (ajax=False)
2026-05-18 02:52:47 [INFO    ] forensic.db.evidence_db (evidence_db.py:1883): Editor-Lock erworben: 'paul' rid=None (lock_id=8c5fa40e-eb5f-4dcd-a9e1-e7398f5f0bec)
2026-05-18 02:52:47 [DEBUG   ] forensic.server.http_server (http_server.py:115): HTTP "POST /_forensic/report HTTP/1.1" 200 -
2026-05-18 02:52:47 [INFO    ] forensic.forensic_api.report (report.py:957): acquire_lock: 'paul' hat Lock erworben (sse_client=1bfcf4ed-a2cf-4c51-b236-1994fd3a92c1)
2026-05-18 02:52:47 [DEBUG   ] forensic.server.router (router.py:104): Router: GET /_forensic/placeholders/values (ajax=True)
2026-05-18 02:52:47 [DEBUG   ] forensic.server.http_server (http_server.py:115): HTTP "GET /_forensic/placeholders/values?report_id=1 HTTP/1.1" 200 -
2026-05-18 02:52:47 [DEBUG   ] forensic.server.router (router.py:104): Router: GET /_forensic/report (ajax=True)
2026-05-18 02:52:47 [DEBUG   ] forensic.server.http_server (http_server.py:115): HTTP "GET /_forensic/report?format=json&report_id=1 HTTP/1.1" 200 -
2026-05-18 02:52:47 [DEBUG   ] forensic.server.router (router.py:104): Router: GET /_forensic/placeholders/values (ajax=True)
2026-05-18 02:52:47 [DEBUG   ] forensic.server.http_server (http_server.py:115): HTTP "GET /_forensic/placeholders/values?report_id=1 HTTP/1.1" 200 -
2026-05-18 02:52:49 [DEBUG   ] forensic.server.router (router.py:104): Router: GET /_forensic/report (ajax=True)
2026-05-18 02:52:49 [DEBUG   ] forensic.server.http_server (http_server.py:115): HTTP "GET /_forensic/report?format=json&report_id=1 HTTP/1.1" 200 -
2026-05-18 02:52:49 [DEBUG   ] forensic.server.router (router.py:104): Router: POST /_forensic/report (ajax=False)
2026-05-18 02:52:49 [DEBUG   ] forensic.server.router (router.py:104): Router: GET /_forensic/placeholders/values (ajax=True)
2026-05-18 02:52:49 [DEBUG   ] forensic.server.http_server (http_server.py:115): HTTP "GET /_forensic/placeholders/values?report_id=1 HTTP/1.1" 200 -
2026-05-18 02:52:49 [INFO    ] forensic.db.evidence_db (evidence_db.py:1904): Editor-Lock freigegeben (lock_id=8c5fa40e-eb5f-4dcd-a9e1-e7398f5f0bec)
2026-05-18 02:52:49 [DEBUG   ] forensic.server.http_server (http_server.py:115): HTTP "POST /_forensic/report HTTP/1.1" 200 -
2026-05-18 02:52:49 [DEBUG   ] forensic.server.router (router.py:104): Router: GET /_forensic/report (ajax=True)
2026-05-18 02:52:49 [DEBUG   ] forensic.server.http_server (http_server.py:115): HTTP "GET /_forensic/report?format=json&report_id=2 HTTP/1.1" 200 -
2026-05-18 02:52:49 [DEBUG   ] forensic.server.router (router.py:104): Router: POST /_forensic/report (ajax=False)
2026-05-18 02:52:49 [INFO    ] forensic.db.evidence_db (evidence_db.py:1883): Editor-Lock erworben: 'paul' rid=None (lock_id=be562ec5-49d8-4756-ae08-8c0a111f48e1)
2026-05-18 02:52:49 [DEBUG   ] forensic.server.http_server (http_server.py:115): HTTP "POST /_forensic/report HTTP/1.1" 200 -
2026-05-18 02:52:49 [INFO    ] forensic.forensic_api.report (report.py:957): acquire_lock: 'paul' hat Lock erworben (sse_client=1bfcf4ed-a2cf-4c51-b236-1994fd3a92c1)
2026-05-18 02:52:49 [DEBUG   ] forensic.server.router (router.py:104): Router: GET /_forensic/report (ajax=True)
2026-05-18 02:52:49 [DEBUG   ] forensic.server.http_server (http_server.py:115): HTTP "GET /_forensic/report?format=json&report_id=2 HTTP/1.1" 200 -
2026-05-18 02:52:49 [DEBUG   ] forensic.server.router (router.py:104): Router: GET /_forensic/placeholders/values (ajax=True)
2026-05-18 02:52:49 [DEBUG   ] forensic.server.http_server (http_server.py:115): HTTP "GET /_forensic/placeholders/values?report_id=2 HTTP/1.1" 200 -
2026-05-18 02:52:53 [DEBUG   ] forensic.server.router (router.py:104): Router: POST /_forensic/editor/block (ajax=False)
2026-05-18 02:52:53 [DEBUG   ] forensic.forensic_api.editor_block (editor_block.py:179): _action_save eingehend: block_id='069368b2-2a8f-467e-8463-4620a39faa9e' block_type='paragraph' block_data_type=dict owner='paul' report_id=2 placeholder_values_json_len=None
2026-05-18 02:52:53 [INFO    ] forensic.db.evidence_db (evidence_db.py:1327): Block gespeichert: block_id=069368b2-2a8f-467e-8463-4620a39faa9e type=paragraph report_id=2 von 'paul'
2026-05-18 02:52:53 [DEBUG   ] forensic.server.http_server (http_server.py:115): HTTP "POST /_forensic/editor/block HTTP/1.1" 200 -
2026-05-18 02:52:53 [INFO    ] forensic.forensic_api.editor_block (editor_block.py:367): Block gespeichert: block_id=069368b2-2a8f-467e-8463-4620a39faa9e type=paragraph owner=paul
2026-05-18 02:52:53 [DEBUG   ] forensic.server.router (router.py:104): Router: POST /_forensic/editor/block (ajax=False)
2026-05-18 02:52:53 [DEBUG   ] forensic.forensic_api.editor_block (editor_block.py:179): _action_save eingehend: block_id='wMhcsZbK1z' block_type='quote' block_data_type=dict owner='paul' report_id=2 placeholder_values_json_len=None
2026-05-18 02:52:53 [INFO    ] forensic.db.evidence_db (evidence_db.py:1327): Block gespeichert: block_id=wMhcsZbK1z type=quote report_id=2 von 'paul'
2026-05-18 02:52:53 [DEBUG   ] forensic.server.http_server (http_server.py:115): HTTP "POST /_forensic/editor/block HTTP/1.1" 200 -
2026-05-18 02:52:53 [INFO    ] forensic.forensic_api.editor_block (editor_block.py:367): Block gespeichert: block_id=wMhcsZbK1z type=quote owner=paul
2026-05-18 02:52:53 [DEBUG   ] forensic.server.router (router.py:104): Router: POST /_forensic/editor/order (ajax=False)
2026-05-18 02:52:53 [DEBUG   ] forensic.server.http_server (http_server.py:115): HTTP "POST /_forensic/editor/order HTTP/1.1" 200 -
2026-05-18 02:52:53 [INFO    ] forensic.forensic_api.editor_order (editor_order.py:174): Blockreihenfolge aktualisiert: report_id=2, 2 Eintraege von 'paul'
2026-05-18 02:52:53 [DEBUG   ] forensic.server.router (router.py:104): Router: GET /_forensic/report (ajax=True)
2026-05-18 02:52:53 [DEBUG   ] forensic.server.http_server (http_server.py:115): HTTP "GET /_forensic/report?format=json&report_id=2 HTTP/1.1" 200 -
2026-05-18 02:52:53 [DEBUG   ] forensic.server.router (router.py:104): Router: POST /_forensic/report (ajax=False)
2026-05-18 02:52:53 [DEBUG   ] forensic.server.router (router.py:104): Router: GET /_forensic/placeholders/values (ajax=True)
2026-05-18 02:52:53 [INFO    ] forensic.db.evidence_db (evidence_db.py:1904): Editor-Lock freigegeben (lock_id=be562ec5-49d8-4756-ae08-8c0a111f48e1)
2026-05-18 02:52:53 [DEBUG   ] forensic.server.http_server (http_server.py:115): HTTP "POST /_forensic/report HTTP/1.1" 200 -
2026-05-18 02:52:53 [DEBUG   ] forensic.server.http_server (http_server.py:115): HTTP "GET /_forensic/placeholders/values?report_id=2 HTTP/1.1" 200 -
2026-05-18 02:52:53 [DEBUG   ] forensic.server.router (router.py:104): Router: GET /_forensic/report (ajax=True)
2026-05-18 02:52:53 [DEBUG   ] forensic.server.http_server (http_server.py:115): HTTP "GET /_forensic/report?format=json&report_id=1 HTTP/1.1" 200 -
2026-05-18 02:52:53 [DEBUG   ] forensic.server.router (router.py:104): Router: POST /_forensic/report (ajax=False)
2026-05-18 02:52:53 [DEBUG   ] forensic.server.router (router.py:104): Router: GET /_forensic/placeholders/values (ajax=True)
2026-05-18 02:52:53 [INFO    ] forensic.db.evidence_db (evidence_db.py:1883): Editor-Lock erworben: 'paul' rid=None (lock_id=48888883-4e13-4333-8950-eec7bf2f7442)
2026-05-18 02:52:53 [DEBUG   ] forensic.server.http_server (http_server.py:115): HTTP "POST /_forensic/report HTTP/1.1" 200 -
2026-05-18 02:52:53 [DEBUG   ] forensic.server.http_server (http_server.py:115): HTTP "GET /_forensic/placeholders/values?report_id=1 HTTP/1.1" 200 -
2026-05-18 02:52:53 [INFO    ] forensic.forensic_api.report (report.py:957): acquire_lock: 'paul' hat Lock erworben (sse_client=1bfcf4ed-a2cf-4c51-b236-1994fd3a92c1)
2026-05-18 02:52:53 [DEBUG   ] forensic.server.router (router.py:104): Router: GET /_forensic/report (ajax=True)
2026-05-18 02:52:53 [DEBUG   ] forensic.server.http_server (http_server.py:115): HTTP "GET /_forensic/report?format=json&report_id=1 HTTP/1.1" 200 -
2026-05-18 02:52:53 [DEBUG   ] forensic.server.router (router.py:104): Router: GET /_forensic/placeholders/values (ajax=True)
2026-05-18 02:52:53 [DEBUG   ] forensic.server.http_server (http_server.py:115): HTTP "GET /_forensic/placeholders/values?report_id=1 HTTP/1.1" 200 -
2026-05-18 02:52:54 [DEBUG   ] forensic (main.py:447): Watchdog: Heartbeat (Dump: 'logs/freeze_dump.txt')
2026-05-18 02:52:55 [DEBUG   ] forensic.server.router (router.py:104): Router: POST /_forensic/windows (ajax=True)
2026-05-18 02:52:55 [DEBUG   ] forensic.forensic_api.windows (windows.py:186): /_forensic/windows POST: Fenster 'ed799376-b485-4431-ab1c-20777357870a' (Rolle 'userinfo') registriert
2026-05-18 02:52:55 [DEBUG   ] forensic.server.http_server (http_server.py:115): HTTP "POST /_forensic/windows HTTP/1.1" 200 -
2026-05-18 02:52:55 [DEBUG   ] forensic.server.router (router.py:104): Router: POST /_forensic/windows (ajax=True)
2026-05-18 02:52:55 [DEBUG   ] forensic.forensic_api.windows (windows.py:186): /_forensic/windows POST: Fenster '9e5ff66a-0bd6-49b1-9417-0b194c0b0fd1' (Rolle 'report') registriert
2026-05-18 02:52:55 [DEBUG   ] forensic.server.http_server (http_server.py:115): HTTP "POST /_forensic/windows HTTP/1.1" 200 -
2026-05-18 02:52:55 [DEBUG   ] forensic.server.router (router.py:104): Router: GET /_forensic/report (ajax=True)
2026-05-18 02:52:55 [DEBUG   ] forensic.server.http_server (http_server.py:115): HTTP "GET /_forensic/report?format=json&report_id=1 HTTP/1.1" 200 -
2026-05-18 02:52:55 [DEBUG   ] forensic.server.router (router.py:104): Router: POST /_forensic/report (ajax=False)
2026-05-18 02:52:55 [DEBUG   ] forensic.server.router (router.py:104): Router: GET /_forensic/placeholders/values (ajax=True)
2026-05-18 02:52:55 [DEBUG   ] forensic.server.http_server (http_server.py:115): HTTP "GET /_forensic/placeholders/values?report_id=1 HTTP/1.1" 200 -
2026-05-18 02:52:55 [INFO    ] forensic.db.evidence_db (evidence_db.py:1904): Editor-Lock freigegeben (lock_id=48888883-4e13-4333-8950-eec7bf2f7442)
2026-05-18 02:52:55 [DEBUG   ] forensic.server.http_server (http_server.py:115): HTTP "POST /_forensic/report HTTP/1.1" 200 -
2026-05-18 02:52:55 [DEBUG   ] forensic.server.router (router.py:104): Router: GET /_forensic/report (ajax=True)
2026-05-18 02:52:55 [DEBUG   ] forensic.server.http_server (http_server.py:115): HTTP "GET /_forensic/report?format=json&report_id=2 HTTP/1.1" 200 -
2026-05-18 02:52:55 [DEBUG   ] forensic.server.router (router.py:104): Router: POST /_forensic/report (ajax=False)
2026-05-18 02:52:55 [INFO    ] forensic.db.evidence_db (evidence_db.py:1883): Editor-Lock erworben: 'paul' rid=None (lock_id=88d3e1a0-8605-4431-a875-5d991154996f)
2026-05-18 02:52:55 [DEBUG   ] forensic.server.http_server (http_server.py:115): HTTP "POST /_forensic/report HTTP/1.1" 200 -
2026-05-18 02:52:55 [INFO    ] forensic.forensic_api.report (report.py:957): acquire_lock: 'paul' hat Lock erworben (sse_client=1bfcf4ed-a2cf-4c51-b236-1994fd3a92c1)
2026-05-18 02:52:55 [DEBUG   ] forensic.server.router (router.py:104): Router: GET /_forensic/placeholders/values (ajax=True)
2026-05-18 02:52:55 [DEBUG   ] forensic.server.http_server (http_server.py:115): HTTP "GET /_forensic/placeholders/values?report_id=2 HTTP/1.1" 200 -
2026-05-18 02:52:55 [DEBUG   ] forensic.server.router (router.py:104): Router: GET /_forensic/report (ajax=True)
2026-05-18 02:52:55 [DEBUG   ] forensic.server.http_server (http_server.py:115): HTTP "GET /_forensic/report?format=json&report_id=2 HTTP/1.1" 200 -
2026-05-18 02:52:55 [DEBUG   ] forensic.server.router (router.py:104): Router: GET /_forensic/placeholders/values (ajax=True)
2026-05-18 02:52:55 [DEBUG   ] forensic.server.http_server (http_server.py:115): HTTP "GET /_forensic/placeholders/values?report_id=2 HTTP/1.1" 200 -
2026-05-18 02:52:57 [DEBUG   ] forensic.server.router (router.py:104): Router: POST /_forensic/editor/block (ajax=False)
2026-05-18 02:52:57 [DEBUG   ] forensic.forensic_api.editor_block (editor_block.py:179): _action_save eingehend: block_id='069368b2-2a8f-467e-8463-4620a39faa9e' block_type='paragraph' block_data_type=dict owner='paul' report_id=2 placeholder_values_json_len=None
2026-05-18 02:52:57 [INFO    ] forensic.db.evidence_db (evidence_db.py:1327): Block gespeichert: block_id=069368b2-2a8f-467e-8463-4620a39faa9e type=paragraph report_id=2 von 'paul'
2026-05-18 02:52:57 [DEBUG   ] forensic.server.http_server (http_server.py:115): HTTP "POST /_forensic/editor/block HTTP/1.1" 200 -
2026-05-18 02:52:57 [INFO    ] forensic.forensic_api.editor_block (editor_block.py:367): Block gespeichert: block_id=069368b2-2a8f-467e-8463-4620a39faa9e type=paragraph owner=paul
2026-05-18 02:52:57 [DEBUG   ] forensic.server.router (router.py:104): Router: POST /_forensic/editor/block (ajax=False)
2026-05-18 02:52:57 [DEBUG   ] forensic.forensic_api.editor_block (editor_block.py:179): _action_save eingehend: block_id='wMhcsZbK1z' block_type='quote' block_data_type=dict owner='paul' report_id=2 placeholder_values_json_len=None
2026-05-18 02:52:57 [INFO    ] forensic.db.evidence_db (evidence_db.py:1327): Block gespeichert: block_id=wMhcsZbK1z type=quote report_id=2 von 'paul'
2026-05-18 02:52:57 [DEBUG   ] forensic.server.http_server (http_server.py:115): HTTP "POST /_forensic/editor/block HTTP/1.1" 200 -
2026-05-18 02:52:57 [INFO    ] forensic.forensic_api.editor_block (editor_block.py:367): Block gespeichert: block_id=wMhcsZbK1z type=quote owner=paul
2026-05-18 02:52:57 [DEBUG   ] forensic.server.router (router.py:104): Router: POST /_forensic/editor/order (ajax=False)
2026-05-18 02:52:57 [DEBUG   ] forensic.server.http_server (http_server.py:115): HTTP "POST /_forensic/editor/order HTTP/1.1" 200 -
2026-05-18 02:52:57 [INFO    ] forensic.forensic_api.editor_order (editor_order.py:174): Blockreihenfolge aktualisiert: report_id=2, 2 Eintraege von 'paul'
2026-05-18 02:52:57 [DEBUG   ] forensic.server.router (router.py:104): Router: GET /_forensic/report (ajax=True)
2026-05-18 02:52:57 [DEBUG   ] forensic.server.http_server (http_server.py:115): HTTP "GET /_forensic/report?format=json&report_id=2 HTTP/1.1" 200 -
2026-05-18 02:52:57 [DEBUG   ] forensic.server.router (router.py:104): Router: POST /_forensic/report (ajax=False)
2026-05-18 02:52:57 [DEBUG   ] forensic.server.router (router.py:104): Router: GET /_forensic/placeholders/values (ajax=True)
2026-05-18 02:52:57 [DEBUG   ] forensic.server.http_server (http_server.py:115): HTTP "GET /_forensic/placeholders/values?report_id=2 HTTP/1.1" 200 -
2026-05-18 02:52:57 [INFO    ] forensic.db.evidence_db (evidence_db.py:1904): Editor-Lock freigegeben (lock_id=88d3e1a0-8605-4431-a875-5d991154996f)
2026-05-18 02:52:57 [DEBUG   ] forensic.server.http_server (http_server.py:115): HTTP "POST /_forensic/report HTTP/1.1" 200 -
2026-05-18 02:52:57 [WARNING ] forensic.db.coordinator_db (coordinator_db.py:161): get_support_status(): Fehler beim Lesen — gebe inactive zurück: tuple index out of range
2026-05-18 02:52:57 [WARNING ] forensic.db.coordinator_db (coordinator_db.py:161): get_support_status(): Fehler beim Lesen — gebe inactive zurück: tuple index out of range
2026-05-18 02:52:57 [DEBUG   ] forensic.server.router (router.py:104): Router: GET /_forensic/report (ajax=True)
2026-05-18 02:52:57 [DEBUG   ] forensic.server.http_server (http_server.py:115): HTTP "GET /_forensic/report?format=json&report_id=1 HTTP/1.1" 200 -
2026-05-18 02:52:57 [DEBUG   ] forensic.server.router (router.py:104): Router: POST /_forensic/report (ajax=False)
2026-05-18 02:52:57 [DEBUG   ] forensic.server.router (router.py:104): Router: GET /_forensic/placeholders/values (ajax=True)
2026-05-18 02:52:57 [INFO    ] forensic.db.evidence_db (evidence_db.py:1883): Editor-Lock erworben: 'paul' rid=None (lock_id=95d226b3-9926-4e59-80ea-4041072181aa)
2026-05-18 02:52:57 [DEBUG   ] forensic.server.http_server (http_server.py:115): HTTP "POST /_forensic/report HTTP/1.1" 200 -
2026-05-18 02:52:57 [DEBUG   ] forensic.server.http_server (http_server.py:115): HTTP "GET /_forensic/placeholders/values?report_id=1 HTTP/1.1" 200 -
2026-05-18 02:52:57 [INFO    ] forensic.forensic_api.report (report.py:957): acquire_lock: 'paul' hat Lock erworben (sse_client=1bfcf4ed-a2cf-4c51-b236-1994fd3a92c1)
2026-05-18 02:52:57 [DEBUG   ] forensic.server.router (router.py:104): Router: GET /_forensic/report (ajax=True)
2026-05-18 02:52:57 [DEBUG   ] forensic.server.http_server (http_server.py:115): HTTP "GET /_forensic/report?format=json&report_id=1 HTTP/1.1" 200 -
2026-05-18 02:52:57 [DEBUG   ] forensic.server.router (router.py:104): Router: GET /_forensic/placeholders/values (ajax=True)
2026-05-18 02:52:57 [DEBUG   ] forensic.server.http_server (http_server.py:115): HTTP "GET /_forensic/placeholders/values?report_id=1 HTTP/1.1" 200 -
2026-05-18 02:52:59 [DEBUG   ] forensic.server.router (router.py:104): Router: GET /_forensic/report (ajax=True)
2026-05-18 02:52:59 [DEBUG   ] forensic.server.http_server (http_server.py:115): HTTP "GET /_forensic/report?format=json&report_id=1 HTTP/1.1" 200 -
2026-05-18 02:52:59 [DEBUG   ] forensic.server.router (router.py:104): Router: POST /_forensic/report (ajax=False)
2026-05-18 02:52:59 [DEBUG   ] forensic.server.router (router.py:104): Router: GET /_forensic/placeholders/values (ajax=True)
2026-05-18 02:52:59 [DEBUG   ] forensic.server.http_server (http_server.py:115): HTTP "GET /_forensic/placeholders/values?report_id=1 HTTP/1.1" 200 -
2026-05-18 02:52:59 [INFO    ] forensic.db.evidence_db (evidence_db.py:1904): Editor-Lock freigegeben (lock_id=95d226b3-9926-4e59-80ea-4041072181aa)
2026-05-18 02:52:59 [DEBUG   ] forensic.server.http_server (http_server.py:115): HTTP "POST /_forensic/report HTTP/1.1" 200 -
2026-05-18 02:52:59 [DEBUG   ] forensic.server.router (router.py:104): Router: GET /_forensic/report (ajax=True)
2026-05-18 02:52:59 [DEBUG   ] forensic.server.http_server (http_server.py:115): HTTP "GET /_forensic/report?format=json&report_id=2 HTTP/1.1" 200 -
2026-05-18 02:52:59 [DEBUG   ] forensic.server.router (router.py:104): Router: POST /_forensic/report (ajax=False)
2026-05-18 02:52:59 [INFO    ] forensic.db.evidence_db (evidence_db.py:1883): Editor-Lock erworben: 'paul' rid=None (lock_id=6470656f-3bfd-41b5-8eaf-ba9b39a23ff4)
2026-05-18 02:52:59 [DEBUG   ] forensic.server.http_server (http_server.py:115): HTTP "POST /_forensic/report HTTP/1.1" 200 -
2026-05-18 02:52:59 [INFO    ] forensic.forensic_api.report (report.py:957): acquire_lock: 'paul' hat Lock erworben (sse_client=1bfcf4ed-a2cf-4c51-b236-1994fd3a92c1)
2026-05-18 02:52:59 [DEBUG   ] forensic.server.router (router.py:104): Router: GET /_forensic/placeholders/values (ajax=True)
2026-05-18 02:52:59 [DEBUG   ] forensic.server.http_server (http_server.py:115): HTTP "GET /_forensic/placeholders/values?report_id=2 HTTP/1.1" 200 -
2026-05-18 02:52:59 [DEBUG   ] forensic.server.router (router.py:104): Router: GET /_forensic/report (ajax=True)
2026-05-18 02:52:59 [DEBUG   ] forensic.server.http_server (http_server.py:115): HTTP "GET /_forensic/report?format=json&report_id=2 HTTP/1.1" 200 -
2026-05-18 02:52:59 [DEBUG   ] forensic.server.router (router.py:104): Router: GET /_forensic/placeholders/values (ajax=True)
2026-05-18 02:52:59 [DEBUG   ] forensic.server.http_server (http_server.py:115): HTTP "GET /_forensic/placeholders/values?report_id=2 HTTP/1.1" 200 -
2026-05-18 02:53:01 [DEBUG   ] forensic.server.router (router.py:104): Router: POST /_forensic/editor/block (ajax=False)
2026-05-18 02:53:01 [DEBUG   ] forensic.forensic_api.editor_block (editor_block.py:179): _action_save eingehend: block_id='069368b2-2a8f-467e-8463-4620a39faa9e' block_type='paragraph' block_data_type=dict owner='paul' report_id=2 placeholder_values_json_len=None
2026-05-18 02:53:01 [DEBUG   ] forensic.server.router (router.py:104): Router: POST /_forensic/windows (ajax=True)
2026-05-18 02:53:01 [DEBUG   ] forensic.forensic_api.windows (windows.py:186): /_forensic/windows POST: Fenster 'ac276cc1-814e-4577-ae23-68aea9638533' (Rolle 'main') registriert
2026-05-18 02:53:01 [DEBUG   ] forensic.server.http_server (http_server.py:115): HTTP "POST /_forensic/windows HTTP/1.1" 200 -
2026-05-18 02:53:01 [INFO    ] forensic.db.evidence_db (evidence_db.py:1327): Block gespeichert: block_id=069368b2-2a8f-467e-8463-4620a39faa9e type=paragraph report_id=2 von 'paul'
2026-05-18 02:53:01 [DEBUG   ] forensic.server.http_server (http_server.py:115): HTTP "POST /_forensic/editor/block HTTP/1.1" 200 -
2026-05-18 02:53:01 [INFO    ] forensic.forensic_api.editor_block (editor_block.py:367): Block gespeichert: block_id=069368b2-2a8f-467e-8463-4620a39faa9e type=paragraph owner=paul
2026-05-18 02:53:01 [DEBUG   ] forensic.server.router (router.py:104): Router: POST /_forensic/editor/block (ajax=False)
2026-05-18 02:53:01 [DEBUG   ] forensic.forensic_api.editor_block (editor_block.py:179): _action_save eingehend: block_id='wMhcsZbK1z' block_type='quote' block_data_type=dict owner='paul' report_id=2 placeholder_values_json_len=None
2026-05-18 02:53:01 [INFO    ] forensic.db.evidence_db (evidence_db.py:1327): Block gespeichert: block_id=wMhcsZbK1z type=quote report_id=2 von 'paul'
2026-05-18 02:53:01 [DEBUG   ] forensic.server.http_server (http_server.py:115): HTTP "POST /_forensic/editor/block HTTP/1.1" 200 -
2026-05-18 02:53:01 [INFO    ] forensic.forensic_api.editor_block (editor_block.py:367): Block gespeichert: block_id=wMhcsZbK1z type=quote owner=paul
2026-05-18 02:53:01 [DEBUG   ] forensic.server.router (router.py:104): Router: POST /_forensic/editor/order (ajax=False)
2026-05-18 02:53:01 [DEBUG   ] forensic.server.http_server (http_server.py:115): HTTP "POST /_forensic/editor/order HTTP/1.1" 200 -
2026-05-18 02:53:01 [INFO    ] forensic.forensic_api.editor_order (editor_order.py:174): Blockreihenfolge aktualisiert: report_id=2, 2 Eintraege von 'paul'
2026-05-18 02:53:01 [DEBUG   ] forensic.server.router (router.py:104): Router: GET /_forensic/report (ajax=True)
2026-05-18 02:53:01 [DEBUG   ] forensic.server.http_server (http_server.py:115): HTTP "GET /_forensic/report?format=json&report_id=2 HTTP/1.1" 200 -
2026-05-18 02:53:01 [DEBUG   ] forensic.server.router (router.py:104): Router: POST /_forensic/report (ajax=False)
2026-05-18 02:53:01 [DEBUG   ] forensic.server.router (router.py:104): Router: GET /_forensic/placeholders/values (ajax=True)
2026-05-18 02:53:01 [INFO    ] forensic.db.evidence_db (evidence_db.py:1904): Editor-Lock freigegeben (lock_id=6470656f-3bfd-41b5-8eaf-ba9b39a23ff4)
2026-05-18 02:53:01 [DEBUG   ] forensic.server.http_server (http_server.py:115): HTTP "GET /_forensic/placeholders/values?report_id=2 HTTP/1.1" 200 -
2026-05-18 02:53:01 [DEBUG   ] forensic.server.http_server (http_server.py:115): HTTP "POST /_forensic/report HTTP/1.1" 200 -
2026-05-18 02:53:01 [DEBUG   ] forensic.server.router (router.py:104): Router: GET /_forensic/report (ajax=True)
2026-05-18 02:53:01 [DEBUG   ] forensic.server.http_server (http_server.py:115): HTTP "GET /_forensic/report?format=json&report_id=1 HTTP/1.1" 200 -
2026-05-18 02:53:01 [DEBUG   ] forensic.server.router (router.py:104): Router: POST /_forensic/report (ajax=False)
2026-05-18 02:53:01 [INFO    ] forensic.db.evidence_db (evidence_db.py:1883): Editor-Lock erworben: 'paul' rid=None (lock_id=637b6db7-4855-4c1f-90aa-a513f5c4927c)
2026-05-18 02:53:01 [DEBUG   ] forensic.server.http_server (http_server.py:115): HTTP "POST /_forensic/report HTTP/1.1" 200 -
2026-05-18 02:53:01 [INFO    ] forensic.forensic_api.report (report.py:957): acquire_lock: 'paul' hat Lock erworben (sse_client=1bfcf4ed-a2cf-4c51-b236-1994fd3a92c1)
2026-05-18 02:53:01 [DEBUG   ] forensic.server.router (router.py:104): Router: GET /_forensic/report (ajax=True)
2026-05-18 02:53:01 [DEBUG   ] forensic.server.http_server (http_server.py:115): HTTP "GET /_forensic/report?format=json&report_id=1 HTTP/1.1" 200 -
2026-05-18 02:53:01 [DEBUG   ] forensic.server.router (router.py:104): Router: GET /_forensic/placeholders/values (ajax=True)
2026-05-18 02:53:01 [DEBUG   ] forensic.server.http_server (http_server.py:115): HTTP "GET /_forensic/placeholders/values?report_id=1 HTTP/1.1" 200 -
2026-05-18 02:53:10 [DEBUG   ] forensic.server.router (router.py:104): Router: GET /_forensic/report (ajax=True)
2026-05-18 02:53:10 [DEBUG   ] forensic.server.http_server (http_server.py:115): HTTP "GET /_forensic/report?format=json&report_id=1 HTTP/1.1" 200 -
2026-05-18 02:53:10 [DEBUG   ] forensic.server.router (router.py:104): Router: POST /_forensic/report (ajax=False)
2026-05-18 02:53:10 [DEBUG   ] forensic.server.router (router.py:104): Router: GET /_forensic/placeholders/values (ajax=True)
2026-05-18 02:53:10 [DEBUG   ] forensic.server.http_server (http_server.py:115): HTTP "GET /_forensic/placeholders/values?report_id=1 HTTP/1.1" 200 -
2026-05-18 02:53:10 [INFO    ] forensic.db.evidence_db (evidence_db.py:1904): Editor-Lock freigegeben (lock_id=637b6db7-4855-4c1f-90aa-a513f5c4927c)
2026-05-18 02:53:10 [DEBUG   ] forensic.server.http_server (http_server.py:115): HTTP "POST /_forensic/report HTTP/1.1" 200 -
2026-05-18 02:53:10 [DEBUG   ] forensic.server.router (router.py:104): Router: GET /_forensic/report (ajax=True)
2026-05-18 02:53:10 [DEBUG   ] forensic.server.http_server (http_server.py:115): HTTP "GET /_forensic/report?format=json&report_id=2 HTTP/1.1" 200 -
2026-05-18 02:53:10 [DEBUG   ] forensic.server.router (router.py:104): Router: POST /_forensic/report (ajax=False)
2026-05-18 02:53:10 [INFO    ] forensic.db.evidence_db (evidence_db.py:1883): Editor-Lock erworben: 'paul' rid=None (lock_id=9af3bd02-6f87-407d-9e98-44c81a9bd4bc)
2026-05-18 02:53:10 [DEBUG   ] forensic.server.http_server (http_server.py:115): HTTP "POST /_forensic/report HTTP/1.1" 200 -
2026-05-18 02:53:10 [INFO    ] forensic.forensic_api.report (report.py:957): acquire_lock: 'paul' hat Lock erworben (sse_client=1bfcf4ed-a2cf-4c51-b236-1994fd3a92c1)
2026-05-18 02:53:10 [DEBUG   ] forensic.server.router (router.py:104): Router: GET /_forensic/placeholders/values (ajax=True)
2026-05-18 02:53:10 [DEBUG   ] forensic.server.http_server (http_server.py:115): HTTP "GET /_forensic/placeholders/values?report_id=2 HTTP/1.1" 200 -
2026-05-18 02:53:10 [DEBUG   ] forensic.server.router (router.py:104): Router: GET /_forensic/report (ajax=True)
2026-05-18 02:53:10 [DEBUG   ] forensic.server.http_server (http_server.py:115): HTTP "GET /_forensic/report?format=json&report_id=2 HTTP/1.1" 200 -
2026-05-18 02:53:10 [DEBUG   ] forensic.server.router (router.py:104): Router: GET /_forensic/placeholders/values (ajax=True)
2026-05-18 02:53:10 [DEBUG   ] forensic.server.http_server (http_server.py:115): HTTP "GET /_forensic/placeholders/values?report_id=2 HTTP/1.1" 200 -
2026-05-18 02:53:12 [DEBUG   ] forensic.server.router (router.py:104): Router: POST /_forensic/editor/block (ajax=False)
2026-05-18 02:53:12 [DEBUG   ] forensic.forensic_api.editor_block (editor_block.py:179): _action_save eingehend: block_id='069368b2-2a8f-467e-8463-4620a39faa9e' block_type='paragraph' block_data_type=dict owner='paul' report_id=2 placeholder_values_json_len=None
2026-05-18 02:53:12 [INFO    ] forensic.db.evidence_db (evidence_db.py:1327): Block gespeichert: block_id=069368b2-2a8f-467e-8463-4620a39faa9e type=paragraph report_id=2 von 'paul'
2026-05-18 02:53:12 [DEBUG   ] forensic.server.http_server (http_server.py:115): HTTP "POST /_forensic/editor/block HTTP/1.1" 200 -
2026-05-18 02:53:12 [INFO    ] forensic.forensic_api.editor_block (editor_block.py:367): Block gespeichert: block_id=069368b2-2a8f-467e-8463-4620a39faa9e type=paragraph owner=paul
2026-05-18 02:53:12 [DEBUG   ] forensic.server.router (router.py:104): Router: POST /_forensic/editor/block (ajax=False)
2026-05-18 02:53:12 [DEBUG   ] forensic.forensic_api.editor_block (editor_block.py:179): _action_save eingehend: block_id='wMhcsZbK1z' block_type='quote' block_data_type=dict owner='paul' report_id=2 placeholder_values_json_len=None
2026-05-18 02:53:12 [INFO    ] forensic.db.evidence_db (evidence_db.py:1327): Block gespeichert: block_id=wMhcsZbK1z type=quote report_id=2 von 'paul'
2026-05-18 02:53:12 [DEBUG   ] forensic.server.http_server (http_server.py:115): HTTP "POST /_forensic/editor/block HTTP/1.1" 200 -
2026-05-18 02:53:12 [INFO    ] forensic.forensic_api.editor_block (editor_block.py:367): Block gespeichert: block_id=wMhcsZbK1z type=quote owner=paul
2026-05-18 02:53:12 [DEBUG   ] forensic.server.router (router.py:104): Router: POST /_forensic/editor/order (ajax=False)
2026-05-18 02:53:12 [DEBUG   ] forensic.server.http_server (http_server.py:115): HTTP "POST /_forensic/editor/order HTTP/1.1" 200 -
2026-05-18 02:53:12 [INFO    ] forensic.forensic_api.editor_order (editor_order.py:174): Blockreihenfolge aktualisiert: report_id=2, 2 Eintraege von 'paul'
2026-05-18 02:53:12 [DEBUG   ] forensic.server.router (router.py:104): Router: GET /_forensic/report (ajax=True)
2026-05-18 02:53:12 [DEBUG   ] forensic.server.http_server (http_server.py:115): HTTP "GET /_forensic/report?format=json&report_id=2 HTTP/1.1" 200 -
2026-05-18 02:53:12 [DEBUG   ] forensic.server.router (router.py:104): Router: POST /_forensic/report (ajax=False)
2026-05-18 02:53:12 [DEBUG   ] forensic.server.router (router.py:104): Router: GET /_forensic/placeholders/values (ajax=True)
2026-05-18 02:53:12 [DEBUG   ] forensic.server.http_server (http_server.py:115): HTTP "GET /_forensic/placeholders/values?report_id=2 HTTP/1.1" 200 -
2026-05-18 02:53:12 [INFO    ] forensic.db.evidence_db (evidence_db.py:1904): Editor-Lock freigegeben (lock_id=9af3bd02-6f87-407d-9e98-44c81a9bd4bc)
2026-05-18 02:53:12 [DEBUG   ] forensic.server.http_server (http_server.py:115): HTTP "POST /_forensic/report HTTP/1.1" 200 -
2026-05-18 02:53:12 [DEBUG   ] forensic.server.router (router.py:104): Router: GET /_forensic/report (ajax=True)
2026-05-18 02:53:12 [DEBUG   ] forensic.server.http_server (http_server.py:115): HTTP "GET /_forensic/report?format=json&report_id=1 HTTP/1.1" 200 -
2026-05-18 02:53:12 [DEBUG   ] forensic.server.router (router.py:104): Router: POST /_forensic/report (ajax=False)
2026-05-18 02:53:12 [INFO    ] forensic.db.evidence_db (evidence_db.py:1883): Editor-Lock erworben: 'paul' rid=None (lock_id=a9cf0f42-d233-44dc-aaf2-57060bedcd26)
2026-05-18 02:53:12 [DEBUG   ] forensic.server.http_server (http_server.py:115): HTTP "POST /_forensic/report HTTP/1.1" 200 -
2026-05-18 02:53:12 [INFO    ] forensic.forensic_api.report (report.py:957): acquire_lock: 'paul' hat Lock erworben (sse_client=1bfcf4ed-a2cf-4c51-b236-1994fd3a92c1)
2026-05-18 02:53:12 [DEBUG   ] forensic.server.router (router.py:104): Router: GET /_forensic/placeholders/values (ajax=True)
2026-05-18 02:53:12 [DEBUG   ] forensic.server.http_server (http_server.py:115): HTTP "GET /_forensic/placeholders/values?report_id=1 HTTP/1.1" 200 -
2026-05-18 02:53:12 [DEBUG   ] forensic.server.router (router.py:104): Router: GET /_forensic/report (ajax=True)
2026-05-18 02:53:12 [DEBUG   ] forensic.server.http_server (http_server.py:115): HTTP "GET /_forensic/report?format=json&report_id=1 HTTP/1.1" 200 -
2026-05-18 02:53:12 [DEBUG   ] forensic.server.router (router.py:104): Router: GET /_forensic/placeholders/values (ajax=True)
2026-05-18 02:53:12 [DEBUG   ] forensic.server.http_server (http_server.py:115): HTTP "GET /_forensic/placeholders/values?report_id=1 HTTP/1.1" 200 -
2026-05-18 02:53:14 [DEBUG   ] forensic.server.router (router.py:104): Router: GET /_forensic/report (ajax=True)
2026-05-18 02:53:14 [DEBUG   ] forensic.server.http_server (http_server.py:115): HTTP "GET /_forensic/report?format=json&report_id=1 HTTP/1.1" 200 -
2026-05-18 02:53:14 [DEBUG   ] forensic.server.router (router.py:104): Router: POST /_forensic/report (ajax=False)
2026-05-18 02:53:14 [DEBUG   ] forensic.server.router (router.py:104): Router: GET /_forensic/placeholders/values (ajax=True)
2026-05-18 02:53:14 [DEBUG   ] forensic.server.http_server (http_server.py:115): HTTP "GET /_forensic/placeholders/values?report_id=1 HTTP/1.1" 200 -
2026-05-18 02:53:14 [INFO    ] forensic.db.evidence_db (evidence_db.py:1904): Editor-Lock freigegeben (lock_id=a9cf0f42-d233-44dc-aaf2-57060bedcd26)
2026-05-18 02:53:14 [DEBUG   ] forensic.server.http_server (http_server.py:115): HTTP "POST /_forensic/report HTTP/1.1" 200 -
2026-05-18 02:53:14 [DEBUG   ] forensic.server.router (router.py:104): Router: GET /_forensic/report (ajax=True)
2026-05-18 02:53:14 [DEBUG   ] forensic.server.http_server (http_server.py:115): HTTP "GET /_forensic/report?format=json&report_id=2 HTTP/1.1" 200 -
2026-05-18 02:53:14 [DEBUG   ] forensic.server.router (router.py:104): Router: POST /_forensic/report (ajax=False)
2026-05-18 02:53:14 [INFO    ] forensic.db.evidence_db (evidence_db.py:1883): Editor-Lock erworben: 'paul' rid=None (lock_id=09a3f058-42fe-4c58-9c48-16c30a7edd53)
2026-05-18 02:53:14 [DEBUG   ] forensic.server.http_server (http_server.py:115): HTTP "POST /_forensic/report HTTP/1.1" 200 -
2026-05-18 02:53:14 [DEBUG   ] forensic.server.router (router.py:104): Router: GET /_forensic/placeholders/values (ajax=True)
2026-05-18 02:53:14 [INFO    ] forensic.forensic_api.report (report.py:957): acquire_lock: 'paul' hat Lock erworben (sse_client=1bfcf4ed-a2cf-4c51-b236-1994fd3a92c1)
2026-05-18 02:53:14 [DEBUG   ] forensic.server.http_server (http_server.py:115): HTTP "GET /_forensic/placeholders/values?report_id=2 HTTP/1.1" 200 -
2026-05-18 02:53:14 [DEBUG   ] forensic.server.router (router.py:104): Router: GET /_forensic/report (ajax=True)
2026-05-18 02:53:14 [DEBUG   ] forensic.server.http_server (http_server.py:115): HTTP "GET /_forensic/report?format=json&report_id=2 HTTP/1.1" 200 -
2026-05-18 02:53:14 [DEBUG   ] forensic.server.router (router.py:104): Router: GET /_forensic/placeholders/values (ajax=True)
2026-05-18 02:53:14 [DEBUG   ] forensic.server.http_server (http_server.py:115): HTTP "GET /_forensic/placeholders/values?report_id=2 HTTP/1.1" 200 -
2026-05-18 02:53:17 [DEBUG   ] forensic.server.router (router.py:104): Router: POST /_forensic/editor/block (ajax=False)
2026-05-18 02:53:17 [DEBUG   ] forensic.forensic_api.editor_block (editor_block.py:179): _action_save eingehend: block_id='069368b2-2a8f-467e-8463-4620a39faa9e' block_type='paragraph' block_data_type=dict owner='paul' report_id=2 placeholder_values_json_len=None
2026-05-18 02:53:17 [INFO    ] forensic.db.evidence_db (evidence_db.py:1327): Block gespeichert: block_id=069368b2-2a8f-467e-8463-4620a39faa9e type=paragraph report_id=2 von 'paul'
2026-05-18 02:53:17 [DEBUG   ] forensic.server.http_server (http_server.py:115): HTTP "POST /_forensic/editor/block HTTP/1.1" 200 -
2026-05-18 02:53:17 [INFO    ] forensic.forensic_api.editor_block (editor_block.py:367): Block gespeichert: block_id=069368b2-2a8f-467e-8463-4620a39faa9e type=paragraph owner=paul
2026-05-18 02:53:17 [DEBUG   ] forensic.server.router (router.py:104): Router: POST /_forensic/editor/block (ajax=False)
2026-05-18 02:53:17 [DEBUG   ] forensic.forensic_api.editor_block (editor_block.py:179): _action_save eingehend: block_id='wMhcsZbK1z' block_type='quote' block_data_type=dict owner='paul' report_id=2 placeholder_values_json_len=None
2026-05-18 02:53:17 [INFO    ] forensic.db.evidence_db (evidence_db.py:1327): Block gespeichert: block_id=wMhcsZbK1z type=quote report_id=2 von 'paul'
2026-05-18 02:53:17 [DEBUG   ] forensic.server.http_server (http_server.py:115): HTTP "POST /_forensic/editor/block HTTP/1.1" 200 -
2026-05-18 02:53:17 [INFO    ] forensic.forensic_api.editor_block (editor_block.py:367): Block gespeichert: block_id=wMhcsZbK1z type=quote owner=paul
2026-05-18 02:53:17 [DEBUG   ] forensic.server.router (router.py:104): Router: POST /_forensic/editor/order (ajax=False)
2026-05-18 02:53:17 [DEBUG   ] forensic.server.http_server (http_server.py:115): HTTP "POST /_forensic/editor/order HTTP/1.1" 200 -
2026-05-18 02:53:17 [INFO    ] forensic.forensic_api.editor_order (editor_order.py:174): Blockreihenfolge aktualisiert: report_id=2, 2 Eintraege von 'paul'
2026-05-18 02:53:17 [DEBUG   ] forensic.server.router (router.py:104): Router: GET /_forensic/report (ajax=True)
2026-05-18 02:53:17 [DEBUG   ] forensic.server.http_server (http_server.py:115): HTTP "GET /_forensic/report?format=json&report_id=2 HTTP/1.1" 200 -
2026-05-18 02:53:17 [DEBUG   ] forensic.server.router (router.py:104): Router: POST /_forensic/report (ajax=False)
2026-05-18 02:53:17 [DEBUG   ] forensic.server.router (router.py:104): Router: GET /_forensic/placeholders/values (ajax=True)
2026-05-18 02:53:17 [INFO    ] forensic.db.evidence_db (evidence_db.py:1904): Editor-Lock freigegeben (lock_id=09a3f058-42fe-4c58-9c48-16c30a7edd53)
2026-05-18 02:53:17 [DEBUG   ] forensic.server.http_server (http_server.py:115): HTTP "GET /_forensic/placeholders/values?report_id=2 HTTP/1.1" 200 -
2026-05-18 02:53:17 [DEBUG   ] forensic.server.http_server (http_server.py:115): HTTP "POST /_forensic/report HTTP/1.1" 200 -
2026-05-18 02:53:17 [DEBUG   ] forensic.server.router (router.py:104): Router: GET /_forensic/report (ajax=True)
2026-05-18 02:53:17 [DEBUG   ] forensic.server.http_server (http_server.py:115): HTTP "GET /_forensic/report?format=json&report_id=1 HTTP/1.1" 200 -
2026-05-18 02:53:17 [DEBUG   ] forensic.server.router (router.py:104): Router: POST /_forensic/report (ajax=False)
2026-05-18 02:53:17 [DEBUG   ] forensic.server.router (router.py:104): Router: GET /_forensic/placeholders/values (ajax=True)
2026-05-18 02:53:17 [INFO    ] forensic.db.evidence_db (evidence_db.py:1883): Editor-Lock erworben: 'paul' rid=None (lock_id=3bd48850-a888-447e-8311-4681bd946b76)
2026-05-18 02:53:17 [DEBUG   ] forensic.server.http_server (http_server.py:115): HTTP "POST /_forensic/report HTTP/1.1" 200 -
2026-05-18 02:53:17 [DEBUG   ] forensic.server.http_server (http_server.py:115): HTTP "GET /_forensic/placeholders/values?report_id=1 HTTP/1.1" 200 -
2026-05-18 02:53:17 [INFO    ] forensic.forensic_api.report (report.py:957): acquire_lock: 'paul' hat Lock erworben (sse_client=1bfcf4ed-a2cf-4c51-b236-1994fd3a92c1)
2026-05-18 02:53:17 [DEBUG   ] forensic.server.router (router.py:104): Router: GET /_forensic/report (ajax=True)
2026-05-18 02:53:17 [DEBUG   ] forensic.server.http_server (http_server.py:115): HTTP "GET /_forensic/report?format=json&report_id=1 HTTP/1.1" 200 -
2026-05-18 02:53:17 [DEBUG   ] forensic.server.router (router.py:104): Router: GET /_forensic/placeholders/values (ajax=True)
2026-05-18 02:53:17 [DEBUG   ] forensic.server.http_server (http_server.py:115): HTTP "GET /_forensic/placeholders/values?report_id=1 HTTP/1.1" 200 -
2026-05-18 02:53:19 [DEBUG   ] forensic.server.router (router.py:104): Router: GET /_forensic/report (ajax=True)
2026-05-18 02:53:19 [DEBUG   ] forensic.server.http_server (http_server.py:115): HTTP "GET /_forensic/report?format=json&report_id=1 HTTP/1.1" 200 -
2026-05-18 02:53:19 [DEBUG   ] forensic.server.router (router.py:104): Router: GET /_forensic/placeholders/values (ajax=True)
2026-05-18 02:53:19 [DEBUG   ] forensic.server.router (router.py:104): Router: POST /_forensic/report (ajax=False)
2026-05-18 02:53:19 [DEBUG   ] forensic.server.http_server (http_server.py:115): HTTP "GET /_forensic/placeholders/values?report_id=1 HTTP/1.1" 200 -
2026-05-18 02:53:19 [INFO    ] forensic.db.evidence_db (evidence_db.py:1904): Editor-Lock freigegeben (lock_id=3bd48850-a888-447e-8311-4681bd946b76)
2026-05-18 02:53:19 [DEBUG   ] forensic.server.http_server (http_server.py:115): HTTP "POST /_forensic/report HTTP/1.1" 200 -
2026-05-18 02:53:19 [DEBUG   ] forensic.server.router (router.py:104): Router: GET /_forensic/report (ajax=True)
2026-05-18 02:53:19 [DEBUG   ] forensic.server.http_server (http_server.py:115): HTTP "GET /_forensic/report?format=json&report_id=2 HTTP/1.1" 200 -
2026-05-18 02:53:19 [DEBUG   ] forensic.server.router (router.py:104): Router: POST /_forensic/report (ajax=False)
2026-05-18 02:53:19 [INFO    ] forensic.db.evidence_db (evidence_db.py:1883): Editor-Lock erworben: 'paul' rid=None (lock_id=7a41d930-7363-49fc-b2be-35db80393f09)
2026-05-18 02:53:19 [DEBUG   ] forensic.server.http_server (http_server.py:115): HTTP "POST /_forensic/report HTTP/1.1" 200 -
2026-05-18 02:53:19 [DEBUG   ] forensic.server.router (router.py:104): Router: GET /_forensic/placeholders/values (ajax=True)
2026-05-18 02:53:19 [INFO    ] forensic.forensic_api.report (report.py:957): acquire_lock: 'paul' hat Lock erworben (sse_client=1bfcf4ed-a2cf-4c51-b236-1994fd3a92c1)
2026-05-18 02:53:19 [DEBUG   ] forensic.server.http_server (http_server.py:115): HTTP "GET /_forensic/placeholders/values?report_id=2 HTTP/1.1" 200 -
2026-05-18 02:53:19 [DEBUG   ] forensic.server.router (router.py:104): Router: GET /_forensic/report (ajax=True)
2026-05-18 02:53:19 [DEBUG   ] forensic.server.http_server (http_server.py:115): HTTP "GET /_forensic/report?format=json&report_id=2 HTTP/1.1" 200 -
2026-05-18 02:53:19 [DEBUG   ] forensic.server.router (router.py:104): Router: GET /_forensic/placeholders/values (ajax=True)
2026-05-18 02:53:19 [DEBUG   ] forensic.server.http_server (http_server.py:115): HTTP "GET /_forensic/placeholders/values?report_id=2 HTTP/1.1" 200 -
2026-05-18 02:53:22 [DEBUG   ] forensic.server.router (router.py:104): Router: POST /_forensic/editor/block (ajax=False)
2026-05-18 02:53:22 [DEBUG   ] forensic.forensic_api.editor_block (editor_block.py:179): _action_save eingehend: block_id='069368b2-2a8f-467e-8463-4620a39faa9e' block_type='paragraph' block_data_type=dict owner='paul' report_id=2 placeholder_values_json_len=None
2026-05-18 02:53:22 [INFO    ] forensic.db.evidence_db (evidence_db.py:1327): Block gespeichert: block_id=069368b2-2a8f-467e-8463-4620a39faa9e type=paragraph report_id=2 von 'paul'
2026-05-18 02:53:22 [DEBUG   ] forensic.server.http_server (http_server.py:115): HTTP "POST /_forensic/editor/block HTTP/1.1" 200 -
2026-05-18 02:53:22 [INFO    ] forensic.forensic_api.editor_block (editor_block.py:367): Block gespeichert: block_id=069368b2-2a8f-467e-8463-4620a39faa9e type=paragraph owner=paul
2026-05-18 02:53:22 [DEBUG   ] forensic.server.router (router.py:104): Router: POST /_forensic/editor/block (ajax=False)
2026-05-18 02:53:22 [DEBUG   ] forensic.forensic_api.editor_block (editor_block.py:179): _action_save eingehend: block_id='wMhcsZbK1z' block_type='quote' block_data_type=dict owner='paul' report_id=2 placeholder_values_json_len=None
2026-05-18 02:53:22 [INFO    ] forensic.db.evidence_db (evidence_db.py:1327): Block gespeichert: block_id=wMhcsZbK1z type=quote report_id=2 von 'paul'
2026-05-18 02:53:22 [DEBUG   ] forensic.server.http_server (http_server.py:115): HTTP "POST /_forensic/editor/block HTTP/1.1" 200 -
2026-05-18 02:53:22 [INFO    ] forensic.forensic_api.editor_block (editor_block.py:367): Block gespeichert: block_id=wMhcsZbK1z type=quote owner=paul
2026-05-18 02:53:22 [DEBUG   ] forensic.server.router (router.py:104): Router: POST /_forensic/editor/order (ajax=False)
2026-05-18 02:53:22 [DEBUG   ] forensic.server.http_server (http_server.py:115): HTTP "POST /_forensic/editor/order HTTP/1.1" 200 -
2026-05-18 02:53:22 [INFO    ] forensic.forensic_api.editor_order (editor_order.py:174): Blockreihenfolge aktualisiert: report_id=2, 2 Eintraege von 'paul'
2026-05-18 02:53:22 [DEBUG   ] forensic.server.router (router.py:104): Router: GET /_forensic/report (ajax=True)
2026-05-18 02:53:22 [DEBUG   ] forensic.server.http_server (http_server.py:115): HTTP "GET /_forensic/report?format=json&report_id=2 HTTP/1.1" 200 -
2026-05-18 02:53:22 [DEBUG   ] forensic.server.router (router.py:104): Router: POST /_forensic/report (ajax=False)
2026-05-18 02:53:22 [DEBUG   ] forensic.server.router (router.py:104): Router: GET /_forensic/placeholders/values (ajax=True)
2026-05-18 02:53:22 [INFO    ] forensic.db.evidence_db (evidence_db.py:1904): Editor-Lock freigegeben (lock_id=7a41d930-7363-49fc-b2be-35db80393f09)
2026-05-18 02:53:22 [DEBUG   ] forensic.server.http_server (http_server.py:115): HTTP "GET /_forensic/placeholders/values?report_id=2 HTTP/1.1" 200 -
2026-05-18 02:53:22 [DEBUG   ] forensic.server.http_server (http_server.py:115): HTTP "POST /_forensic/report HTTP/1.1" 200 -
2026-05-18 02:53:22 [DEBUG   ] forensic.server.router (router.py:104): Router: GET /_forensic/report (ajax=True)
2026-05-18 02:53:22 [DEBUG   ] forensic.server.http_server (http_server.py:115): HTTP "GET /_forensic/report?format=json&report_id=1 HTTP/1.1" 200 -
2026-05-18 02:53:22 [DEBUG   ] forensic.server.router (router.py:104): Router: POST /_forensic/report (ajax=False)
2026-05-18 02:53:22 [INFO    ] forensic.db.evidence_db (evidence_db.py:1883): Editor-Lock erworben: 'paul' rid=None (lock_id=0f857315-ff19-4176-b448-40ee7c18734f)
2026-05-18 02:53:22 [DEBUG   ] forensic.server.http_server (http_server.py:115): HTTP "POST /_forensic/report HTTP/1.1" 200 -
2026-05-18 02:53:22 [INFO    ] forensic.forensic_api.report (report.py:957): acquire_lock: 'paul' hat Lock erworben (sse_client=1bfcf4ed-a2cf-4c51-b236-1994fd3a92c1)
2026-05-18 02:53:22 [DEBUG   ] forensic.server.router (router.py:104): Router: GET /_forensic/placeholders/values (ajax=True)
2026-05-18 02:53:22 [DEBUG   ] forensic.server.http_server (http_server.py:115): HTTP "GET /_forensic/placeholders/values?report_id=1 HTTP/1.1" 200 -
2026-05-18 02:53:22 [DEBUG   ] forensic.server.router (router.py:104): Router: GET /_forensic/report (ajax=True)
2026-05-18 02:53:22 [DEBUG   ] forensic.server.http_server (http_server.py:115): HTTP "GET /_forensic/report?format=json&report_id=1 HTTP/1.1" 200 -
2026-05-18 02:53:22 [DEBUG   ] forensic.server.router (router.py:104): Router: GET /_forensic/placeholders/values (ajax=True)
2026-05-18 02:53:22 [DEBUG   ] forensic.server.http_server (http_server.py:115): HTTP "GET /_forensic/placeholders/values?report_id=1 HTTP/1.1" 200 -
2026-05-18 02:53:24 [DEBUG   ] forensic (main.py:447): Watchdog: Heartbeat (Dump: 'logs/freeze_dump.txt')
2026-05-18 02:53:25 [DEBUG   ] forensic.server.router (router.py:104): Router: POST /_forensic/windows (ajax=True)
2026-05-18 02:53:25 [DEBUG   ] forensic.forensic_api.windows (windows.py:186): /_forensic/windows POST: Fenster 'ed799376-b485-4431-ab1c-20777357870a' (Rolle 'userinfo') registriert
2026-05-18 02:53:25 [DEBUG   ] forensic.server.http_server (http_server.py:115): HTTP "POST /_forensic/windows HTTP/1.1" 200 -
2026-05-18 02:53:25 [DEBUG   ] forensic.server.router (router.py:104): Router: POST /_forensic/windows (ajax=True)
2026-05-18 02:53:25 [DEBUG   ] forensic.forensic_api.windows (windows.py:186): /_forensic/windows POST: Fenster '9e5ff66a-0bd6-49b1-9417-0b194c0b0fd1' (Rolle 'report') registriert
2026-05-18 02:53:25 [DEBUG   ] forensic.server.http_server (http_server.py:115): HTTP "POST /_forensic/windows HTTP/1.1" 200 -
2026-05-18 02:53:25 [DEBUG   ] forensic.server.router (router.py:104): Router: GET /_forensic/report (ajax=True)
2026-05-18 02:53:25 [DEBUG   ] forensic.server.http_server (http_server.py:115): HTTP "GET /_forensic/report?format=json&report_id=1 HTTP/1.1" 200 -
2026-05-18 02:53:25 [DEBUG   ] forensic.server.router (router.py:104): Router: POST /_forensic/report (ajax=False)
2026-05-18 02:53:25 [DEBUG   ] forensic.server.router (router.py:104): Router: GET /_forensic/placeholders/values (ajax=True)
2026-05-18 02:53:25 [DEBUG   ] forensic.server.http_server (http_server.py:115): HTTP "GET /_forensic/placeholders/values?report_id=1 HTTP/1.1" 200 -
2026-05-18 02:53:25 [INFO    ] forensic.db.evidence_db (evidence_db.py:1904): Editor-Lock freigegeben (lock_id=0f857315-ff19-4176-b448-40ee7c18734f)
2026-05-18 02:53:25 [DEBUG   ] forensic.server.http_server (http_server.py:115): HTTP "POST /_forensic/report HTTP/1.1" 200 -
2026-05-18 02:53:25 [DEBUG   ] forensic.server.router (router.py:104): Router: GET /_forensic/report (ajax=True)
2026-05-18 02:53:25 [DEBUG   ] forensic.server.http_server (http_server.py:115): HTTP "GET /_forensic/report?format=json&report_id=2 HTTP/1.1" 200 -
2026-05-18 02:53:25 [DEBUG   ] forensic.server.router (router.py:104): Router: POST /_forensic/report (ajax=False)
2026-05-18 02:53:25 [INFO    ] forensic.db.evidence_db (evidence_db.py:1883): Editor-Lock erworben: 'paul' rid=None (lock_id=14857718-c56c-4878-97b4-0bcfc16ab480)
2026-05-18 02:53:25 [DEBUG   ] forensic.server.http_server (http_server.py:115): HTTP "POST /_forensic/report HTTP/1.1" 200 -
2026-05-18 02:53:25 [DEBUG   ] forensic.server.router (router.py:104): Router: GET /_forensic/placeholders/values (ajax=True)
2026-05-18 02:53:25 [INFO    ] forensic.forensic_api.report (report.py:957): acquire_lock: 'paul' hat Lock erworben (sse_client=1bfcf4ed-a2cf-4c51-b236-1994fd3a92c1)
2026-05-18 02:53:25 [DEBUG   ] forensic.server.http_server (http_server.py:115): HTTP "GET /_forensic/placeholders/values?report_id=2 HTTP/1.1" 200 -
2026-05-18 02:53:25 [DEBUG   ] forensic.server.router (router.py:104): Router: GET /_forensic/report (ajax=True)
2026-05-18 02:53:25 [DEBUG   ] forensic.server.http_server (http_server.py:115): HTTP "GET /_forensic/report?format=json&report_id=2 HTTP/1.1" 200 -
2026-05-18 02:53:25 [DEBUG   ] forensic.server.router (router.py:104): Router: GET /_forensic/placeholders/values (ajax=True)
2026-05-18 02:53:25 [DEBUG   ] forensic.server.http_server (http_server.py:115): HTTP "GET /_forensic/placeholders/values?report_id=2 HTTP/1.1" 200 -
2026-05-18 02:53:29 [DEBUG   ] forensic.server.router (router.py:104): Router: POST /_forensic/editor/block (ajax=False)
2026-05-18 02:53:29 [DEBUG   ] forensic.forensic_api.editor_block (editor_block.py:179): _action_save eingehend: block_id='069368b2-2a8f-467e-8463-4620a39faa9e' block_type='paragraph' block_data_type=dict owner='paul' report_id=2 placeholder_values_json_len=None
2026-05-18 02:53:29 [INFO    ] forensic.db.evidence_db (evidence_db.py:1327): Block gespeichert: block_id=069368b2-2a8f-467e-8463-4620a39faa9e type=paragraph report_id=2 von 'paul'
2026-05-18 02:53:29 [DEBUG   ] forensic.server.http_server (http_server.py:115): HTTP "POST /_forensic/editor/block HTTP/1.1" 200 -
2026-05-18 02:53:29 [INFO    ] forensic.forensic_api.editor_block (editor_block.py:367): Block gespeichert: block_id=069368b2-2a8f-467e-8463-4620a39faa9e type=paragraph owner=paul
2026-05-18 02:53:29 [DEBUG   ] forensic.server.router (router.py:104): Router: POST /_forensic/editor/block (ajax=False)
2026-05-18 02:53:29 [DEBUG   ] forensic.forensic_api.editor_block (editor_block.py:179): _action_save eingehend: block_id='wMhcsZbK1z' block_type='quote' block_data_type=dict owner='paul' report_id=2 placeholder_values_json_len=None
2026-05-18 02:53:29 [INFO    ] forensic.db.evidence_db (evidence_db.py:1327): Block gespeichert: block_id=wMhcsZbK1z type=quote report_id=2 von 'paul'
2026-05-18 02:53:29 [DEBUG   ] forensic.server.http_server (http_server.py:115): HTTP "POST /_forensic/editor/block HTTP/1.1" 200 -
2026-05-18 02:53:29 [INFO    ] forensic.forensic_api.editor_block (editor_block.py:367): Block gespeichert: block_id=wMhcsZbK1z type=quote owner=paul
2026-05-18 02:53:29 [DEBUG   ] forensic.server.router (router.py:104): Router: POST /_forensic/editor/order (ajax=False)
2026-05-18 02:53:29 [DEBUG   ] forensic.server.http_server (http_server.py:115): HTTP "POST /_forensic/editor/order HTTP/1.1" 200 -
2026-05-18 02:53:29 [INFO    ] forensic.forensic_api.editor_order (editor_order.py:174): Blockreihenfolge aktualisiert: report_id=2, 2 Eintraege von 'paul'
2026-05-18 02:53:29 [DEBUG   ] forensic.server.router (router.py:104): Router: GET /_forensic/report (ajax=True)
2026-05-18 02:53:29 [DEBUG   ] forensic.server.http_server (http_server.py:115): HTTP "GET /_forensic/report?format=json&report_id=2 HTTP/1.1" 200 -
2026-05-18 02:53:29 [DEBUG   ] forensic.server.router (router.py:104): Router: GET /_forensic/placeholders/values (ajax=True)
2026-05-18 02:53:29 [DEBUG   ] forensic.server.router (router.py:104): Router: POST /_forensic/report (ajax=False)
2026-05-18 02:53:29 [INFO    ] forensic.db.evidence_db (evidence_db.py:1904): Editor-Lock freigegeben (lock_id=14857718-c56c-4878-97b4-0bcfc16ab480)
2026-05-18 02:53:29 [DEBUG   ] forensic.server.http_server (http_server.py:115): HTTP "GET /_forensic/placeholders/values?report_id=2 HTTP/1.1" 200 -
2026-05-18 02:53:29 [DEBUG   ] forensic.server.http_server (http_server.py:115): HTTP "POST /_forensic/report HTTP/1.1" 200 -
2026-05-18 02:53:29 [DEBUG   ] forensic.server.router (router.py:104): Router: GET /_forensic/report (ajax=True)
2026-05-18 02:53:29 [DEBUG   ] forensic.server.http_server (http_server.py:115): HTTP "GET /_forensic/report?format=json&report_id=1 HTTP/1.1" 200 -
2026-05-18 02:53:29 [DEBUG   ] forensic.server.router (router.py:104): Router: POST /_forensic/report (ajax=False)
2026-05-18 02:53:29 [INFO    ] forensic.db.evidence_db (evidence_db.py:1883): Editor-Lock erworben: 'paul' rid=None (lock_id=edacdc10-98a7-4612-925e-5bf1b615a99e)
2026-05-18 02:53:29 [DEBUG   ] forensic.server.router (router.py:104): Router: GET /_forensic/placeholders/values (ajax=True)
2026-05-18 02:53:29 [DEBUG   ] forensic.server.http_server (http_server.py:115): HTTP "POST /_forensic/report HTTP/1.1" 200 -
2026-05-18 02:53:29 [DEBUG   ] forensic.server.http_server (http_server.py:115): HTTP "GET /_forensic/placeholders/values?report_id=1 HTTP/1.1" 200 -
2026-05-18 02:53:29 [INFO    ] forensic.forensic_api.report (report.py:957): acquire_lock: 'paul' hat Lock erworben (sse_client=1bfcf4ed-a2cf-4c51-b236-1994fd3a92c1)
2026-05-18 02:53:29 [DEBUG   ] forensic.server.router (router.py:104): Router: GET /_forensic/report (ajax=True)
2026-05-18 02:53:29 [DEBUG   ] forensic.server.http_server (http_server.py:115): HTTP "GET /_forensic/report?format=json&report_id=1 HTTP/1.1" 200 -
2026-05-18 02:53:29 [DEBUG   ] forensic.server.router (router.py:104): Router: GET /_forensic/placeholders/values (ajax=True)
2026-05-18 02:53:29 [DEBUG   ] forensic.server.http_server (http_server.py:115): HTTP "GET /_forensic/placeholders/values?report_id=1 HTTP/1.1" 200 -
2026-05-18 02:53:31 [DEBUG   ] forensic.server.router (router.py:104): Router: POST /_forensic/windows (ajax=True)
2026-05-18 02:53:31 [DEBUG   ] forensic.forensic_api.windows (windows.py:186): /_forensic/windows POST: Fenster 'ac276cc1-814e-4577-ae23-68aea9638533' (Rolle 'main') registriert
2026-05-18 02:53:31 [DEBUG   ] forensic.server.http_server (http_server.py:115): HTTP "POST /_forensic/windows HTTP/1.1" 200 -
2026-05-18 02:53:54 [DEBUG   ] forensic (main.py:447): Watchdog: Heartbeat (Dump: 'logs/freeze_dump.txt')
2026-05-18 02:53:55 [DEBUG   ] forensic.server.router (router.py:104): Router: POST /_forensic/windows (ajax=True)
2026-05-18 02:53:55 [DEBUG   ] forensic.forensic_api.windows (windows.py:186): /_forensic/windows POST: Fenster 'ed799376-b485-4431-ab1c-20777357870a' (Rolle 'userinfo') registriert
2026-05-18 02:53:55 [DEBUG   ] forensic.server.http_server (http_server.py:115): HTTP "POST /_forensic/windows HTTP/1.1" 200 -
2026-05-18 02:53:55 [DEBUG   ] forensic.server.router (router.py:104): Router: POST /_forensic/windows (ajax=True)
2026-05-18 02:53:55 [DEBUG   ] forensic.forensic_api.windows (windows.py:186): /_forensic/windows POST: Fenster '9e5ff66a-0bd6-49b1-9417-0b194c0b0fd1' (Rolle 'report') registriert
2026-05-18 02:53:55 [DEBUG   ] forensic.server.http_server (http_server.py:115): HTTP "POST /_forensic/windows HTTP/1.1" 200 -
2026-05-18 02:54:01 [DEBUG   ] forensic.server.router (router.py:104): Router: POST /_forensic/windows (ajax=True)
2026-05-18 02:54:01 [DEBUG   ] forensic.forensic_api.windows (windows.py:186): /_forensic/windows POST: Fenster 'ac276cc1-814e-4577-ae23-68aea9638533' (Rolle 'main') registriert
2026-05-18 02:54:01 [DEBUG   ] forensic.server.http_server (http_server.py:115): HTTP "POST /_forensic/windows HTTP/1.1" 200 -
2026-05-18 02:54:24 [DEBUG   ] forensic (main.py:447): Watchdog: Heartbeat (Dump: 'logs/freeze_dump.txt')
2026-05-18 02:54:25 [DEBUG   ] forensic.server.router (router.py:104): Router: POST /_forensic/windows (ajax=True)
2026-05-18 02:54:25 [DEBUG   ] forensic.forensic_api.windows (windows.py:186): /_forensic/windows POST: Fenster 'ed799376-b485-4431-ab1c-20777357870a' (Rolle 'userinfo') registriert
2026-05-18 02:54:25 [DEBUG   ] forensic.server.http_server (http_server.py:115): HTTP "POST /_forensic/windows HTTP/1.1" 200 -
2026-05-18 02:54:25 [DEBUG   ] forensic.server.router (router.py:104): Router: POST /_forensic/windows (ajax=True)
2026-05-18 02:54:25 [DEBUG   ] forensic.forensic_api.windows (windows.py:186): /_forensic/windows POST: Fenster '9e5ff66a-0bd6-49b1-9417-0b194c0b0fd1' (Rolle 'report') registriert
2026-05-18 02:54:25 [DEBUG   ] forensic.server.http_server (http_server.py:115): HTTP "POST /_forensic/windows HTTP/1.1" 200 -
2026-05-18 02:54:31 [DEBUG   ] forensic.server.router (router.py:104): Router: POST /_forensic/windows (ajax=True)
2026-05-18 02:54:31 [DEBUG   ] forensic.forensic_api.windows (windows.py:186): /_forensic/windows POST: Fenster 'ac276cc1-814e-4577-ae23-68aea9638533' (Rolle 'main') registriert
2026-05-18 02:54:31 [DEBUG   ] forensic.server.http_server (http_server.py:115): HTTP "POST /_forensic/windows HTTP/1.1" 200 -
2026-05-18 02:54:54 [DEBUG   ] forensic (main.py:447): Watchdog: Heartbeat (Dump: 'logs/freeze_dump.txt')
2026-05-18 02:54:55 [DEBUG   ] forensic.server.router (router.py:104): Router: POST /_forensic/windows (ajax=True)
2026-05-18 02:54:55 [DEBUG   ] forensic.forensic_api.windows (windows.py:186): /_forensic/windows POST: Fenster 'ed799376-b485-4431-ab1c-20777357870a' (Rolle 'userinfo') registriert
2026-05-18 02:54:55 [DEBUG   ] forensic.server.http_server (http_server.py:115): HTTP "POST /_forensic/windows HTTP/1.1" 200 -
2026-05-18 02:54:55 [DEBUG   ] forensic.server.router (router.py:104): Router: POST /_forensic/windows (ajax=True)
2026-05-18 02:54:55 [DEBUG   ] forensic.forensic_api.windows (windows.py:186): /_forensic/windows POST: Fenster '9e5ff66a-0bd6-49b1-9417-0b194c0b0fd1' (Rolle 'report') registriert
2026-05-18 02:54:55 [DEBUG   ] forensic.server.http_server (http_server.py:115): HTTP "POST /_forensic/windows HTTP/1.1" 200 -
2026-05-18 02:55:01 [DEBUG   ] forensic.server.router (router.py:104): Router: POST /_forensic/windows (ajax=True)
2026-05-18 02:55:01 [DEBUG   ] forensic.forensic_api.windows (windows.py:186): /_forensic/windows POST: Fenster 'ac276cc1-814e-4577-ae23-68aea9638533' (Rolle 'main') registriert
2026-05-18 02:55:01 [DEBUG   ] forensic.server.http_server (http_server.py:115): HTTP "POST /_forensic/windows HTTP/1.1" 200 -
2026-05-18 02:55:24 [DEBUG   ] forensic (main.py:447): Watchdog: Heartbeat (Dump: 'logs/freeze_dump.txt')
2026-05-18 02:55:25 [DEBUG   ] forensic.server.router (router.py:104): Router: POST /_forensic/windows (ajax=True)
2026-05-18 02:55:25 [DEBUG   ] forensic.forensic_api.windows (windows.py:186): /_forensic/windows POST: Fenster 'ed799376-b485-4431-ab1c-20777357870a' (Rolle 'userinfo') registriert
2026-05-18 02:55:25 [DEBUG   ] forensic.server.http_server (http_server.py:115): HTTP "POST /_forensic/windows HTTP/1.1" 200 -
2026-05-18 02:55:25 [DEBUG   ] forensic.server.router (router.py:104): Router: POST /_forensic/windows (ajax=True)
2026-05-18 02:55:25 [DEBUG   ] forensic.forensic_api.windows (windows.py:186): /_forensic/windows POST: Fenster '9e5ff66a-0bd6-49b1-9417-0b194c0b0fd1' (Rolle 'report') registriert
2026-05-18 02:55:25 [DEBUG   ] forensic.server.http_server (http_server.py:115): HTTP "POST /_forensic/windows HTTP/1.1" 200 -
2026-05-18 02:55:31 [DEBUG   ] forensic.server.router (router.py:104): Router: POST /_forensic/windows (ajax=True)
2026-05-18 02:55:31 [DEBUG   ] forensic.forensic_api.windows (windows.py:186): /_forensic/windows POST: Fenster 'ac276cc1-814e-4577-ae23-68aea9638533' (Rolle 'main') registriert
2026-05-18 02:55:31 [DEBUG   ] forensic.server.http_server (http_server.py:115): HTTP "POST /_forensic/windows HTTP/1.1" 200 -
2026-05-18 02:55:54 [DEBUG   ] forensic (main.py:447): Watchdog: Heartbeat (Dump: 'logs/freeze_dump.txt')
2026-05-18 02:55:55 [DEBUG   ] forensic.server.router (router.py:104): Router: POST /_forensic/windows (ajax=True)
2026-05-18 02:55:55 [DEBUG   ] forensic.forensic_api.windows (windows.py:186): /_forensic/windows POST: Fenster 'ed799376-b485-4431-ab1c-20777357870a' (Rolle 'userinfo') registriert
2026-05-18 02:55:55 [DEBUG   ] forensic.server.http_server (http_server.py:115): HTTP "POST /_forensic/windows HTTP/1.1" 200 -
2026-05-18 02:55:55 [DEBUG   ] forensic.server.router (router.py:104): Router: POST /_forensic/windows (ajax=True)
2026-05-18 02:55:55 [DEBUG   ] forensic.forensic_api.windows (windows.py:186): /_forensic/windows POST: Fenster '9e5ff66a-0bd6-49b1-9417-0b194c0b0fd1' (Rolle 'report') registriert
2026-05-18 02:55:55 [DEBUG   ] forensic.server.http_server (http_server.py:115): HTTP "POST /_forensic/windows HTTP/1.1" 200 -
2026-05-18 02:56:01 [DEBUG   ] forensic.server.router (router.py:104): Router: POST /_forensic/windows (ajax=True)
2026-05-18 02:56:01 [DEBUG   ] forensic.forensic_api.windows (windows.py:186): /_forensic/windows POST: Fenster 'ac276cc1-814e-4577-ae23-68aea9638533' (Rolle 'main') registriert
2026-05-18 02:56:01 [DEBUG   ] forensic.server.http_server (http_server.py:115): HTTP "POST /_forensic/windows HTTP/1.1" 200 -
2026-05-18 02:56:24 [DEBUG   ] forensic (main.py:447): Watchdog: Heartbeat (Dump: 'logs/freeze_dump.txt')
2026-05-18 02:56:25 [DEBUG   ] forensic.server.router (router.py:104): Router: POST /_forensic/windows (ajax=True)
2026-05-18 02:56:25 [DEBUG   ] forensic.forensic_api.windows (windows.py:186): /_forensic/windows POST: Fenster 'ed799376-b485-4431-ab1c-20777357870a' (Rolle 'userinfo') registriert
2026-05-18 02:56:25 [DEBUG   ] forensic.server.http_server (http_server.py:115): HTTP "POST /_forensic/windows HTTP/1.1" 200 -
2026-05-18 02:56:25 [DEBUG   ] forensic.server.router (router.py:104): Router: POST /_forensic/windows (ajax=True)
2026-05-18 02:56:25 [DEBUG   ] forensic.forensic_api.windows (windows.py:186): /_forensic/windows POST: Fenster '9e5ff66a-0bd6-49b1-9417-0b194c0b0fd1' (Rolle 'report') registriert
2026-05-18 02:56:25 [DEBUG   ] forensic.server.http_server (http_server.py:115): HTTP "POST /_forensic/windows HTTP/1.1" 200 -
2026-05-18 02:56:31 [DEBUG   ] forensic.server.router (router.py:104): Router: POST /_forensic/windows (ajax=True)
2026-05-18 02:56:31 [DEBUG   ] forensic.forensic_api.windows (windows.py:186): /_forensic/windows POST: Fenster 'ac276cc1-814e-4577-ae23-68aea9638533' (Rolle 'main') registriert
2026-05-18 02:56:31 [DEBUG   ] forensic.server.http_server (http_server.py:115): HTTP "POST /_forensic/windows HTTP/1.1" 200 -
2026-05-18 02:56:54 [DEBUG   ] forensic (main.py:447): Watchdog: Heartbeat (Dump: 'logs/freeze_dump.txt')
2026-05-18 02:56:55 [DEBUG   ] forensic.server.router (router.py:104): Router: POST /_forensic/windows (ajax=True)
2026-05-18 02:56:55 [DEBUG   ] forensic.forensic_api.windows (windows.py:186): /_forensic/windows POST: Fenster 'ed799376-b485-4431-ab1c-20777357870a' (Rolle 'userinfo') registriert
2026-05-18 02:56:55 [DEBUG   ] forensic.server.http_server (http_server.py:115): HTTP "POST /_forensic/windows HTTP/1.1" 200 -
2026-05-18 02:56:55 [DEBUG   ] forensic.server.router (router.py:104): Router: POST /_forensic/windows (ajax=True)
2026-05-18 02:56:55 [DEBUG   ] forensic.forensic_api.windows (windows.py:186): /_forensic/windows POST: Fenster '9e5ff66a-0bd6-49b1-9417-0b194c0b0fd1' (Rolle 'report') registriert
2026-05-18 02:56:55 [DEBUG   ] forensic.server.http_server (http_server.py:115): HTTP "POST /_forensic/windows HTTP/1.1" 200 -
2026-05-18 02:57:01 [DEBUG   ] forensic.server.router (router.py:104): Router: POST /_forensic/windows (ajax=True)
2026-05-18 02:57:01 [DEBUG   ] forensic.forensic_api.windows (windows.py:186): /_forensic/windows POST: Fenster 'ac276cc1-814e-4577-ae23-68aea9638533' (Rolle 'main') registriert
2026-05-18 02:57:01 [DEBUG   ] forensic.server.http_server (http_server.py:115): HTTP "POST /_forensic/windows HTTP/1.1" 200 -
2026-05-18 02:57:24 [DEBUG   ] forensic (main.py:447): Watchdog: Heartbeat (Dump: 'logs/freeze_dump.txt')
2026-05-18 02:57:25 [DEBUG   ] forensic.server.router (router.py:104): Router: POST /_forensic/windows (ajax=True)
2026-05-18 02:57:25 [DEBUG   ] forensic.forensic_api.windows (windows.py:186): /_forensic/windows POST: Fenster 'ed799376-b485-4431-ab1c-20777357870a' (Rolle 'userinfo') registriert
2026-05-18 02:57:25 [DEBUG   ] forensic.server.http_server (http_server.py:115): HTTP "POST /_forensic/windows HTTP/1.1" 200 -
2026-05-18 02:57:25 [DEBUG   ] forensic.server.router (router.py:104): Router: POST /_forensic/windows (ajax=True)
2026-05-18 02:57:25 [DEBUG   ] forensic.forensic_api.windows (windows.py:186): /_forensic/windows POST: Fenster '9e5ff66a-0bd6-49b1-9417-0b194c0b0fd1' (Rolle 'report') registriert
2026-05-18 02:57:25 [DEBUG   ] forensic.server.http_server (http_server.py:115): HTTP "POST /_forensic/windows HTTP/1.1" 200 -
2026-05-18 02:57:31 [DEBUG   ] forensic.server.router (router.py:104): Router: POST /_forensic/windows (ajax=True)
2026-05-18 02:57:31 [DEBUG   ] forensic.forensic_api.windows (windows.py:186): /_forensic/windows POST: Fenster 'ac276cc1-814e-4577-ae23-68aea9638533' (Rolle 'main') registriert
2026-05-18 02:57:31 [DEBUG   ] forensic.server.http_server (http_server.py:115): HTTP "POST /_forensic/windows HTTP/1.1" 200 -
2026-05-18 02:57:36 [DEBUG   ] forensic.server.router (router.py:104): Router: GET /_forensic/report (ajax=True)
2026-05-18 02:57:36 [DEBUG   ] forensic.server.http_server (http_server.py:115): HTTP "GET /_forensic/report?format=json&report_id=1 HTTP/1.1" 200 -
2026-05-18 02:57:36 [DEBUG   ] forensic.server.router (router.py:104): Router: POST /_forensic/report (ajax=False)
2026-05-18 02:57:36 [DEBUG   ] forensic.server.router (router.py:104): Router: GET /_forensic/placeholders/values (ajax=True)
2026-05-18 02:57:36 [DEBUG   ] forensic.server.http_server (http_server.py:115): HTTP "GET /_forensic/placeholders/values?report_id=1 HTTP/1.1" 200 -
2026-05-18 02:57:36 [INFO    ] forensic.db.evidence_db (evidence_db.py:1904): Editor-Lock freigegeben (lock_id=edacdc10-98a7-4612-925e-5bf1b615a99e)
2026-05-18 02:57:36 [DEBUG   ] forensic.server.http_server (http_server.py:115): HTTP "POST /_forensic/report HTTP/1.1" 200 -
2026-05-18 02:57:36 [DEBUG   ] forensic.server.router (router.py:104): Router: GET /_forensic/report (ajax=True)
2026-05-18 02:57:36 [DEBUG   ] forensic.server.http_server (http_server.py:115): HTTP "GET /_forensic/report?format=json&report_id=2 HTTP/1.1" 200 -
2026-05-18 02:57:36 [DEBUG   ] forensic.server.router (router.py:104): Router: POST /_forensic/report (ajax=False)
2026-05-18 02:57:36 [INFO    ] forensic.db.evidence_db (evidence_db.py:1883): Editor-Lock erworben: 'paul' rid=None (lock_id=c3d750ad-ebef-4a2b-ba6f-c4ea9627e831)
2026-05-18 02:57:36 [DEBUG   ] forensic.server.http_server (http_server.py:115): HTTP "POST /_forensic/report HTTP/1.1" 200 -
2026-05-18 02:57:36 [INFO    ] forensic.forensic_api.report (report.py:957): acquire_lock: 'paul' hat Lock erworben (sse_client=1bfcf4ed-a2cf-4c51-b236-1994fd3a92c1)
2026-05-18 02:57:36 [DEBUG   ] forensic.server.router (router.py:104): Router: GET /_forensic/placeholders/values (ajax=True)
2026-05-18 02:57:36 [DEBUG   ] forensic.server.http_server (http_server.py:115): HTTP "GET /_forensic/placeholders/values?report_id=2 HTTP/1.1" 200 -
2026-05-18 02:57:36 [DEBUG   ] forensic.server.router (router.py:104): Router: GET /_forensic/report (ajax=True)
2026-05-18 02:57:36 [DEBUG   ] forensic.server.http_server (http_server.py:115): HTTP "GET /_forensic/report?format=json&report_id=2 HTTP/1.1" 200 -
2026-05-18 02:57:36 [DEBUG   ] forensic.server.router (router.py:104): Router: GET /_forensic/placeholders/values (ajax=True)
2026-05-18 02:57:36 [DEBUG   ] forensic.server.http_server (http_server.py:115): HTTP "GET /_forensic/placeholders/values?report_id=2 HTTP/1.1" 200 -
2026-05-18 02:57:46 [DEBUG   ] forensic.server.router (router.py:104): Router: POST /_forensic/editor/block (ajax=False)
2026-05-18 02:57:46 [DEBUG   ] forensic.forensic_api.editor_block (editor_block.py:179): _action_save eingehend: block_id='069368b2-2a8f-467e-8463-4620a39faa9e' block_type='paragraph' block_data_type=dict owner='paul' report_id=2 placeholder_values_json_len=None
2026-05-18 02:57:46 [INFO    ] forensic.db.evidence_db (evidence_db.py:1327): Block gespeichert: block_id=069368b2-2a8f-467e-8463-4620a39faa9e type=paragraph report_id=2 von 'paul'
2026-05-18 02:57:46 [DEBUG   ] forensic.server.http_server (http_server.py:115): HTTP "POST /_forensic/editor/block HTTP/1.1" 200 -
2026-05-18 02:57:46 [INFO    ] forensic.forensic_api.editor_block (editor_block.py:367): Block gespeichert: block_id=069368b2-2a8f-467e-8463-4620a39faa9e type=paragraph owner=paul
2026-05-18 02:57:46 [DEBUG   ] forensic.server.router (router.py:104): Router: POST /_forensic/editor/block (ajax=False)
2026-05-18 02:57:46 [DEBUG   ] forensic.forensic_api.editor_block (editor_block.py:179): _action_save eingehend: block_id='wMhcsZbK1z' block_type='quote' block_data_type=dict owner='paul' report_id=2 placeholder_values_json_len=None
2026-05-18 02:57:46 [INFO    ] forensic.db.evidence_db (evidence_db.py:1327): Block gespeichert: block_id=wMhcsZbK1z type=quote report_id=2 von 'paul'
2026-05-18 02:57:46 [DEBUG   ] forensic.server.http_server (http_server.py:115): HTTP "POST /_forensic/editor/block HTTP/1.1" 200 -
2026-05-18 02:57:46 [INFO    ] forensic.forensic_api.editor_block (editor_block.py:367): Block gespeichert: block_id=wMhcsZbK1z type=quote owner=paul
2026-05-18 02:57:46 [DEBUG   ] forensic.server.router (router.py:104): Router: POST /_forensic/editor/order (ajax=False)
2026-05-18 02:57:46 [DEBUG   ] forensic.server.http_server (http_server.py:115): HTTP "POST /_forensic/editor/order HTTP/1.1" 200 -
2026-05-18 02:57:46 [INFO    ] forensic.forensic_api.editor_order (editor_order.py:174): Blockreihenfolge aktualisiert: report_id=2, 2 Eintraege von 'paul'
2026-05-18 02:57:46 [DEBUG   ] forensic.server.router (router.py:104): Router: GET /_forensic/report (ajax=True)
2026-05-18 02:57:46 [DEBUG   ] forensic.server.http_server (http_server.py:115): HTTP "GET /_forensic/report?format=json&report_id=2 HTTP/1.1" 200 -
2026-05-18 02:57:46 [DEBUG   ] forensic.server.router (router.py:104): Router: GET /_forensic/placeholders/values (ajax=True)
2026-05-18 02:57:46 [DEBUG   ] forensic.server.router (router.py:104): Router: POST /_forensic/report (ajax=False)
2026-05-18 02:57:46 [INFO    ] forensic.db.evidence_db (evidence_db.py:1904): Editor-Lock freigegeben (lock_id=c3d750ad-ebef-4a2b-ba6f-c4ea9627e831)
2026-05-18 02:57:46 [DEBUG   ] forensic.server.http_server (http_server.py:115): HTTP "GET /_forensic/placeholders/values?report_id=2 HTTP/1.1" 200 -
2026-05-18 02:57:46 [DEBUG   ] forensic.server.http_server (http_server.py:115): HTTP "POST /_forensic/report HTTP/1.1" 200 -
2026-05-18 02:57:46 [DEBUG   ] forensic.server.router (router.py:104): Router: GET /_forensic/report (ajax=True)
2026-05-18 02:57:46 [DEBUG   ] forensic.server.http_server (http_server.py:115): HTTP "GET /_forensic/report?format=json&report_id=1 HTTP/1.1" 200 -
2026-05-18 02:57:46 [DEBUG   ] forensic.server.router (router.py:104): Router: POST /_forensic/report (ajax=False)
2026-05-18 02:57:46 [INFO    ] forensic.db.evidence_db (evidence_db.py:1883): Editor-Lock erworben: 'paul' rid=None (lock_id=a5e24bcb-1492-4308-bf9e-47afdfcb56ad)
2026-05-18 02:57:46 [DEBUG   ] forensic.server.router (router.py:104): Router: GET /_forensic/placeholders/values (ajax=True)
2026-05-18 02:57:46 [DEBUG   ] forensic.server.http_server (http_server.py:115): HTTP "POST /_forensic/report HTTP/1.1" 200 -
2026-05-18 02:57:46 [DEBUG   ] forensic.server.http_server (http_server.py:115): HTTP "GET /_forensic/placeholders/values?report_id=1 HTTP/1.1" 200 -
2026-05-18 02:57:46 [INFO    ] forensic.forensic_api.report (report.py:957): acquire_lock: 'paul' hat Lock erworben (sse_client=1bfcf4ed-a2cf-4c51-b236-1994fd3a92c1)
2026-05-18 02:57:46 [DEBUG   ] forensic.server.router (router.py:104): Router: GET /_forensic/report (ajax=True)
2026-05-18 02:57:46 [DEBUG   ] forensic.server.http_server (http_server.py:115): HTTP "GET /_forensic/report?format=json&report_id=1 HTTP/1.1" 200 -
2026-05-18 02:57:46 [DEBUG   ] forensic.server.router (router.py:104): Router: GET /_forensic/placeholders/values (ajax=True)
2026-05-18 02:57:46 [DEBUG   ] forensic.server.http_server (http_server.py:115): HTTP "GET /_forensic/placeholders/values?report_id=1 HTTP/1.1" 200 -
2026-05-18 02:57:48 [DEBUG   ] forensic.server.router (router.py:104): Router: GET /_forensic/report (ajax=True)
2026-05-18 02:57:48 [DEBUG   ] forensic.server.http_server (http_server.py:115): HTTP "GET /_forensic/report?format=json&report_id=1 HTTP/1.1" 200 -
2026-05-18 02:57:48 [DEBUG   ] forensic.server.router (router.py:104): Router: POST /_forensic/report (ajax=False)
2026-05-18 02:57:48 [DEBUG   ] forensic.server.router (router.py:104): Router: GET /_forensic/placeholders/values (ajax=True)
2026-05-18 02:57:48 [DEBUG   ] forensic.server.http_server (http_server.py:115): HTTP "GET /_forensic/placeholders/values?report_id=1 HTTP/1.1" 200 -
2026-05-18 02:57:48 [INFO    ] forensic.db.evidence_db (evidence_db.py:1904): Editor-Lock freigegeben (lock_id=a5e24bcb-1492-4308-bf9e-47afdfcb56ad)
2026-05-18 02:57:48 [DEBUG   ] forensic.server.http_server (http_server.py:115): HTTP "POST /_forensic/report HTTP/1.1" 200 -
2026-05-18 02:57:48 [DEBUG   ] forensic.server.router (router.py:104): Router: GET /_forensic/report (ajax=True)
2026-05-18 02:57:48 [DEBUG   ] forensic.server.http_server (http_server.py:115): HTTP "GET /_forensic/report?format=json&report_id=2 HTTP/1.1" 200 -
2026-05-18 02:57:48 [DEBUG   ] forensic.server.router (router.py:104): Router: POST /_forensic/report (ajax=False)
2026-05-18 02:57:48 [DEBUG   ] forensic.server.router (router.py:104): Router: GET /_forensic/placeholders/values (ajax=True)
2026-05-18 02:57:48 [INFO    ] forensic.db.evidence_db (evidence_db.py:1883): Editor-Lock erworben: 'paul' rid=None (lock_id=f8c0c242-25d0-4ae3-8ff5-0f6c002faa84)
2026-05-18 02:57:48 [DEBUG   ] forensic.server.http_server (http_server.py:115): HTTP "POST /_forensic/report HTTP/1.1" 200 -
2026-05-18 02:57:48 [DEBUG   ] forensic.server.http_server (http_server.py:115): HTTP "GET /_forensic/placeholders/values?report_id=2 HTTP/1.1" 200 -
2026-05-18 02:57:48 [INFO    ] forensic.forensic_api.report (report.py:957): acquire_lock: 'paul' hat Lock erworben (sse_client=1bfcf4ed-a2cf-4c51-b236-1994fd3a92c1)
2026-05-18 02:57:48 [DEBUG   ] forensic.server.router (router.py:104): Router: GET /_forensic/report (ajax=True)
2026-05-18 02:57:48 [DEBUG   ] forensic.server.http_server (http_server.py:115): HTTP "GET /_forensic/report?format=json&report_id=2 HTTP/1.1" 200 -
2026-05-18 02:57:48 [DEBUG   ] forensic.server.router (router.py:104): Router: GET /_forensic/placeholders/values (ajax=True)
2026-05-18 02:57:48 [DEBUG   ] forensic.server.http_server (http_server.py:115): HTTP "GET /_forensic/placeholders/values?report_id=2 HTTP/1.1" 200 -
2026-05-18 02:57:49 [DEBUG   ] forensic.server.router (router.py:104): Router: POST /_forensic/editor/block (ajax=False)
2026-05-18 02:57:49 [DEBUG   ] forensic.forensic_api.editor_block (editor_block.py:179): _action_save eingehend: block_id='069368b2-2a8f-467e-8463-4620a39faa9e' block_type='paragraph' block_data_type=dict owner='paul' report_id=2 placeholder_values_json_len=None
2026-05-18 02:57:49 [INFO    ] forensic.db.evidence_db (evidence_db.py:1327): Block gespeichert: block_id=069368b2-2a8f-467e-8463-4620a39faa9e type=paragraph report_id=2 von 'paul'
2026-05-18 02:57:49 [DEBUG   ] forensic.server.http_server (http_server.py:115): HTTP "POST /_forensic/editor/block HTTP/1.1" 200 -
2026-05-18 02:57:49 [INFO    ] forensic.forensic_api.editor_block (editor_block.py:367): Block gespeichert: block_id=069368b2-2a8f-467e-8463-4620a39faa9e type=paragraph owner=paul
2026-05-18 02:57:49 [DEBUG   ] forensic.server.router (router.py:104): Router: POST /_forensic/editor/block (ajax=False)
2026-05-18 02:57:49 [DEBUG   ] forensic.forensic_api.editor_block (editor_block.py:179): _action_save eingehend: block_id='wMhcsZbK1z' block_type='quote' block_data_type=dict owner='paul' report_id=2 placeholder_values_json_len=None
2026-05-18 02:57:49 [INFO    ] forensic.db.evidence_db (evidence_db.py:1327): Block gespeichert: block_id=wMhcsZbK1z type=quote report_id=2 von 'paul'
2026-05-18 02:57:49 [DEBUG   ] forensic.server.http_server (http_server.py:115): HTTP "POST /_forensic/editor/block HTTP/1.1" 200 -
2026-05-18 02:57:49 [INFO    ] forensic.forensic_api.editor_block (editor_block.py:367): Block gespeichert: block_id=wMhcsZbK1z type=quote owner=paul
2026-05-18 02:57:49 [DEBUG   ] forensic.server.router (router.py:104): Router: POST /_forensic/editor/order (ajax=False)
2026-05-18 02:57:49 [DEBUG   ] forensic.server.http_server (http_server.py:115): HTTP "POST /_forensic/editor/order HTTP/1.1" 200 -
2026-05-18 02:57:49 [INFO    ] forensic.forensic_api.editor_order (editor_order.py:174): Blockreihenfolge aktualisiert: report_id=2, 2 Eintraege von 'paul'
2026-05-18 02:57:49 [DEBUG   ] forensic.server.router (router.py:104): Router: GET /_forensic/report (ajax=True)
2026-05-18 02:57:49 [DEBUG   ] forensic.server.http_server (http_server.py:115): HTTP "GET /_forensic/report?format=json&report_id=2 HTTP/1.1" 200 -
2026-05-18 02:57:49 [DEBUG   ] forensic.server.router (router.py:104): Router: POST /_forensic/report (ajax=False)
2026-05-18 02:57:49 [DEBUG   ] forensic.server.router (router.py:104): Router: GET /_forensic/placeholders/values (ajax=True)
2026-05-18 02:57:49 [INFO    ] forensic.db.evidence_db (evidence_db.py:1904): Editor-Lock freigegeben (lock_id=f8c0c242-25d0-4ae3-8ff5-0f6c002faa84)
2026-05-18 02:57:49 [DEBUG   ] forensic.server.http_server (http_server.py:115): HTTP "GET /_forensic/placeholders/values?report_id=2 HTTP/1.1" 200 -
2026-05-18 02:57:49 [DEBUG   ] forensic.server.http_server (http_server.py:115): HTTP "POST /_forensic/report HTTP/1.1" 200 -
2026-05-18 02:57:49 [DEBUG   ] forensic.server.router (router.py:104): Router: GET /_forensic/report (ajax=True)
2026-05-18 02:57:49 [DEBUG   ] forensic.server.http_server (http_server.py:115): HTTP "GET /_forensic/report?format=json&report_id=1 HTTP/1.1" 200 -
2026-05-18 02:57:49 [DEBUG   ] forensic.server.router (router.py:104): Router: POST /_forensic/report (ajax=False)
2026-05-18 02:57:49 [INFO    ] forensic.db.evidence_db (evidence_db.py:1883): Editor-Lock erworben: 'paul' rid=None (lock_id=7dbbdf03-dd94-45c8-8d70-5e85ad493e62)
2026-05-18 02:57:49 [DEBUG   ] forensic.server.http_server (http_server.py:115): HTTP "POST /_forensic/report HTTP/1.1" 200 -
2026-05-18 02:57:49 [DEBUG   ] forensic.server.router (router.py:104): Router: GET /_forensic/placeholders/values (ajax=True)
2026-05-18 02:57:49 [INFO    ] forensic.forensic_api.report (report.py:957): acquire_lock: 'paul' hat Lock erworben (sse_client=1bfcf4ed-a2cf-4c51-b236-1994fd3a92c1)
2026-05-18 02:57:49 [DEBUG   ] forensic.server.http_server (http_server.py:115): HTTP "GET /_forensic/placeholders/values?report_id=1 HTTP/1.1" 200 -
2026-05-18 02:57:49 [DEBUG   ] forensic.server.router (router.py:104): Router: GET /_forensic/report (ajax=True)
2026-05-18 02:57:49 [DEBUG   ] forensic.server.http_server (http_server.py:115): HTTP "GET /_forensic/report?format=json&report_id=1 HTTP/1.1" 200 -
2026-05-18 02:57:49 [DEBUG   ] forensic.server.router (router.py:104): Router: GET /_forensic/placeholders/values (ajax=True)
2026-05-18 02:57:49 [DEBUG   ] forensic.server.http_server (http_server.py:115): HTTP "GET /_forensic/placeholders/values?report_id=1 HTTP/1.1" 200 -
2026-05-18 02:57:50 [DEBUG   ] forensic.server.router (router.py:104): Router: GET /_forensic/report (ajax=True)
2026-05-18 02:57:50 [DEBUG   ] forensic.server.http_server (http_server.py:115): HTTP "GET /_forensic/report?format=json&report_id=1 HTTP/1.1" 200 -
2026-05-18 02:57:50 [DEBUG   ] forensic.server.router (router.py:104): Router: POST /_forensic/report (ajax=False)
2026-05-18 02:57:50 [DEBUG   ] forensic.server.router (router.py:104): Router: GET /_forensic/placeholders/values (ajax=True)
2026-05-18 02:57:50 [DEBUG   ] forensic.server.http_server (http_server.py:115): HTTP "GET /_forensic/placeholders/values?report_id=1 HTTP/1.1" 200 -
2026-05-18 02:57:50 [INFO    ] forensic.db.evidence_db (evidence_db.py:1904): Editor-Lock freigegeben (lock_id=7dbbdf03-dd94-45c8-8d70-5e85ad493e62)
2026-05-18 02:57:50 [DEBUG   ] forensic.server.http_server (http_server.py:115): HTTP "POST /_forensic/report HTTP/1.1" 200 -
2026-05-18 02:57:50 [DEBUG   ] forensic.server.router (router.py:104): Router: GET /_forensic/report (ajax=True)
2026-05-18 02:57:50 [DEBUG   ] forensic.server.http_server (http_server.py:115): HTTP "GET /_forensic/report?format=json&report_id=2 HTTP/1.1" 200 -
2026-05-18 02:57:50 [DEBUG   ] forensic.server.router (router.py:104): Router: POST /_forensic/report (ajax=False)
2026-05-18 02:57:50 [INFO    ] forensic.db.evidence_db (evidence_db.py:1883): Editor-Lock erworben: 'paul' rid=None (lock_id=383b1672-cff7-4f72-8294-dd0df8d933c0)
2026-05-18 02:57:50 [DEBUG   ] forensic.server.http_server (http_server.py:115): HTTP "POST /_forensic/report HTTP/1.1" 200 -
2026-05-18 02:57:50 [INFO    ] forensic.forensic_api.report (report.py:957): acquire_lock: 'paul' hat Lock erworben (sse_client=1bfcf4ed-a2cf-4c51-b236-1994fd3a92c1)
2026-05-18 02:57:50 [DEBUG   ] forensic.server.router (router.py:104): Router: GET /_forensic/placeholders/values (ajax=True)
2026-05-18 02:57:50 [DEBUG   ] forensic.server.http_server (http_server.py:115): HTTP "GET /_forensic/placeholders/values?report_id=2 HTTP/1.1" 200 -
2026-05-18 02:57:50 [DEBUG   ] forensic.server.router (router.py:104): Router: GET /_forensic/report (ajax=True)
2026-05-18 02:57:50 [DEBUG   ] forensic.server.http_server (http_server.py:115): HTTP "GET /_forensic/report?format=json&report_id=2 HTTP/1.1" 200 -
2026-05-18 02:57:50 [DEBUG   ] forensic.server.router (router.py:104): Router: GET /_forensic/placeholders/values (ajax=True)
2026-05-18 02:57:50 [DEBUG   ] forensic.server.http_server (http_server.py:115): HTTP "GET /_forensic/placeholders/values?report_id=2 HTTP/1.1" 200 -
2026-05-18 02:57:52 [DEBUG   ] forensic.server.router (router.py:104): Router: POST /_forensic/editor/block (ajax=False)
2026-05-18 02:57:52 [DEBUG   ] forensic.forensic_api.editor_block (editor_block.py:179): _action_save eingehend: block_id='069368b2-2a8f-467e-8463-4620a39faa9e' block_type='paragraph' block_data_type=dict owner='paul' report_id=2 placeholder_values_json_len=None
2026-05-18 02:57:52 [INFO    ] forensic.db.evidence_db (evidence_db.py:1327): Block gespeichert: block_id=069368b2-2a8f-467e-8463-4620a39faa9e type=paragraph report_id=2 von 'paul'
2026-05-18 02:57:52 [DEBUG   ] forensic.server.http_server (http_server.py:115): HTTP "POST /_forensic/editor/block HTTP/1.1" 200 -
2026-05-18 02:57:52 [INFO    ] forensic.forensic_api.editor_block (editor_block.py:367): Block gespeichert: block_id=069368b2-2a8f-467e-8463-4620a39faa9e type=paragraph owner=paul
2026-05-18 02:57:52 [DEBUG   ] forensic.server.router (router.py:104): Router: POST /_forensic/editor/block (ajax=False)
2026-05-18 02:57:52 [DEBUG   ] forensic.forensic_api.editor_block (editor_block.py:179): _action_save eingehend: block_id='wMhcsZbK1z' block_type='quote' block_data_type=dict owner='paul' report_id=2 placeholder_values_json_len=None
2026-05-18 02:57:52 [INFO    ] forensic.db.evidence_db (evidence_db.py:1327): Block gespeichert: block_id=wMhcsZbK1z type=quote report_id=2 von 'paul'
2026-05-18 02:57:52 [DEBUG   ] forensic.server.http_server (http_server.py:115): HTTP "POST /_forensic/editor/block HTTP/1.1" 200 -
2026-05-18 02:57:52 [INFO    ] forensic.forensic_api.editor_block (editor_block.py:367): Block gespeichert: block_id=wMhcsZbK1z type=quote owner=paul
2026-05-18 02:57:52 [DEBUG   ] forensic.server.router (router.py:104): Router: POST /_forensic/editor/order (ajax=False)
2026-05-18 02:57:52 [DEBUG   ] forensic.server.http_server (http_server.py:115): HTTP "POST /_forensic/editor/order HTTP/1.1" 200 -
2026-05-18 02:57:52 [INFO    ] forensic.forensic_api.editor_order (editor_order.py:174): Blockreihenfolge aktualisiert: report_id=2, 2 Eintraege von 'paul'
2026-05-18 02:57:52 [DEBUG   ] forensic.server.router (router.py:104): Router: GET /_forensic/report (ajax=True)
2026-05-18 02:57:52 [DEBUG   ] forensic.server.http_server (http_server.py:115): HTTP "GET /_forensic/report?format=json&report_id=2 HTTP/1.1" 200 -
2026-05-18 02:57:52 [DEBUG   ] forensic.server.router (router.py:104): Router: GET /_forensic/placeholders/values (ajax=True)
2026-05-18 02:57:52 [DEBUG   ] forensic.server.router (router.py:104): Router: POST /_forensic/report (ajax=False)
2026-05-18 02:57:52 [DEBUG   ] forensic.server.http_server (http_server.py:115): HTTP "GET /_forensic/placeholders/values?report_id=2 HTTP/1.1" 200 -
2026-05-18 02:57:52 [INFO    ] forensic.db.evidence_db (evidence_db.py:1904): Editor-Lock freigegeben (lock_id=383b1672-cff7-4f72-8294-dd0df8d933c0)
2026-05-18 02:57:52 [DEBUG   ] forensic.server.http_server (http_server.py:115): HTTP "POST /_forensic/report HTTP/1.1" 200 -
2026-05-18 02:57:52 [DEBUG   ] forensic.server.router (router.py:104): Router: GET /_forensic/report (ajax=True)
2026-05-18 02:57:52 [DEBUG   ] forensic.server.http_server (http_server.py:115): HTTP "GET /_forensic/report?format=json&report_id=1 HTTP/1.1" 200 -
2026-05-18 02:57:52 [DEBUG   ] forensic.server.router (router.py:104): Router: POST /_forensic/report (ajax=False)
2026-05-18 02:57:52 [INFO    ] forensic.db.evidence_db (evidence_db.py:1883): Editor-Lock erworben: 'paul' rid=None (lock_id=4ef158aa-ca30-4e67-970d-3ca18527512a)
2026-05-18 02:57:52 [DEBUG   ] forensic.server.http_server (http_server.py:115): HTTP "POST /_forensic/report HTTP/1.1" 200 -
2026-05-18 02:57:52 [INFO    ] forensic.forensic_api.report (report.py:957): acquire_lock: 'paul' hat Lock erworben (sse_client=1bfcf4ed-a2cf-4c51-b236-1994fd3a92c1)
2026-05-18 02:57:52 [DEBUG   ] forensic.server.router (router.py:104): Router: GET /_forensic/report (ajax=True)
2026-05-18 02:57:52 [DEBUG   ] forensic.server.http_server (http_server.py:115): HTTP "GET /_forensic/report?format=json&report_id=1 HTTP/1.1" 200 -
2026-05-18 02:57:52 [DEBUG   ] forensic.server.router (router.py:104): Router: GET /_forensic/placeholders/values (ajax=True)
2026-05-18 02:57:52 [DEBUG   ] forensic.server.http_server (http_server.py:115): HTTP "GET /_forensic/placeholders/values?report_id=1 HTTP/1.1" 200 -
2026-05-18 02:57:54 [DEBUG   ] forensic (main.py:447): Watchdog: Heartbeat (Dump: 'logs/freeze_dump.txt')
2026-05-18 02:57:55 [DEBUG   ] forensic.server.router (router.py:104): Router: POST /_forensic/windows (ajax=True)
2026-05-18 02:57:55 [DEBUG   ] forensic.forensic_api.windows (windows.py:186): /_forensic/windows POST: Fenster 'ed799376-b485-4431-ab1c-20777357870a' (Rolle 'userinfo') registriert
2026-05-18 02:57:55 [DEBUG   ] forensic.server.http_server (http_server.py:115): HTTP "POST /_forensic/windows HTTP/1.1" 200 -
2026-05-18 02:57:55 [DEBUG   ] forensic.server.router (router.py:104): Router: POST /_forensic/windows (ajax=True)
2026-05-18 02:57:55 [DEBUG   ] forensic.forensic_api.windows (windows.py:186): /_forensic/windows POST: Fenster '9e5ff66a-0bd6-49b1-9417-0b194c0b0fd1' (Rolle 'report') registriert
2026-05-18 02:57:55 [DEBUG   ] forensic.server.http_server (http_server.py:115): HTTP "POST /_forensic/windows HTTP/1.1" 200 -
2026-05-18 02:58:01 [DEBUG   ] forensic.server.router (router.py:104): Router: POST /_forensic/windows (ajax=True)
2026-05-18 02:58:01 [DEBUG   ] forensic.forensic_api.windows (windows.py:186): /_forensic/windows POST: Fenster 'ac276cc1-814e-4577-ae23-68aea9638533' (Rolle 'main') registriert
2026-05-18 02:58:01 [DEBUG   ] forensic.server.http_server (http_server.py:115): HTTP "POST /_forensic/windows HTTP/1.1" 200 -
2026-05-18 02:58:24 [DEBUG   ] forensic (main.py:447): Watchdog: Heartbeat (Dump: 'logs/freeze_dump.txt')
2026-05-18 02:58:25 [DEBUG   ] forensic.server.router (router.py:104): Router: POST /_forensic/windows (ajax=True)
2026-05-18 02:58:25 [DEBUG   ] forensic.forensic_api.windows (windows.py:186): /_forensic/windows POST: Fenster 'ed799376-b485-4431-ab1c-20777357870a' (Rolle 'userinfo') registriert
2026-05-18 02:58:25 [DEBUG   ] forensic.server.http_server (http_server.py:115): HTTP "POST /_forensic/windows HTTP/1.1" 200 -
2026-05-18 02:58:25 [DEBUG   ] forensic.server.router (router.py:104): Router: POST /_forensic/windows (ajax=True)
2026-05-18 02:58:25 [DEBUG   ] forensic.forensic_api.windows (windows.py:186): /_forensic/windows POST: Fenster '9e5ff66a-0bd6-49b1-9417-0b194c0b0fd1' (Rolle 'report') registriert
2026-05-18 02:58:25 [DEBUG   ] forensic.server.http_server (http_server.py:115): HTTP "POST /_forensic/windows HTTP/1.1" 200 -
2026-05-18 02:58:31 [DEBUG   ] forensic.server.router (router.py:104): Router: POST /_forensic/windows (ajax=True)
2026-05-18 02:58:31 [DEBUG   ] forensic.forensic_api.windows (windows.py:186): /_forensic/windows POST: Fenster 'ac276cc1-814e-4577-ae23-68aea9638533' (Rolle 'main') registriert
2026-05-18 02:58:31 [DEBUG   ] forensic.server.http_server (http_server.py:115): HTTP "POST /_forensic/windows HTTP/1.1" 200 -
