2026-06-07 11:21:38 [INFO    ] forensic (logger.py:158): Logging initialisiert — Level: DEBUG, Logdatei: /opt/aiw_webserver/logs/forensic_server.log
2026-06-07 11:21:38 [INFO    ] forensic (main.py:265): === Forensischer Webserver startet ===
2026-06-07 11:21:38 [INFO    ] forensic (main.py:268): Config geladen: '/opt/aiw_webserver/config.yaml'
2026-06-07 11:21:38 [DEBUG   ] forensic.core.user_resolver (user_resolver.py:70): Systembenutzer ermittelt: 'paul' (Plattform: linux)
2026-06-07 11:21:38 [INFO    ] forensic (main.py:277): Systembenutzer: 'paul'
2026-06-07 11:21:38 [INFO    ] forensic.core.mode_resolver (mode_resolver.py:150): Startmodus: 'cli'
2026-06-07 11:21:38 [INFO    ] forensic.core.mode_resolver (mode_resolver.py:351): Modus 'cli': user_id=2948078, username='uid_2948078', forensic_db='/opt/aiw_webserver/data/forensic/forensic_2948078.db'
2026-06-07 11:21:38 [INFO    ] forensic (main.py:300): Kontext: mode='cli', user_id=2948078, username='uid_2948078'
2026-06-07 11:21:38 [INFO    ] forensic (main.py:304): forensic_db : '/opt/aiw_webserver/data/forensic/forensic_2948078.db'
2026-06-07 11:21:38 [INFO    ] forensic (main.py:305): evidence_db : '/opt/aiw_webserver/data/evidence/evidence_2948078.db'
2026-06-07 11:21:38 [INFO    ] forensic (main.py:306): default_db  : '/opt/aiw_webserver/data/default.db'
2026-06-07 11:21:38 [INFO    ] forensic (main.py:307): coordinator : '/opt/aiw_webserver/data/coordinator.db'
2026-06-07 11:21:38 [INFO    ] forensic.core.startup_checks (startup_checks.py:123): Starte Voraussetzungsprüfungen...
2026-06-07 11:21:38 [DEBUG   ] forensic.core.startup_checks (startup_checks.py:164): Datei gefunden: forensic_db = '/opt/aiw_webserver/data/forensic/forensic_2948078.db'
2026-06-07 11:21:38 [DEBUG   ] forensic.core.startup_checks (startup_checks.py:164): Datei gefunden: evidence_db = '/opt/aiw_webserver/data/evidence/evidence_2948078.db'
2026-06-07 11:21:38 [DEBUG   ] forensic.core.startup_checks (startup_checks.py:180): default_db gefunden: '/opt/aiw_webserver/data/default.db'
2026-06-07 11:21:38 [DEBUG   ] forensic.core.startup_checks (startup_checks.py:206): coordinator_db gefunden: '/opt/aiw_webserver/data/coordinator.db'
2026-06-07 11:21:38 [DEBUG   ] forensic.core.startup_checks (startup_checks.py:254): Schema-Version geprüft: 1 (erwartet: 1) ✓
2026-06-07 11:21:40 [INFO    ] forensic.core.startup_checks (startup_checks.py:327): Integritätsprüfung forensic_db erfolgreich: SHA-256 = 319d9f95e6f3b2f8... ✓
2026-06-07 11:21:40 [DEBUG   ] forensic.core.startup_checks (startup_checks.py:366): forensic_db READ-ONLY-Prüfung bestanden ✓
2026-06-07 11:21:40 [INFO    ] forensic.core.startup_checks (startup_checks.py:132): Alle Voraussetzungsprüfungen erfolgreich abgeschlossen.
2026-06-07 11:21:40 [INFO    ] forensic (main.py:322): Alle Startprüfungen bestanden.
2026-06-07 11:21:40 [DEBUG   ] forensic.core.hosts_manager (hosts_manager.py:135): HostsManager: forum_hostname nicht konfiguriert — no-op.
2026-06-07 11:21:40 [INFO    ] forensic.db.connection_manager (connection_manager.py:154): Öffne Datenbankverbindungen (Modus: 'cli', user_id: 2948078)
2026-06-07 11:21:40 [DEBUG   ] forensic.db.connection_manager (connection_manager.py:197): Haupt-DB geöffnet: '/opt/aiw_webserver/data/evidence/evidence_2948078.db'
2026-06-07 11:21:40 [DEBUG   ] forensic.db.connection_manager (connection_manager.py:527): ATTACH fdb (READ-ONLY via Authorizer): '/opt/aiw_webserver/data/forensic/forensic_2948078.db'
2026-06-07 11:21:40 [DEBUG   ] forensic.db.connection_manager (connection_manager.py:527): ATTACH ddb (READ-ONLY via Authorizer): '/opt/aiw_webserver/data/default.db'
2026-06-07 11:21:40 [DEBUG   ] forensic.db.connection_manager (connection_manager.py:540): ATTACH cdb (READ-WRITE): '/opt/aiw_webserver/data/coordinator.db'
2026-06-07 11:21:40 [DEBUG   ] forensic.db.connection_manager (connection_manager.py:212): cdb angebunden: '/opt/aiw_webserver/data/coordinator.db'
2026-06-07 11:21:40 [DEBUG   ] forensic.db.connection_manager (connection_manager.py:527): ATTACH adb (READ-ONLY via Authorizer): '/opt/aiw_webserver/data/assets/assets_2948078.db'
2026-06-07 11:21:40 [DEBUG   ] forensic.db.connection_manager (connection_manager.py:226): adb angebunden (READ-ONLY): '/opt/aiw_webserver/data/assets/assets_2948078.db'
2026-06-07 11:21:40 [DEBUG   ] forensic.db.connection_manager (connection_manager.py:527): ATTACH tdb (READ-ONLY via Authorizer): '/opt/aiw_webserver/data/templates.db'
2026-06-07 11:21:40 [DEBUG   ] forensic.db.connection_manager (connection_manager.py:243): tdb angebunden (READ-ONLY): '/opt/aiw_webserver/data/templates.db'
2026-06-07 11:21:40 [DEBUG   ] forensic.db.forensic_db (forensic_db.py:478): get_forum_base_url(): 'http://alice4n4kd5gga3xqggygi6r7q7l7bb2wg5lcykh22ilxomk2jmpcbyd.onion'
2026-06-07 11:21:40 [DEBUG   ] forensic.db.forensic_db (forensic_db.py:221): blob_lookup TEMP VIEW angelegt (forum_base_url='http://alice4n4kd5gga3xqggygi6r7q7l7bb2wg5lcykh22ilxomk2jmpcbyd.onion')
2026-06-07 11:21:40 [DEBUG   ] forensic.db.forensic_db (forensic_db.py:478): get_forum_base_url(): 'http://alice4n4kd5gga3xqggygi6r7q7l7bb2wg5lcykh22ilxomk2jmpcbyd.onion'
2026-06-07 11:21:40 [DEBUG   ] forensic.db.default_db (default_db.py:121): ddb (default.db) korrekt angebunden und erreichbar
2026-06-07 11:21:40 [DEBUG   ] forensic.db.assets_db (assets_db.py:170): adb (assets_<uid>.db) korrekt angebunden und erreichbar
2026-06-07 11:21:40 [DEBUG   ] forensic.db.templates_db (templates_db.py:102): TemplatesDb: tdb verfuegbar und initialisiert.
2026-06-07 11:21:40 [DEBUG   ] forensic.db.connection_manager (connection_manager.py:272): Authorizer deaktiviert — Schreibschutz via Dateisystem/startup_checks.
2026-06-07 11:21:40 [INFO    ] forensic.db.connection_manager (connection_manager.py:274): Alle Verbindungen aufgebaut (Normalmodus). forensic_db: 618 Seiten, evidence_db: 77 Annotationen
2026-06-07 11:21:40 [INFO    ] forensic (main.py:366): Alle Datenbankverbindungen aufgebaut.
2026-06-07 11:21:40 [INFO    ] forensic.core.build_info (build_info.py:87): Build-Info geladen: v0.6.272 Build 272 (2026-05-31) — /opt/aiw_webserver/build.json
2026-06-07 11:21:40 [INFO    ] forensic.core.build_info (build_info.py:117): ======================================================================
2026-06-07 11:21:40 [INFO    ] forensic.core.build_info (build_info.py:118): Datei-Prüfsummen (MD5) — relevante Verzeichnisse:
2026-06-07 11:21:40 [INFO    ] forensic.core.build_info (build_info.py:119): ======================================================================
2026-06-07 11:21:40 [INFO    ] forensic.core.build_info (build_info.py:139):   forensic_api/
2026-06-07 11:21:40 [INFO    ] forensic.core.build_info (build_info.py:144):     62f6c042c160d79342a1c94172f99bb3  forensic_api/__init__.py
2026-06-07 11:21:40 [INFO    ] forensic.core.build_info (build_info.py:144):     a9d4946e7fad988d5c93f91f57414568  forensic_api/_lock_guard.py
2026-06-07 11:21:40 [INFO    ] forensic.core.build_info (build_info.py:144):     a390a43516f6de3d26ef38005ca52fc0  forensic_api/aliases.py
2026-06-07 11:21:40 [INFO    ] forensic.core.build_info (build_info.py:144):     5158550bda7a170b0f95f700c1937f6f  forensic_api/annotate.py
2026-06-07 11:21:40 [INFO    ] forensic.core.build_info (build_info.py:144):     055a8cbc2479f760763218891051f6aa  forensic_api/annotations.py
2026-06-07 11:21:40 [INFO    ] forensic.core.build_info (build_info.py:144):     eb89f8d7d3b9a8c799d5f339e530476c  forensic_api/cross_annotation_integrator.py
2026-06-07 11:21:40 [INFO    ] forensic.core.build_info (build_info.py:144):     242b49e0a636bae32c27545a6041d31e  forensic_api/editor_block.py
2026-06-07 11:21:40 [INFO    ] forensic.core.build_info (build_info.py:144):     021794826bc3578e4a804d83f4940099  forensic_api/editor_comment.py
2026-06-07 11:21:40 [INFO    ] forensic.core.build_info (build_info.py:144):     a348aec0cfabf13d7efb6cecca8b78a9  forensic_api/editor_evidence.py
2026-06-07 11:21:40 [INFO    ] forensic.core.build_info (build_info.py:144):     968ad04d95d0fee56ede3ad57caa6385  forensic_api/editor_order.py
2026-06-07 11:21:40 [INFO    ] forensic.core.build_info (build_info.py:144):     ce442c3bd2edca7ab292578e9a9c731c  forensic_api/events.py
2026-06-07 11:21:40 [INFO    ] forensic.core.build_info (build_info.py:144):     c72bbf0458972cd2ee5e2a503d0865cc  forensic_api/export.py
2026-06-07 11:21:40 [INFO    ] forensic.core.build_info (build_info.py:144):     f23bf91c1fccb407d41bcd4a0c590b52  forensic_api/fileasset.py
2026-06-07 11:21:40 [INFO    ] forensic.core.build_info (build_info.py:144):     5e6d2427dbd60cbd54b36b8f8ed6dbc4  forensic_api/investigator_me.py
2026-06-07 11:21:40 [INFO    ] forensic.core.build_info (build_info.py:144):     2cfe78f6dbe29979e3b75d32d5c36f05  forensic_api/knownusers.py
2026-06-07 11:21:40 [INFO    ] forensic.core.build_info (build_info.py:144):     9501fe000961856272d57b11b29b2836  forensic_api/page.py
2026-06-07 11:21:40 [INFO    ] forensic.core.build_info (build_info.py:144):     3458270eea9344594fb5ef67683ffa07  forensic_api/placeholders.py
2026-06-07 11:21:40 [INFO    ] forensic.core.build_info (build_info.py:144):     cca4e528a9bf3be11e45c78d4c2e969e  forensic_api/report.py
2026-06-07 11:21:40 [INFO    ] forensic.core.build_info (build_info.py:144):     6cee93e66bfc7f6dc771e0a5c2d3c991  forensic_api/reports.py
2026-06-07 11:21:40 [INFO    ] forensic.core.build_info (build_info.py:144):     e8d2c5367a66158da0388c2b6d46e7d3  forensic_api/search.py
2026-06-07 11:21:40 [INFO    ] forensic.core.build_info (build_info.py:144):     3c6f7613203058c0458338eac2dc72e9  forensic_api/static.py
2026-06-07 11:21:40 [INFO    ] forensic.core.build_info (build_info.py:144):     7486692643ad2fb75e0262ccf906a647  forensic_api/status.py
2026-06-07 11:21:40 [INFO    ] forensic.core.build_info (build_info.py:144):     1ecb25eae003e36a6a32de28cc6aa48f  forensic_api/sync_incoming.py
2026-06-07 11:21:40 [INFO    ] forensic.core.build_info (build_info.py:144):     bc368f902df389e35beeafc17f0eb134  forensic_api/templates_ep.py
2026-06-07 11:21:40 [INFO    ] forensic.core.build_info (build_info.py:144):     f07dd8ba3965137f0e93be096eba3cc5  forensic_api/trace_sequence.py
2026-06-07 11:21:40 [INFO    ] forensic.core.build_info (build_info.py:144):     6e9964ae4fd7f2818bea5baff74d2d48  forensic_api/userinfo.py
2026-06-07 11:21:40 [INFO    ] forensic.core.build_info (build_info.py:144):     ac03dc8f8019230b6d5de5aab0c5b12c  forensic_api/userinfo_data.py
2026-06-07 11:21:40 [INFO    ] forensic.core.build_info (build_info.py:144):     9bdbdc7be233589a10bc4935570803e7  forensic_api/userinfo_static.py
2026-06-07 11:21:40 [INFO    ] forensic.core.build_info (build_info.py:144):     6b4cee54f3d596804768a5ef06db3490  forensic_api/version.py
2026-06-07 11:21:40 [INFO    ] forensic.core.build_info (build_info.py:144):     612c6dc8137ced9b2314fb4be57e6a70  forensic_api/viewport.py
2026-06-07 11:21:40 [INFO    ] forensic.core.build_info (build_info.py:144):     e5208791e708425cf1a494942e8bbd44  forensic_api/windows.py
2026-06-07 11:21:40 [INFO    ] forensic.core.build_info (build_info.py:139):   userinfo/
2026-06-07 11:21:40 [INFO    ] forensic.core.build_info (build_info.py:144):     3d5848e1fc3f3319e07ea5cc60728d25  userinfo/annotation_sidebar.js
2026-06-07 11:21:40 [INFO    ] forensic.core.build_info (build_info.py:144):     97b3170d33f39937dd63168a0dba149b  userinfo/comment_thread.js
2026-06-07 11:21:40 [INFO    ] forensic.core.build_info (build_info.py:144):     b65ee930e203ca6d863ab2eba78f02e6  userinfo/debug_events.js
2026-06-07 11:21:40 [INFO    ] forensic.core.build_info (build_info.py:144):     8aeff83f9b111d50298edf99a6a57199  userinfo/document_layer.js
2026-06-07 11:21:40 [INFO    ] forensic.core.build_info (build_info.py:144):     fa7562283ecb462c82a90c43265bec02  userinfo/editor_bootstrap.js
2026-06-07 11:21:40 [INFO    ] forensic.core.build_info (build_info.py:144):     b06facf74ae1ad927e860376ba22ae87  userinfo/lock_layer.js
2026-06-07 11:21:40 [INFO    ] forensic.core.build_info (build_info.py:144):     88bd495d79b913c920282856d8a44f35  userinfo/module_panel.js
2026-06-07 11:21:40 [INFO    ] forensic.core.build_info (build_info.py:144):     8374c259ea766060b94af35bab49f961  userinfo/placeholder_chips.js
2026-06-07 11:21:40 [INFO    ] forensic.core.build_info (build_info.py:144):     3a5d01f17877c45027ddc9586e4c8d83  userinfo/placeholder_wizard.js
2026-06-07 11:21:40 [INFO    ] forensic.core.build_info (build_info.py:144):     e49010a802ae10269091f7b31363d461  userinfo/report.css
2026-06-07 11:21:40 [INFO    ] forensic.core.build_info (build_info.py:144):     114ed06c021fd0e589d7e32ec96d415b  userinfo/report.js
2026-06-07 11:21:40 [INFO    ] forensic.core.build_info (build_info.py:144):     5ed4a8f26f622609cc8cf853da104741  userinfo/report_editor.js
2026-06-07 11:21:40 [INFO    ] forensic.core.build_info (build_info.py:144):     c843a3b82e95f30fcbb2ac06c7d01a27  userinfo/report_layer.js
2026-06-07 11:21:40 [INFO    ] forensic.core.build_info (build_info.py:144):     7e11f7eba0acd2b38f3e5de2e45fbd64  userinfo/sse_layer.js
2026-06-07 11:21:40 [INFO    ] forensic.core.build_info (build_info.py:144):     a0af65cf6bcae5ef6793c72dec97b426  userinfo/userinfo.css
2026-06-07 11:21:40 [INFO    ] forensic.core.build_info (build_info.py:144):     de44ce9a04a4c9611455f5bfc95c6627  userinfo/userinfo.js
2026-06-07 11:21:40 [INFO    ] forensic.core.build_info (build_info.py:139):   editor/
2026-06-07 11:21:40 [INFO    ] forensic.core.build_info (build_info.py:144):     d41d8cd98f00b204e9800998ecf8427e  editor/__init__.py
2026-06-07 11:21:40 [INFO    ] forensic.core.build_info (build_info.py:144):     6937f1a3a1fec2608183dbdecde5d006  editor/html_renderer.py
2026-06-07 11:21:40 [INFO    ] forensic.core.build_info (build_info.py:139):   toolbar/
2026-06-07 11:21:40 [INFO    ] forensic.core.build_info (build_info.py:144):     82d70e7d1ac771aa1d1573052b6c089b  toolbar/toolbar.css
2026-06-07 11:21:40 [INFO    ] forensic.core.build_info (build_info.py:144):     f5704d22258ece2c9cf6c268410fb491  toolbar/toolbar.js
2026-06-07 11:21:40 [DEBUG   ] forensic.core.build_info (build_info.py:136):   [leer] data/
2026-06-07 11:21:40 [INFO    ] forensic.core.build_info (build_info.py:139):   core/
2026-06-07 11:21:40 [INFO    ] forensic.core.build_info (build_info.py:144):     7927ee36542484c7320d7934218cc7ca  core/__init__.py
2026-06-07 11:21:40 [INFO    ] forensic.core.build_info (build_info.py:144):     139421d80f349dd8d1f7ca0f69b0b827  core/build_info.py
2026-06-07 11:21:40 [INFO    ] forensic.core.build_info (build_info.py:144):     8efc0965c3fb1a2640922bbe95f9eced  core/config_loader.py
2026-06-07 11:21:40 [INFO    ] forensic.core.build_info (build_info.py:144):     d4cf0da5390bc28ab841e955ee797221  core/hosts_manager.py
2026-06-07 11:21:40 [INFO    ] forensic.core.build_info (build_info.py:144):     9e1e6e718de683bad2db3e9946bd6583  core/logger.py
2026-06-07 11:21:40 [INFO    ] forensic.core.build_info (build_info.py:144):     66002a767e40c8988b8943af69e9f065  core/mode_resolver.py
2026-06-07 11:21:40 [INFO    ] forensic.core.build_info (build_info.py:144):     67ba2bef87e31e3e8fc4b684f125c9c2  core/startup_checks.py
2026-06-07 11:21:40 [INFO    ] forensic.core.build_info (build_info.py:144):     dd0ed27c3aaa8aad9ac0060b5f4c475a  core/user_resolver.py
2026-06-07 11:21:40 [INFO    ] forensic.core.build_info (build_info.py:139):   server/
2026-06-07 11:21:40 [INFO    ] forensic.core.build_info (build_info.py:144):     cb1df466eddc44b80558d5b7f9c47a53  server/__init__.py
2026-06-07 11:21:40 [INFO    ] forensic.core.build_info (build_info.py:144):     6557762ffe63c9e5838a7aded8be5a38  server/asset_handler.py
2026-06-07 11:21:40 [INFO    ] forensic.core.build_info (build_info.py:144):     0522a678a9905cbd7ffaa03955485130  server/blob_handler.py
2026-06-07 11:21:40 [INFO    ] forensic.core.build_info (build_info.py:144):     14b08d37a307281bae0c4f9d6a7dd22e  server/head_extractor.py
2026-06-07 11:21:40 [INFO    ] forensic.core.build_info (build_info.py:144):     79d80d36082a370fb466c8160333e5fe  server/http_server.py
2026-06-07 11:21:40 [INFO    ] forensic.core.build_info (build_info.py:144):     ebbf539ef5963d32ccdd499e26c2dc84  server/router.py
2026-06-07 11:21:40 [INFO    ] forensic.core.build_info (build_info.py:144):     2f11a43976926fc9df308c2604585ca3  server/shell_handler.py
2026-06-07 11:21:40 [INFO    ] forensic.core.build_info (build_info.py:139):   static/
2026-06-07 11:21:40 [INFO    ] forensic.core.build_info (build_info.py:144):     bc745390dfecf0edec56cfde0abf0be1  static/editor/bundle_manifest.json
2026-06-07 11:21:40 [INFO    ] forensic.core.build_info (build_info.py:144):     c6c5a4b4615c245c56826dad2c27f1af  static/editor/editor.bundle.js
2026-06-07 11:21:40 [INFO    ] forensic.core.build_info (build_info.py:144):     602170ae2f1d5c003e894f32217a96df  static/vendor/tabulator/tabulator.min.css
2026-06-07 11:21:40 [INFO    ] forensic.core.build_info (build_info.py:144):     0a71453fb151b4ff2392904746c8d8a2  static/vendor/tabulator/tabulator.min.js
2026-06-07 11:21:40 [INFO    ] forensic.core.build_info (build_info.py:156):   68fd568240c5ed805aaa56bf9fe4321d  build.json
2026-06-07 11:21:40 [INFO    ] forensic.core.build_info (build_info.py:159): ======================================================================
2026-06-07 11:21:40 [INFO    ] forensic.core.build_info (build_info.py:160): Prüfsummen ausgegeben: 71 Dateien
2026-06-07 11:21:40 [INFO    ] forensic.core.build_info (build_info.py:161): ======================================================================
2026-06-07 11:21:40 [DEBUG   ] forensic.forensic_api.cross_annotation_integrator (cross_annotation_integrator.py:96): CrossAnnotationIntegrator: keine ausstehenden Eintraege fuer uid=2948078
2026-06-07 11:21:40 [INFO    ] forensic.forensic_api.cross_annotation_integrator (cross_annotation_integrator.py:139): CrossAnnotationIntegrator: Hintergrundpolling gestartet (3600s Intervall)
2026-06-07 11:21:40 [INFO    ] forensic.server.http_server (http_server.py:293): ForensicHTTPServer initialisiert: http://127.0.0.2:8080 (socket-backlog=50, sse-max=20)
2026-06-07 11:21:40 [INFO    ] forensic (main.py:417): Server bereit: http://127.0.0.2:8080 | v0.6.272 Build 272 (2026-05-31)
2026-06-07 11:21:40 [INFO    ] forensic (main.py:422): Ermittlung: user_id=2948078 ('uid_2948078'), Modus='cli'
2026-06-07 11:21:40 [WARNING ] forensic (main.py:427): ⚠  --web-debug aktiv: FORENSIC_DEBUG=true wird an alle Browser-Clients gesendet. Nur für Entwicklung verwenden!
2026-06-07 11:21:40 [INFO    ] forensic (main.py:482): Watchdog gestartet (Intervall: 30s, Dump: 'logs/freeze_dump.txt')
2026-06-07 11:21:40 [INFO    ] forensic.server.http_server (http_server.py:304): Server läuft. Strg+C zum Beenden.
2026-06-07 11:21:45 [DEBUG   ] forensic.server.router (router.py:104): Router: POST /_forensic/windows (ajax=True)
2026-06-07 11:21:45 [DEBUG   ] forensic.forensic_api.windows (windows.py:287): /_forensic/windows POST: Fenster '44099e4e-7fb1-4cda-8048-090e8be06c9e' (Rolle 'report') registriert
2026-06-07 11:21:45 [DEBUG   ] forensic.server.http_server (http_server.py:115): HTTP "POST /_forensic/windows HTTP/1.1" 200 -
2026-06-07 11:21:48 [DEBUG   ] forensic.server.router (router.py:104): Router: GET /_forensic/userinfo (ajax=False)
2026-06-07 11:21:48 [DEBUG   ] forensic.server.http_server (http_server.py:115): HTTP "GET /_forensic/userinfo HTTP/1.1" 200 -
2026-06-07 11:21:48 [DEBUG   ] forensic.forensic_api.userinfo (userinfo.py:101): /_forensic/userinfo ausgeliefert: user_id=2948078
2026-06-07 11:21:48 [DEBUG   ] forensic.server.router (router.py:104): Router: POST /_forensic/windows (ajax=False)
2026-06-07 11:21:48 [DEBUG   ] forensic.server.http_server (http_server.py:115): HTTP "POST /_forensic/windows HTTP/1.1" 400 -
2026-06-07 11:21:48 [DEBUG   ] forensic.server.router (router.py:104): Router: GET /_forensic/userinfo.css (ajax=False)
2026-06-07 11:21:48 [DEBUG   ] forensic.server.router (router.py:104): Router: GET /_forensic/static/vendor/tabulator/tabulator.min.js (ajax=False)
2026-06-07 11:21:48 [DEBUG   ] forensic.server.router (router.py:104): Router: GET /_forensic/static/vendor/tabulator/tabulator.min.css (ajax=False)
2026-06-07 11:21:48 [DEBUG   ] forensic.server.router (router.py:104): Router: GET /_forensic/userinfo.js (ajax=False)
2026-06-07 11:21:48 [DEBUG   ] forensic.forensic_api.static (static.py:147): Static: '/_forensic/userinfo.css' ausgeliefert (47040 bytes)
2026-06-07 11:21:48 [DEBUG   ] forensic.server.http_server (http_server.py:115): HTTP "GET /_forensic/userinfo.css HTTP/1.1" 200 -
2026-06-07 11:21:48 [DEBUG   ] forensic.forensic_api.static (static.py:279): Vendor-Asset: 'tabulator/tabulator.min.css' ausgeliefert (28375 bytes)
2026-06-07 11:21:48 [DEBUG   ] forensic.forensic_api.static (static.py:279): Vendor-Asset: 'tabulator/tabulator.min.js' ausgeliefert (443166 bytes)
2026-06-07 11:21:48 [DEBUG   ] forensic.forensic_api.static (static.py:147): Static: '/_forensic/userinfo.js' ausgeliefert (56307 bytes)
2026-06-07 11:21:48 [DEBUG   ] forensic.server.http_server (http_server.py:115): HTTP "GET /_forensic/userinfo.js HTTP/1.1" 200 -
2026-06-07 11:21:48 [DEBUG   ] forensic.server.http_server (http_server.py:115): HTTP "GET /_forensic/static/vendor/tabulator/tabulator.min.js HTTP/1.1" 200 -
2026-06-07 11:21:48 [DEBUG   ] forensic.server.http_server (http_server.py:115): HTTP "GET /_forensic/static/vendor/tabulator/tabulator.min.css HTTP/1.1" 200 -
2026-06-07 11:21:48 [DEBUG   ] forensic.server.router (router.py:104): Router: GET /_forensic/userinfo/static (ajax=True)
2026-06-07 11:21:48 [DEBUG   ] forensic.server.http_server (http_server.py:115): HTTP "GET /_forensic/userinfo/static HTTP/1.1" 200 -
2026-06-07 11:21:48 [DEBUG   ] forensic.server.router (router.py:104): Router: GET /_forensic/userinfo/data (ajax=True)
2026-06-07 11:21:48 [DEBUG   ] forensic.server.router (router.py:104): Router: POST /_forensic/windows (ajax=True)
2026-06-07 11:21:48 [DEBUG   ] forensic.forensic_api.windows (windows.py:287): /_forensic/windows POST: Fenster '28647da4-1b6f-40de-8490-df54938e70d5' (Rolle 'userinfo') registriert
2026-06-07 11:21:48 [DEBUG   ] forensic.server.http_server (http_server.py:115): HTTP "POST /_forensic/windows HTTP/1.1" 200 -
2026-06-07 11:21:48 [DEBUG   ] forensic.server.router (router.py:104): Router: GET /_forensic/events (ajax=False)
2026-06-07 11:21:48 [DEBUG   ] forensic.forensic_api.userinfo_static (userinfo_static.py:81): /_forensic/userinfo/static: BLOB ausgeliefert (432496 Bytes, user_id=2948078).
2026-06-07 11:21:48 [DEBUG   ] forensic.forensic_api.events (events.py:289): SSE-Rolle 'userinfo' beansprucht: client_id=15833ac5-ac29-49aa-8c1f-a0b9571a92bc
2026-06-07 11:21:48 [DEBUG   ] forensic.server.http_server (http_server.py:115): HTTP "GET /_forensic/events?role=userinfo HTTP/1.1" 200 -
2026-06-07 11:21:48 [DEBUG   ] forensic.server.http_server (http_server.py:115): HTTP "GET /_forensic/userinfo/data HTTP/1.1" 200 -
2026-06-07 11:21:48 [DEBUG   ] forensic.forensic_api.userinfo_data (userinfo_data.py:99): /_forensic/userinfo/data: 77 Annotationen, unreferenziert=77
2026-06-07 11:21:48 [DEBUG   ] forensic.server.router (router.py:104): Router: GET /_forensic/events (ajax=False)
2026-06-07 11:21:48 [WARNING ] forensic.forensic_api.events (events.py:226): SSE-Duplikat abgewiesen: Rolle 'userinfo' bereits belegt durch Fenster '15833ac5-ac29-49aa-8c1f-a0b9571a92bc' — HTTP 409.
2026-06-07 11:21:48 [DEBUG   ] forensic.server.http_server (http_server.py:115): HTTP "GET /_forensic/events?role=userinfo HTTP/1.1" 409 -
2026-06-07 11:21:48 [DEBUG   ] forensic.server.router (router.py:104): Router: GET /_forensic/report (ajax=True)
2026-06-07 11:21:48 [DEBUG   ] forensic.server.http_server (http_server.py:115): HTTP "GET /_forensic/report?format=json HTTP/1.1" 200 -
2026-06-07 11:21:50 [DEBUG   ] forensic.server.router (router.py:104): Router: POST /_forensic/windows (ajax=True)
2026-06-07 11:21:50 [DEBUG   ] forensic.server.router (router.py:104): Router: POST /_forensic/windows (ajax=True)
2026-06-07 11:21:50 [DEBUG   ] forensic.server.router (router.py:104): Router: POST /_forensic/windows (ajax=True)
2026-06-07 11:21:50 [DEBUG   ] forensic.server.router (router.py:104): Router: POST /_forensic/windows (ajax=True)
2026-06-07 11:21:50 [DEBUG   ] forensic.forensic_api.windows (windows.py:287): /_forensic/windows POST: Fenster '54b291e0-d5b9-4ee9-9c22-ed7c298da892' (Rolle 'userinfo') registriert
2026-06-07 11:21:50 [DEBUG   ] forensic.forensic_api.windows (windows.py:287): /_forensic/windows POST: Fenster '6c9c384f-d503-449b-a512-06c973b9d079' (Rolle 'main') registriert
2026-06-07 11:21:50 [DEBUG   ] forensic.forensic_api.windows (windows.py:287): /_forensic/windows POST: Fenster 'b5a348af-e19a-4333-9881-9c2ccba8b299' (Rolle 'userinfo') registriert
2026-06-07 11:21:50 [DEBUG   ] forensic.forensic_api.windows (windows.py:287): /_forensic/windows POST: Fenster 'd9b13c53-24c0-4fcf-ab16-934ebfc3a992' (Rolle 'report') registriert
2026-06-07 11:21:50 [DEBUG   ] forensic.server.http_server (http_server.py:115): HTTP "POST /_forensic/windows HTTP/1.1" 200 -
2026-06-07 11:21:50 [DEBUG   ] forensic.server.http_server (http_server.py:115): HTTP "POST /_forensic/windows HTTP/1.1" 200 -
2026-06-07 11:21:50 [DEBUG   ] forensic.server.http_server (http_server.py:115): HTTP "POST /_forensic/windows HTTP/1.1" 200 -
2026-06-07 11:21:50 [DEBUG   ] forensic.server.http_server (http_server.py:115): HTTP "POST /_forensic/windows HTTP/1.1" 200 -
2026-06-07 11:21:57 [DEBUG   ] forensic.server.router (router.py:104): Router: GET /_forensic/annotations (ajax=True)
2026-06-07 11:21:57 [DEBUG   ] forensic.forensic_api.annotations (annotations.py:160): Annotationen geliefert: url='None', count=77
2026-06-07 11:21:57 [DEBUG   ] forensic.server.http_server (http_server.py:115): HTTP "GET /_forensic/annotations HTTP/1.1" 200 -
2026-06-07 11:22:00 [DEBUG   ] forensic.server.router (router.py:104): Router: POST /_forensic/windows (ajax=True)
2026-06-07 11:22:00 [DEBUG   ] forensic.forensic_api.windows (windows.py:287): /_forensic/windows POST: Fenster 'b1de0a1f-3b7c-4ce1-81c7-a2324ccd5457' (Rolle 'main') registriert
2026-06-07 11:22:00 [DEBUG   ] forensic.server.http_server (http_server.py:115): HTTP "POST /_forensic/windows HTTP/1.1" 200 -
2026-06-07 11:22:05 [DEBUG   ] forensic.server.router (router.py:104): Router: POST /_forensic/windows (ajax=True)
2026-06-07 11:22:05 [DEBUG   ] forensic.forensic_api.windows (windows.py:287): /_forensic/windows POST: Fenster '942b34a1-447a-429c-9c15-a32b1aded594' (Rolle 'userinfo') registriert
2026-06-07 11:22:05 [DEBUG   ] forensic.server.http_server (http_server.py:115): HTTP "POST /_forensic/windows HTTP/1.1" 200 -
2026-06-07 11:22:10 [DEBUG   ] forensic (main.py:467): Watchdog: Heartbeat (Dump: 'logs/freeze_dump.txt')
2026-06-07 11:22:15 [DEBUG   ] forensic.server.router (router.py:104): Router: POST /_forensic/windows (ajax=True)
2026-06-07 11:22:15 [DEBUG   ] forensic.forensic_api.windows (windows.py:287): /_forensic/windows POST: Fenster '44099e4e-7fb1-4cda-8048-090e8be06c9e' (Rolle 'report') registriert
2026-06-07 11:22:15 [DEBUG   ] forensic.server.http_server (http_server.py:115): HTTP "POST /_forensic/windows HTTP/1.1" 200 -
2026-06-07 11:22:18 [DEBUG   ] forensic.server.router (router.py:104): Router: POST /_forensic/windows (ajax=True)
2026-06-07 11:22:18 [DEBUG   ] forensic.forensic_api.windows (windows.py:287): /_forensic/windows POST: Fenster '28647da4-1b6f-40de-8490-df54938e70d5' (Rolle 'userinfo') registriert
2026-06-07 11:22:18 [DEBUG   ] forensic.server.http_server (http_server.py:115): HTTP "POST /_forensic/windows HTTP/1.1" 200 -
2026-06-07 11:22:30 [DEBUG   ] forensic.server.router (router.py:104): Router: POST /_forensic/windows (ajax=True)
2026-06-07 11:22:30 [DEBUG   ] forensic.forensic_api.windows (windows.py:287): /_forensic/windows POST: Fenster 'b1de0a1f-3b7c-4ce1-81c7-a2324ccd5457' (Rolle 'main') registriert
2026-06-07 11:22:30 [DEBUG   ] forensic.server.http_server (http_server.py:115): HTTP "POST /_forensic/windows HTTP/1.1" 200 -
2026-06-07 11:22:35 [DEBUG   ] forensic.server.router (router.py:104): Router: POST /_forensic/windows (ajax=True)
2026-06-07 11:22:35 [DEBUG   ] forensic.forensic_api.windows (windows.py:287): /_forensic/windows POST: Fenster '942b34a1-447a-429c-9c15-a32b1aded594' (Rolle 'userinfo') registriert
2026-06-07 11:22:35 [DEBUG   ] forensic.server.http_server (http_server.py:115): HTTP "POST /_forensic/windows HTTP/1.1" 200 -
2026-06-07 11:22:35 [DEBUG   ] forensic.server.router (router.py:104): Router: GET /_forensic/annotations (ajax=True)
2026-06-07 11:22:35 [DEBUG   ] forensic.server.router (router.py:104): Router: POST /_forensic/report (ajax=False)
2026-06-07 11:22:35 [DEBUG   ] forensic.server.http_server (http_server.py:115): HTTP "POST /_forensic/report HTTP/1.1" 423 -
2026-06-07 11:22:35 [DEBUG   ] forensic.forensic_api.annotations (annotations.py:160): Annotationen geliefert: url='None', count=77
2026-06-07 11:22:35 [DEBUG   ] forensic.server.http_server (http_server.py:115): HTTP "GET /_forensic/annotations HTTP/1.1" 200 -
2026-06-07 11:22:36 [DEBUG   ] forensic.server.router (router.py:104): Router: GET /_forensic/placeholders/values (ajax=True)
2026-06-07 11:22:36 [DEBUG   ] forensic.server.http_server (http_server.py:115): HTTP "GET /_forensic/placeholders/values?report_id=1 HTTP/1.1" 200 -
2026-06-07 11:22:37 [DEBUG   ] forensic.server.router (router.py:104): Router: POST /_forensic/report (ajax=False)
2026-06-07 11:22:37 [DEBUG   ] forensic.server.http_server (http_server.py:115): HTTP "POST /_forensic/report HTTP/1.1" 423 -
2026-06-07 11:22:38 [DEBUG   ] forensic.server.router (router.py:104): Router: GET /_forensic/placeholders/values (ajax=True)
2026-06-07 11:22:38 [DEBUG   ] forensic.server.http_server (http_server.py:115): HTTP "GET /_forensic/placeholders/values?report_id=1 HTTP/1.1" 200 -
2026-06-07 11:22:40 [DEBUG   ] forensic (main.py:467): Watchdog: Heartbeat (Dump: 'logs/freeze_dump.txt')
2026-06-07 11:22:42 [DEBUG   ] forensic.server.router (router.py:104): Router: POST /_forensic/report (ajax=False)
2026-06-07 11:22:42 [DEBUG   ] forensic.server.http_server (http_server.py:115): HTTP "POST /_forensic/report HTTP/1.1" 423 -
2026-06-07 11:22:42 [DEBUG   ] forensic.server.router (router.py:104): Router: GET /_forensic/placeholders/values (ajax=True)
2026-06-07 11:22:42 [DEBUG   ] forensic.server.http_server (http_server.py:115): HTTP "GET /_forensic/placeholders/values?report_id=1 HTTP/1.1" 200 -
2026-06-07 11:22:45 [DEBUG   ] forensic.server.router (router.py:104): Router: POST /_forensic/windows (ajax=True)
2026-06-07 11:22:45 [DEBUG   ] forensic.forensic_api.windows (windows.py:287): /_forensic/windows POST: Fenster '44099e4e-7fb1-4cda-8048-090e8be06c9e' (Rolle 'report') registriert
2026-06-07 11:22:45 [DEBUG   ] forensic.server.http_server (http_server.py:115): HTTP "POST /_forensic/windows HTTP/1.1" 200 -
2026-06-07 11:22:45 [DEBUG   ] forensic.server.router (router.py:104): Router: POST /_forensic/report (ajax=False)
2026-06-07 11:22:45 [DEBUG   ] forensic.server.http_server (http_server.py:115): HTTP "POST /_forensic/report HTTP/1.1" 423 -
2026-06-07 11:22:45 [DEBUG   ] forensic.server.router (router.py:104): Router: GET /_forensic/placeholders/values (ajax=True)
2026-06-07 11:22:45 [DEBUG   ] forensic.server.http_server (http_server.py:115): HTTP "GET /_forensic/placeholders/values?report_id=1 HTTP/1.1" 200 -
2026-06-07 11:22:48 [DEBUG   ] forensic.server.router (router.py:104): Router: POST /_forensic/windows (ajax=True)
2026-06-07 11:22:48 [DEBUG   ] forensic.forensic_api.windows (windows.py:287): /_forensic/windows POST: Fenster '28647da4-1b6f-40de-8490-df54938e70d5' (Rolle 'userinfo') registriert
2026-06-07 11:22:48 [DEBUG   ] forensic.server.http_server (http_server.py:115): HTTP "POST /_forensic/windows HTTP/1.1" 200 -
2026-06-07 11:22:49 [DEBUG   ] forensic.server.router (router.py:104): Router: POST /_forensic/report (ajax=False)
2026-06-07 11:22:49 [DEBUG   ] forensic.server.http_server (http_server.py:115): HTTP "POST /_forensic/report HTTP/1.1" 423 -
2026-06-07 11:22:49 [DEBUG   ] forensic.server.router (router.py:104): Router: GET /_forensic/placeholders/values (ajax=True)
2026-06-07 11:22:49 [DEBUG   ] forensic.server.http_server (http_server.py:115): HTTP "GET /_forensic/placeholders/values?report_id=1 HTTP/1.1" 200 -
2026-06-07 11:22:50 [DEBUG   ] forensic.server.router (router.py:104): Router: POST /_forensic/windows (ajax=True)
2026-06-07 11:22:50 [DEBUG   ] forensic.forensic_api.windows (windows.py:287): /_forensic/windows POST: Fenster '54b291e0-d5b9-4ee9-9c22-ed7c298da892' (Rolle 'userinfo') registriert
2026-06-07 11:22:50 [DEBUG   ] forensic.server.http_server (http_server.py:115): HTTP "POST /_forensic/windows HTTP/1.1" 200 -
2026-06-07 11:22:50 [DEBUG   ] forensic.server.router (router.py:104): Router: POST /_forensic/windows (ajax=True)
2026-06-07 11:22:50 [DEBUG   ] forensic.forensic_api.windows (windows.py:287): /_forensic/windows POST: Fenster 'b5a348af-e19a-4333-9881-9c2ccba8b299' (Rolle 'userinfo') registriert
2026-06-07 11:22:50 [DEBUG   ] forensic.server.router (router.py:104): Router: POST /_forensic/windows (ajax=True)
2026-06-07 11:22:50 [DEBUG   ] forensic.server.router (router.py:104): Router: POST /_forensic/windows (ajax=True)
2026-06-07 11:22:50 [DEBUG   ] forensic.server.http_server (http_server.py:115): HTTP "POST /_forensic/windows HTTP/1.1" 200 -
2026-06-07 11:22:50 [DEBUG   ] forensic.forensic_api.windows (windows.py:287): /_forensic/windows POST: Fenster '6c9c384f-d503-449b-a512-06c973b9d079' (Rolle 'main') registriert
2026-06-07 11:22:50 [DEBUG   ] forensic.server.http_server (http_server.py:115): HTTP "POST /_forensic/windows HTTP/1.1" 200 -
2026-06-07 11:22:50 [DEBUG   ] forensic.forensic_api.windows (windows.py:287): /_forensic/windows POST: Fenster 'd9b13c53-24c0-4fcf-ab16-934ebfc3a992' (Rolle 'report') registriert
2026-06-07 11:22:50 [DEBUG   ] forensic.server.http_server (http_server.py:115): HTTP "POST /_forensic/windows HTTP/1.1" 200 -
2026-06-07 11:22:54 [DEBUG   ] forensic.server.router (router.py:104): Router: POST /_forensic/report (ajax=False)
2026-06-07 11:22:54 [DEBUG   ] forensic.server.http_server (http_server.py:115): HTTP "POST /_forensic/report HTTP/1.1" 423 -
2026-06-07 11:22:55 [DEBUG   ] forensic.server.router (router.py:104): Router: GET /_forensic/placeholders/values (ajax=True)
2026-06-07 11:22:55 [DEBUG   ] forensic.server.http_server (http_server.py:115): HTTP "GET /_forensic/placeholders/values?report_id=1 HTTP/1.1" 200 -
2026-06-07 11:22:57 [DEBUG   ] forensic.server.router (router.py:104): Router: POST /_forensic/report (ajax=False)
2026-06-07 11:22:57 [DEBUG   ] forensic.server.http_server (http_server.py:115): HTTP "POST /_forensic/report HTTP/1.1" 423 -
2026-06-07 11:22:57 [DEBUG   ] forensic.server.router (router.py:104): Router: GET /_forensic/placeholders/values (ajax=True)
2026-06-07 11:22:57 [DEBUG   ] forensic.server.http_server (http_server.py:115): HTTP "GET /_forensic/placeholders/values?report_id=1 HTTP/1.1" 200 -
2026-06-07 11:23:00 [DEBUG   ] forensic.server.router (router.py:104): Router: POST /_forensic/windows (ajax=True)
2026-06-07 11:23:00 [DEBUG   ] forensic.forensic_api.windows (windows.py:287): /_forensic/windows POST: Fenster 'b1de0a1f-3b7c-4ce1-81c7-a2324ccd5457' (Rolle 'main') registriert
2026-06-07 11:23:00 [DEBUG   ] forensic.server.http_server (http_server.py:115): HTTP "POST /_forensic/windows HTTP/1.1" 200 -
2026-06-07 11:23:02 [DEBUG   ] forensic.server.router (router.py:104): Router: GET /_forensic/placeholders/values (ajax=True)
2026-06-07 11:23:02 [DEBUG   ] forensic.server.http_server (http_server.py:115): HTTP "GET /_forensic/placeholders/values?report_id=1 HTTP/1.1" 200 -
2026-06-07 11:23:05 [DEBUG   ] forensic.server.router (router.py:104): Router: POST /_forensic/windows (ajax=True)
2026-06-07 11:23:05 [DEBUG   ] forensic.forensic_api.windows (windows.py:287): /_forensic/windows POST: Fenster '942b34a1-447a-429c-9c15-a32b1aded594' (Rolle 'userinfo') registriert
2026-06-07 11:23:05 [DEBUG   ] forensic.server.http_server (http_server.py:115): HTTP "POST /_forensic/windows HTTP/1.1" 200 -
2026-06-07 11:23:08 [DEBUG   ] forensic.server.router (router.py:104): Router: POST /_forensic/report (ajax=False)
2026-06-07 11:23:08 [DEBUG   ] forensic.server.http_server (http_server.py:115): HTTP "POST /_forensic/report HTTP/1.1" 423 -
2026-06-07 11:23:08 [DEBUG   ] forensic.server.router (router.py:104): Router: GET /_forensic/placeholders/values (ajax=True)
2026-06-07 11:23:08 [DEBUG   ] forensic.server.http_server (http_server.py:115): HTTP "GET /_forensic/placeholders/values?report_id=1 HTTP/1.1" 200 -
2026-06-07 11:23:10 [DEBUG   ] forensic (main.py:467): Watchdog: Heartbeat (Dump: 'logs/freeze_dump.txt')
2026-06-07 11:23:11 [DEBUG   ] forensic.server.router (router.py:104): Router: POST /_forensic/report (ajax=False)
2026-06-07 11:23:11 [DEBUG   ] forensic.server.http_server (http_server.py:115): HTTP "POST /_forensic/report HTTP/1.1" 423 -
2026-06-07 11:23:11 [DEBUG   ] forensic.server.router (router.py:104): Router: GET /_forensic/placeholders/values (ajax=True)
2026-06-07 11:23:11 [DEBUG   ] forensic.server.http_server (http_server.py:115): HTTP "GET /_forensic/placeholders/values?report_id=1 HTTP/1.1" 200 -
2026-06-07 11:23:13 [DEBUG   ] forensic.server.router (router.py:104): Router: POST /_forensic/report (ajax=False)
2026-06-07 11:23:13 [DEBUG   ] forensic.server.http_server (http_server.py:115): HTTP "POST /_forensic/report HTTP/1.1" 423 -
2026-06-07 11:23:13 [DEBUG   ] forensic.server.router (router.py:104): Router: GET /_forensic/placeholders/values (ajax=True)
2026-06-07 11:23:13 [DEBUG   ] forensic.server.http_server (http_server.py:115): HTTP "GET /_forensic/placeholders/values?report_id=1 HTTP/1.1" 200 -
2026-06-07 11:23:15 [DEBUG   ] forensic.server.router (router.py:104): Router: POST /_forensic/windows (ajax=True)
2026-06-07 11:23:15 [DEBUG   ] forensic.forensic_api.windows (windows.py:287): /_forensic/windows POST: Fenster '44099e4e-7fb1-4cda-8048-090e8be06c9e' (Rolle 'report') registriert
2026-06-07 11:23:15 [DEBUG   ] forensic.server.http_server (http_server.py:115): HTTP "POST /_forensic/windows HTTP/1.1" 200 -
2026-06-07 11:23:16 [DEBUG   ] forensic.server.router (router.py:104): Router: POST /_forensic/report (ajax=False)
2026-06-07 11:23:16 [DEBUG   ] forensic.server.http_server (http_server.py:115): HTTP "POST /_forensic/report HTTP/1.1" 423 -
2026-06-07 11:23:17 [DEBUG   ] forensic.server.router (router.py:104): Router: GET /_forensic/placeholders/values (ajax=True)
2026-06-07 11:23:17 [DEBUG   ] forensic.server.http_server (http_server.py:115): HTTP "GET /_forensic/placeholders/values?report_id=1 HTTP/1.1" 200 -
2026-06-07 11:23:18 [DEBUG   ] forensic.server.router (router.py:104): Router: POST /_forensic/windows (ajax=True)
2026-06-07 11:23:18 [DEBUG   ] forensic.forensic_api.windows (windows.py:287): /_forensic/windows POST: Fenster '28647da4-1b6f-40de-8490-df54938e70d5' (Rolle 'userinfo') registriert
2026-06-07 11:23:18 [DEBUG   ] forensic.server.http_server (http_server.py:115): HTTP "POST /_forensic/windows HTTP/1.1" 200 -
2026-06-07 11:23:22 [DEBUG   ] forensic.server.router (router.py:104): Router: GET /_forensic/page (ajax=True)
2026-06-07 11:23:22 [DEBUG   ] forensic.server.router (router.py:104): Router: GET /_forensic/page (ajax=True)
2026-06-07 11:23:22 [DEBUG   ] forensic.forensic_api.page (page.py:120): /_forensic/page: url='http://127.0.0.2:8080/forum/pmsnew.php?mdl=topic&tid=64200' fragment=None original_method=GET
2026-06-07 11:23:22 [DEBUG   ] forensic.forensic_api.page (page.py:120): /_forensic/page: url='http://127.0.0.2:8080/forum/pmsnew.php?mdl=topic&tid=64200' fragment=None original_method=GET
2026-06-07 11:23:22 [DEBUG   ] forensic.db.forensic_db (forensic_db.py:264): Seite nicht im Scope: 'http://127.0.0.2:8080/forum/pmsnew.php?mdl=topic&tid=64200' (method=GET)
2026-06-07 11:23:22 [DEBUG   ] forensic.server.blob_handler (blob_handler.py:217): BlobHandler: NOT_IN_SCOPE für 'http://127.0.0.2:8080/forum/pmsnew.php?mdl=topic&tid=64200'
2026-06-07 11:23:22 [DEBUG   ] forensic.server.http_server (http_server.py:115): HTTP "GET /_forensic/page?url=http%3A%2F%2F127.0.0.2%3A8080%2Fforum%2Fpmsnew.php%3Fmdl%3Dtopic%26tid%3D64200 HTTP/1.1" 200 -
2026-06-07 11:23:22 [DEBUG   ] forensic.db.forensic_db (forensic_db.py:264): Seite nicht im Scope: 'http://127.0.0.2:8080/forum/pmsnew.php?mdl=topic&tid=64200' (method=GET)
2026-06-07 11:23:22 [DEBUG   ] forensic.server.blob_handler (blob_handler.py:217): BlobHandler: NOT_IN_SCOPE für 'http://127.0.0.2:8080/forum/pmsnew.php?mdl=topic&tid=64200'
2026-06-07 11:23:22 [DEBUG   ] forensic.server.http_server (http_server.py:115): HTTP "GET /_forensic/page?url=http%3A%2F%2F127.0.0.2%3A8080%2Fforum%2Fpmsnew.php%3Fmdl%3Dtopic%26tid%3D64200 HTTP/1.1" 200 -
2026-06-07 11:23:30 [DEBUG   ] forensic.server.router (router.py:104): Router: POST /_forensic/windows (ajax=True)
2026-06-07 11:23:30 [DEBUG   ] forensic.forensic_api.windows (windows.py:287): /_forensic/windows POST: Fenster 'b1de0a1f-3b7c-4ce1-81c7-a2324ccd5457' (Rolle 'main') registriert
2026-06-07 11:23:30 [DEBUG   ] forensic.server.http_server (http_server.py:115): HTTP "POST /_forensic/windows HTTP/1.1" 200 -
2026-06-07 11:23:31 [DEBUG   ] forensic.server.router (router.py:104): Router: GET /_forensic/placeholders/values (ajax=True)
2026-06-07 11:23:31 [DEBUG   ] forensic.server.http_server (http_server.py:115): HTTP "GET /_forensic/placeholders/values?report_id=1 HTTP/1.1" 200 -
2026-06-07 11:23:34 [DEBUG   ] forensic.server.router (router.py:104): Router: POST /_forensic/report (ajax=False)
2026-06-07 11:23:34 [DEBUG   ] forensic.server.http_server (http_server.py:115): HTTP "POST /_forensic/report HTTP/1.1" 423 -
2026-06-07 11:23:34 [DEBUG   ] forensic.server.router (router.py:104): Router: GET /_forensic/placeholders/values (ajax=True)
2026-06-07 11:23:34 [DEBUG   ] forensic.server.http_server (http_server.py:115): HTTP "GET /_forensic/placeholders/values?report_id=1 HTTP/1.1" 200 -
2026-06-07 11:23:35 [DEBUG   ] forensic.server.router (router.py:104): Router: POST /_forensic/windows (ajax=True)
2026-06-07 11:23:35 [DEBUG   ] forensic.forensic_api.windows (windows.py:287): /_forensic/windows POST: Fenster '942b34a1-447a-429c-9c15-a32b1aded594' (Rolle 'userinfo') registriert
2026-06-07 11:23:35 [DEBUG   ] forensic.server.http_server (http_server.py:115): HTTP "POST /_forensic/windows HTTP/1.1" 200 -
2026-06-07 11:23:40 [DEBUG   ] forensic (main.py:467): Watchdog: Heartbeat (Dump: 'logs/freeze_dump.txt')
2026-06-07 11:23:45 [DEBUG   ] forensic.server.router (router.py:104): Router: POST /_forensic/windows (ajax=True)
2026-06-07 11:23:45 [DEBUG   ] forensic.forensic_api.windows (windows.py:287): /_forensic/windows POST: Fenster '44099e4e-7fb1-4cda-8048-090e8be06c9e' (Rolle 'report') registriert
2026-06-07 11:23:45 [DEBUG   ] forensic.server.http_server (http_server.py:115): HTTP "POST /_forensic/windows HTTP/1.1" 200 -
2026-06-07 11:23:48 [DEBUG   ] forensic.server.router (router.py:104): Router: POST /_forensic/windows (ajax=True)
2026-06-07 11:23:48 [DEBUG   ] forensic.forensic_api.windows (windows.py:287): /_forensic/windows POST: Fenster '28647da4-1b6f-40de-8490-df54938e70d5' (Rolle 'userinfo') registriert
2026-06-07 11:23:48 [DEBUG   ] forensic.server.http_server (http_server.py:115): HTTP "POST /_forensic/windows HTTP/1.1" 200 -
2026-06-07 11:23:50 [DEBUG   ] forensic.server.router (router.py:104): Router: POST /_forensic/windows (ajax=True)
2026-06-07 11:23:50 [DEBUG   ] forensic.forensic_api.windows (windows.py:287): /_forensic/windows POST: Fenster '54b291e0-d5b9-4ee9-9c22-ed7c298da892' (Rolle 'userinfo') registriert
2026-06-07 11:23:50 [DEBUG   ] forensic.server.http_server (http_server.py:115): HTTP "POST /_forensic/windows HTTP/1.1" 200 -
2026-06-07 11:23:50 [DEBUG   ] forensic.server.router (router.py:104): Router: POST /_forensic/windows (ajax=True)
2026-06-07 11:23:50 [DEBUG   ] forensic.forensic_api.windows (windows.py:287): /_forensic/windows POST: Fenster 'b5a348af-e19a-4333-9881-9c2ccba8b299' (Rolle 'userinfo') registriert
2026-06-07 11:23:50 [DEBUG   ] forensic.server.http_server (http_server.py:115): HTTP "POST /_forensic/windows HTTP/1.1" 200 -
2026-06-07 11:23:50 [DEBUG   ] forensic.server.router (router.py:104): Router: POST /_forensic/windows (ajax=True)
2026-06-07 11:23:50 [DEBUG   ] forensic.server.router (router.py:104): Router: POST /_forensic/windows (ajax=True)
2026-06-07 11:23:50 [DEBUG   ] forensic.forensic_api.windows (windows.py:287): /_forensic/windows POST: Fenster '6c9c384f-d503-449b-a512-06c973b9d079' (Rolle 'main') registriert
2026-06-07 11:23:50 [DEBUG   ] forensic.server.http_server (http_server.py:115): HTTP "POST /_forensic/windows HTTP/1.1" 200 -
2026-06-07 11:23:50 [DEBUG   ] forensic.forensic_api.windows (windows.py:287): /_forensic/windows POST: Fenster 'd9b13c53-24c0-4fcf-ab16-934ebfc3a992' (Rolle 'report') registriert
2026-06-07 11:23:50 [DEBUG   ] forensic.server.http_server (http_server.py:115): HTTP "POST /_forensic/windows HTTP/1.1" 200 -
2026-06-07 11:24:00 [DEBUG   ] forensic.server.router (router.py:104): Router: POST /_forensic/windows (ajax=True)
2026-06-07 11:24:00 [DEBUG   ] forensic.forensic_api.windows (windows.py:287): /_forensic/windows POST: Fenster 'b1de0a1f-3b7c-4ce1-81c7-a2324ccd5457' (Rolle 'main') registriert
2026-06-07 11:24:00 [DEBUG   ] forensic.server.http_server (http_server.py:115): HTTP "POST /_forensic/windows HTTP/1.1" 200 -
2026-06-07 11:24:04 [DEBUG   ] forensic.server.router (router.py:104): Router: POST /_forensic/report (ajax=False)
2026-06-07 11:24:04 [DEBUG   ] forensic.server.http_server (http_server.py:115): HTTP "POST /_forensic/report HTTP/1.1" 423 -
2026-06-07 11:24:04 [DEBUG   ] forensic.server.router (router.py:104): Router: POST /_forensic/report (ajax=False)
2026-06-07 11:24:04 [DEBUG   ] forensic.server.http_server (http_server.py:115): HTTP "POST /_forensic/report HTTP/1.1" 423 -
2026-06-07 11:24:04 [DEBUG   ] forensic.server.router (router.py:104): Router: GET /_forensic/report (ajax=True)
2026-06-07 11:24:04 [DEBUG   ] forensic.server.http_server (http_server.py:115): HTTP "GET /_forensic/report?format=json&report_id=1 HTTP/1.1" 200 -
2026-06-07 11:24:05 [DEBUG   ] forensic.server.router (router.py:104): Router: POST /_forensic/windows (ajax=True)
2026-06-07 11:24:05 [DEBUG   ] forensic.forensic_api.windows (windows.py:287): /_forensic/windows POST: Fenster '942b34a1-447a-429c-9c15-a32b1aded594' (Rolle 'userinfo') registriert
2026-06-07 11:24:05 [DEBUG   ] forensic.server.http_server (http_server.py:115): HTTP "POST /_forensic/windows HTTP/1.1" 200 -
2026-06-07 11:24:10 [DEBUG   ] forensic (main.py:467): Watchdog: Heartbeat (Dump: 'logs/freeze_dump.txt')
2026-06-07 11:24:15 [DEBUG   ] forensic.server.router (router.py:104): Router: POST /_forensic/windows (ajax=True)
2026-06-07 11:24:15 [DEBUG   ] forensic.forensic_api.windows (windows.py:287): /_forensic/windows POST: Fenster '44099e4e-7fb1-4cda-8048-090e8be06c9e' (Rolle 'report') registriert
2026-06-07 11:24:15 [DEBUG   ] forensic.server.http_server (http_server.py:115): HTTP "POST /_forensic/windows HTTP/1.1" 200 -
2026-06-07 11:24:18 [DEBUG   ] forensic.server.router (router.py:104): Router: POST /_forensic/windows (ajax=True)
2026-06-07 11:24:18 [DEBUG   ] forensic.forensic_api.windows (windows.py:287): /_forensic/windows POST: Fenster '28647da4-1b6f-40de-8490-df54938e70d5' (Rolle 'userinfo') registriert
2026-06-07 11:24:18 [DEBUG   ] forensic.server.http_server (http_server.py:115): HTTP "POST /_forensic/windows HTTP/1.1" 200 -
2026-06-07 11:24:30 [DEBUG   ] forensic.server.router (router.py:104): Router: POST /_forensic/windows (ajax=True)
2026-06-07 11:24:30 [DEBUG   ] forensic.forensic_api.windows (windows.py:287): /_forensic/windows POST: Fenster 'b1de0a1f-3b7c-4ce1-81c7-a2324ccd5457' (Rolle 'main') registriert
2026-06-07 11:24:30 [DEBUG   ] forensic.server.http_server (http_server.py:115): HTTP "POST /_forensic/windows HTTP/1.1" 200 -
2026-06-07 11:24:30 [DEBUG   ] forensic.server.router (router.py:104): Router: GET /_forensic/placeholders/values (ajax=True)
2026-06-07 11:24:30 [DEBUG   ] forensic.server.http_server (http_server.py:115): HTTP "GET /_forensic/placeholders/values?report_id=1 HTTP/1.1" 200 -
2026-06-07 11:24:35 [DEBUG   ] forensic.server.router (router.py:104): Router: POST /_forensic/windows (ajax=True)
2026-06-07 11:24:35 [DEBUG   ] forensic.forensic_api.windows (windows.py:287): /_forensic/windows POST: Fenster '942b34a1-447a-429c-9c15-a32b1aded594' (Rolle 'userinfo') registriert
2026-06-07 11:24:35 [DEBUG   ] forensic.server.http_server (http_server.py:115): HTTP "POST /_forensic/windows HTTP/1.1" 200 -
2026-06-07 11:24:40 [DEBUG   ] forensic (main.py:467): Watchdog: Heartbeat (Dump: 'logs/freeze_dump.txt')
2026-06-07 11:24:40 [DEBUG   ] forensic.server.router (router.py:104): Router: POST /_forensic/report (ajax=False)
2026-06-07 11:24:40 [DEBUG   ] forensic.server.http_server (http_server.py:115): HTTP "POST /_forensic/report HTTP/1.1" 423 -
2026-06-07 11:24:40 [DEBUG   ] forensic.server.router (router.py:104): Router: GET /_forensic/placeholders/values (ajax=True)
2026-06-07 11:24:40 [DEBUG   ] forensic.server.http_server (http_server.py:115): HTTP "GET /_forensic/placeholders/values?report_id=1 HTTP/1.1" 200 -
2026-06-07 11:24:45 [DEBUG   ] forensic.server.router (router.py:104): Router: POST /_forensic/windows (ajax=True)
2026-06-07 11:24:45 [DEBUG   ] forensic.forensic_api.windows (windows.py:287): /_forensic/windows POST: Fenster '44099e4e-7fb1-4cda-8048-090e8be06c9e' (Rolle 'report') registriert
2026-06-07 11:24:45 [DEBUG   ] forensic.server.http_server (http_server.py:115): HTTP "POST /_forensic/windows HTTP/1.1" 200 -
2026-06-07 11:24:48 [DEBUG   ] forensic.server.router (router.py:104): Router: POST /_forensic/windows (ajax=True)
2026-06-07 11:24:48 [DEBUG   ] forensic.forensic_api.windows (windows.py:287): /_forensic/windows POST: Fenster '28647da4-1b6f-40de-8490-df54938e70d5' (Rolle 'userinfo') registriert
2026-06-07 11:24:48 [DEBUG   ] forensic.server.http_server (http_server.py:115): HTTP "POST /_forensic/windows HTTP/1.1" 200 -
2026-06-07 11:24:50 [DEBUG   ] forensic.server.router (router.py:104): Router: POST /_forensic/windows (ajax=True)
2026-06-07 11:24:50 [DEBUG   ] forensic.forensic_api.windows (windows.py:287): /_forensic/windows POST: Fenster '54b291e0-d5b9-4ee9-9c22-ed7c298da892' (Rolle 'userinfo') registriert
2026-06-07 11:24:50 [DEBUG   ] forensic.server.http_server (http_server.py:115): HTTP "POST /_forensic/windows HTTP/1.1" 200 -
2026-06-07 11:24:50 [DEBUG   ] forensic.server.router (router.py:104): Router: POST /_forensic/windows (ajax=True)
2026-06-07 11:24:50 [DEBUG   ] forensic.forensic_api.windows (windows.py:287): /_forensic/windows POST: Fenster 'b5a348af-e19a-4333-9881-9c2ccba8b299' (Rolle 'userinfo') registriert
2026-06-07 11:24:50 [DEBUG   ] forensic.server.http_server (http_server.py:115): HTTP "POST /_forensic/windows HTTP/1.1" 200 -
2026-06-07 11:24:50 [DEBUG   ] forensic.server.router (router.py:104): Router: POST /_forensic/windows (ajax=True)
2026-06-07 11:24:50 [DEBUG   ] forensic.server.router (router.py:104): Router: POST /_forensic/windows (ajax=True)
2026-06-07 11:24:50 [DEBUG   ] forensic.forensic_api.windows (windows.py:287): /_forensic/windows POST: Fenster '6c9c384f-d503-449b-a512-06c973b9d079' (Rolle 'main') registriert
2026-06-07 11:24:50 [DEBUG   ] forensic.server.http_server (http_server.py:115): HTTP "POST /_forensic/windows HTTP/1.1" 200 -
2026-06-07 11:24:50 [DEBUG   ] forensic.forensic_api.windows (windows.py:287): /_forensic/windows POST: Fenster 'd9b13c53-24c0-4fcf-ab16-934ebfc3a992' (Rolle 'report') registriert
2026-06-07 11:24:50 [DEBUG   ] forensic.server.http_server (http_server.py:115): HTTP "POST /_forensic/windows HTTP/1.1" 200 -
2026-06-07 11:24:58 [DEBUG   ] forensic.server.router (router.py:104): Router: POST /_forensic/report (ajax=False)
2026-06-07 11:24:58 [DEBUG   ] forensic.server.http_server (http_server.py:115): HTTP "POST /_forensic/report HTTP/1.1" 423 -
2026-06-07 11:24:58 [DEBUG   ] forensic.server.router (router.py:104): Router: GET /_forensic/report (ajax=True)
2026-06-07 11:24:58 [DEBUG   ] forensic.server.http_server (http_server.py:115): HTTP "GET /_forensic/report?format=json HTTP/1.1" 200 -
2026-06-07 11:24:58 [DEBUG   ] forensic.server.router (router.py:104): Router: GET /_forensic/placeholders/values (ajax=True)
2026-06-07 11:24:58 [DEBUG   ] forensic.server.http_server (http_server.py:115): HTTP "GET /_forensic/placeholders/values?report_id=1 HTTP/1.1" 200 -
2026-06-07 11:25:00 [DEBUG   ] forensic.server.router (router.py:104): Router: POST /_forensic/windows (ajax=True)
2026-06-07 11:25:00 [DEBUG   ] forensic.forensic_api.windows (windows.py:287): /_forensic/windows POST: Fenster 'b1de0a1f-3b7c-4ce1-81c7-a2324ccd5457' (Rolle 'main') registriert
2026-06-07 11:25:00 [DEBUG   ] forensic.server.http_server (http_server.py:115): HTTP "POST /_forensic/windows HTTP/1.1" 200 -
2026-06-07 11:25:04 [DEBUG   ] forensic.server.router (router.py:104): Router: POST /_forensic/report (ajax=False)
2026-06-07 11:25:04 [DEBUG   ] forensic.server.http_server (http_server.py:115): HTTP "POST /_forensic/report HTTP/1.1" 423 -
2026-06-07 11:25:05 [DEBUG   ] forensic.server.router (router.py:104): Router: POST /_forensic/windows (ajax=True)
2026-06-07 11:25:05 [DEBUG   ] forensic.forensic_api.windows (windows.py:287): /_forensic/windows POST: Fenster '942b34a1-447a-429c-9c15-a32b1aded594' (Rolle 'userinfo') registriert
2026-06-07 11:25:05 [DEBUG   ] forensic.server.http_server (http_server.py:115): HTTP "POST /_forensic/windows HTTP/1.1" 200 -
2026-06-07 11:25:10 [DEBUG   ] forensic (main.py:467): Watchdog: Heartbeat (Dump: 'logs/freeze_dump.txt')
2026-06-07 11:25:15 [DEBUG   ] forensic.server.router (router.py:104): Router: POST /_forensic/windows (ajax=True)
2026-06-07 11:25:15 [DEBUG   ] forensic.forensic_api.windows (windows.py:287): /_forensic/windows POST: Fenster '44099e4e-7fb1-4cda-8048-090e8be06c9e' (Rolle 'report') registriert
2026-06-07 11:25:15 [DEBUG   ] forensic.server.http_server (http_server.py:115): HTTP "POST /_forensic/windows HTTP/1.1" 200 -
2026-06-07 11:25:18 [DEBUG   ] forensic.server.router (router.py:104): Router: POST /_forensic/windows (ajax=True)
2026-06-07 11:25:18 [DEBUG   ] forensic.forensic_api.windows (windows.py:287): /_forensic/windows POST: Fenster '28647da4-1b6f-40de-8490-df54938e70d5' (Rolle 'userinfo') registriert
2026-06-07 11:25:18 [DEBUG   ] forensic.server.http_server (http_server.py:115): HTTP "POST /_forensic/windows HTTP/1.1" 200 -
2026-06-07 11:25:28 [DEBUG   ] forensic.server.router (router.py:104): Router: POST /_forensic/report (ajax=False)
2026-06-07 11:25:28 [DEBUG   ] forensic.server.http_server (http_server.py:115): HTTP "POST /_forensic/report HTTP/1.1" 423 -
2026-06-07 11:25:28 [DEBUG   ] forensic.server.router (router.py:104): Router: POST /_forensic/report (ajax=False)
2026-06-07 11:25:28 [DEBUG   ] forensic.server.http_server (http_server.py:115): HTTP "POST /_forensic/report HTTP/1.1" 423 -
2026-06-07 11:25:28 [DEBUG   ] forensic.server.router (router.py:104): Router: POST /_forensic/report (ajax=False)
2026-06-07 11:25:28 [DEBUG   ] forensic.server.http_server (http_server.py:115): HTTP "POST /_forensic/report HTTP/1.1" 423 -
2026-06-07 11:25:28 [DEBUG   ] forensic.server.router (router.py:104): Router: GET /_forensic/report (ajax=True)
2026-06-07 11:25:28 [DEBUG   ] forensic.server.http_server (http_server.py:115): HTTP "GET /_forensic/report?format=json&report_id=1 HTTP/1.1" 200 -
2026-06-07 11:25:30 [DEBUG   ] forensic.server.router (router.py:104): Router: POST /_forensic/windows (ajax=True)
2026-06-07 11:25:30 [DEBUG   ] forensic.forensic_api.windows (windows.py:287): /_forensic/windows POST: Fenster 'b1de0a1f-3b7c-4ce1-81c7-a2324ccd5457' (Rolle 'main') registriert
2026-06-07 11:25:30 [DEBUG   ] forensic.server.http_server (http_server.py:115): HTTP "POST /_forensic/windows HTTP/1.1" 200 -
2026-06-07 11:25:35 [DEBUG   ] forensic.server.router (router.py:104): Router: POST /_forensic/windows (ajax=True)
2026-06-07 11:25:35 [DEBUG   ] forensic.forensic_api.windows (windows.py:287): /_forensic/windows POST: Fenster '942b34a1-447a-429c-9c15-a32b1aded594' (Rolle 'userinfo') registriert
2026-06-07 11:25:35 [DEBUG   ] forensic.server.http_server (http_server.py:115): HTTP "POST /_forensic/windows HTTP/1.1" 200 -
2026-06-07 11:25:40 [DEBUG   ] forensic (main.py:467): Watchdog: Heartbeat (Dump: 'logs/freeze_dump.txt')
2026-06-07 11:25:45 [DEBUG   ] forensic.server.router (router.py:104): Router: POST /_forensic/windows (ajax=True)
2026-06-07 11:25:45 [DEBUG   ] forensic.forensic_api.windows (windows.py:287): /_forensic/windows POST: Fenster '44099e4e-7fb1-4cda-8048-090e8be06c9e' (Rolle 'report') registriert
2026-06-07 11:25:45 [DEBUG   ] forensic.server.http_server (http_server.py:115): HTTP "POST /_forensic/windows HTTP/1.1" 200 -
2026-06-07 11:25:48 [DEBUG   ] forensic.server.router (router.py:104): Router: POST /_forensic/windows (ajax=True)
2026-06-07 11:25:48 [DEBUG   ] forensic.forensic_api.windows (windows.py:287): /_forensic/windows POST: Fenster '28647da4-1b6f-40de-8490-df54938e70d5' (Rolle 'userinfo') registriert
2026-06-07 11:25:48 [DEBUG   ] forensic.server.http_server (http_server.py:115): HTTP "POST /_forensic/windows HTTP/1.1" 200 -
2026-06-07 11:25:50 [DEBUG   ] forensic.server.router (router.py:104): Router: POST /_forensic/windows (ajax=True)
2026-06-07 11:25:50 [DEBUG   ] forensic.forensic_api.windows (windows.py:287): /_forensic/windows POST: Fenster '54b291e0-d5b9-4ee9-9c22-ed7c298da892' (Rolle 'userinfo') registriert
2026-06-07 11:25:50 [DEBUG   ] forensic.server.http_server (http_server.py:115): HTTP "POST /_forensic/windows HTTP/1.1" 200 -
2026-06-07 11:25:50 [DEBUG   ] forensic.server.router (router.py:104): Router: POST /_forensic/windows (ajax=True)
2026-06-07 11:25:50 [DEBUG   ] forensic.forensic_api.windows (windows.py:287): /_forensic/windows POST: Fenster 'b5a348af-e19a-4333-9881-9c2ccba8b299' (Rolle 'userinfo') registriert
2026-06-07 11:25:50 [DEBUG   ] forensic.server.http_server (http_server.py:115): HTTP "POST /_forensic/windows HTTP/1.1" 200 -
2026-06-07 11:25:50 [DEBUG   ] forensic.server.router (router.py:104): Router: POST /_forensic/windows (ajax=True)
2026-06-07 11:25:50 [DEBUG   ] forensic.forensic_api.windows (windows.py:287): /_forensic/windows POST: Fenster '6c9c384f-d503-449b-a512-06c973b9d079' (Rolle 'main') registriert
2026-06-07 11:25:50 [DEBUG   ] forensic.server.http_server (http_server.py:115): HTTP "POST /_forensic/windows HTTP/1.1" 200 -
2026-06-07 11:25:50 [DEBUG   ] forensic.server.router (router.py:104): Router: POST /_forensic/windows (ajax=True)
2026-06-07 11:25:50 [DEBUG   ] forensic.forensic_api.windows (windows.py:287): /_forensic/windows POST: Fenster 'd9b13c53-24c0-4fcf-ab16-934ebfc3a992' (Rolle 'report') registriert
2026-06-07 11:25:50 [DEBUG   ] forensic.server.http_server (http_server.py:115): HTTP "POST /_forensic/windows HTTP/1.1" 200 -
2026-06-07 11:26:00 [DEBUG   ] forensic.server.router (router.py:104): Router: POST /_forensic/windows (ajax=True)
2026-06-07 11:26:00 [DEBUG   ] forensic.forensic_api.windows (windows.py:287): /_forensic/windows POST: Fenster 'b1de0a1f-3b7c-4ce1-81c7-a2324ccd5457' (Rolle 'main') registriert
2026-06-07 11:26:00 [DEBUG   ] forensic.server.http_server (http_server.py:115): HTTP "POST /_forensic/windows HTTP/1.1" 200 -
2026-06-07 11:26:05 [DEBUG   ] forensic.server.router (router.py:104): Router: POST /_forensic/windows (ajax=True)
2026-06-07 11:26:05 [DEBUG   ] forensic.forensic_api.windows (windows.py:287): /_forensic/windows POST: Fenster '942b34a1-447a-429c-9c15-a32b1aded594' (Rolle 'userinfo') registriert
2026-06-07 11:26:05 [DEBUG   ] forensic.server.http_server (http_server.py:115): HTTP "POST /_forensic/windows HTTP/1.1" 200 -
2026-06-07 11:26:10 [DEBUG   ] forensic (main.py:467): Watchdog: Heartbeat (Dump: 'logs/freeze_dump.txt')
2026-06-07 11:26:15 [DEBUG   ] forensic.server.router (router.py:104): Router: POST /_forensic/windows (ajax=True)
2026-06-07 11:26:15 [DEBUG   ] forensic.forensic_api.windows (windows.py:287): /_forensic/windows POST: Fenster '44099e4e-7fb1-4cda-8048-090e8be06c9e' (Rolle 'report') registriert
2026-06-07 11:26:15 [DEBUG   ] forensic.server.http_server (http_server.py:115): HTTP "POST /_forensic/windows HTTP/1.1" 200 -
2026-06-07 11:26:18 [DEBUG   ] forensic.server.router (router.py:104): Router: POST /_forensic/windows (ajax=True)
2026-06-07 11:26:18 [DEBUG   ] forensic.forensic_api.windows (windows.py:287): /_forensic/windows POST: Fenster '28647da4-1b6f-40de-8490-df54938e70d5' (Rolle 'userinfo') registriert
2026-06-07 11:26:18 [DEBUG   ] forensic.server.http_server (http_server.py:115): HTTP "POST /_forensic/windows HTTP/1.1" 200 -
2026-06-07 11:26:30 [DEBUG   ] forensic.server.router (router.py:104): Router: POST /_forensic/windows (ajax=True)
2026-06-07 11:26:30 [DEBUG   ] forensic.forensic_api.windows (windows.py:287): /_forensic/windows POST: Fenster 'b1de0a1f-3b7c-4ce1-81c7-a2324ccd5457' (Rolle 'main') registriert
2026-06-07 11:26:30 [DEBUG   ] forensic.server.http_server (http_server.py:115): HTTP "POST /_forensic/windows HTTP/1.1" 200 -
2026-06-07 11:26:35 [DEBUG   ] forensic.server.router (router.py:104): Router: POST /_forensic/windows (ajax=True)
2026-06-07 11:26:35 [DEBUG   ] forensic.forensic_api.windows (windows.py:287): /_forensic/windows POST: Fenster '942b34a1-447a-429c-9c15-a32b1aded594' (Rolle 'userinfo') registriert
2026-06-07 11:26:35 [DEBUG   ] forensic.server.http_server (http_server.py:115): HTTP "POST /_forensic/windows HTTP/1.1" 200 -
2026-06-07 11:26:40 [DEBUG   ] forensic (main.py:467): Watchdog: Heartbeat (Dump: 'logs/freeze_dump.txt')
2026-06-07 11:26:45 [DEBUG   ] forensic.server.router (router.py:104): Router: POST /_forensic/windows (ajax=True)
2026-06-07 11:26:45 [DEBUG   ] forensic.forensic_api.windows (windows.py:287): /_forensic/windows POST: Fenster '44099e4e-7fb1-4cda-8048-090e8be06c9e' (Rolle 'report') registriert
2026-06-07 11:26:45 [DEBUG   ] forensic.server.http_server (http_server.py:115): HTTP "POST /_forensic/windows HTTP/1.1" 200 -
2026-06-07 11:26:48 [DEBUG   ] forensic.server.router (router.py:104): Router: POST /_forensic/windows (ajax=True)
2026-06-07 11:26:48 [DEBUG   ] forensic.forensic_api.windows (windows.py:287): /_forensic/windows POST: Fenster '28647da4-1b6f-40de-8490-df54938e70d5' (Rolle 'userinfo') registriert
2026-06-07 11:26:48 [DEBUG   ] forensic.server.http_server (http_server.py:115): HTTP "POST /_forensic/windows HTTP/1.1" 200 -
2026-06-07 11:26:50 [DEBUG   ] forensic.server.router (router.py:104): Router: POST /_forensic/windows (ajax=True)
2026-06-07 11:26:50 [DEBUG   ] forensic.server.router (router.py:104): Router: POST /_forensic/windows (ajax=True)
2026-06-07 11:26:50 [DEBUG   ] forensic.forensic_api.windows (windows.py:287): /_forensic/windows POST: Fenster '54b291e0-d5b9-4ee9-9c22-ed7c298da892' (Rolle 'userinfo') registriert
2026-06-07 11:26:50 [DEBUG   ] forensic.server.http_server (http_server.py:115): HTTP "POST /_forensic/windows HTTP/1.1" 200 -
2026-06-07 11:26:50 [DEBUG   ] forensic.forensic_api.windows (windows.py:287): /_forensic/windows POST: Fenster 'b5a348af-e19a-4333-9881-9c2ccba8b299' (Rolle 'userinfo') registriert
2026-06-07 11:26:50 [DEBUG   ] forensic.server.http_server (http_server.py:115): HTTP "POST /_forensic/windows HTTP/1.1" 200 -
2026-06-07 11:26:50 [DEBUG   ] forensic.server.router (router.py:104): Router: POST /_forensic/windows (ajax=True)
2026-06-07 11:26:50 [DEBUG   ] forensic.forensic_api.windows (windows.py:287): /_forensic/windows POST: Fenster '6c9c384f-d503-449b-a512-06c973b9d079' (Rolle 'main') registriert
2026-06-07 11:26:50 [DEBUG   ] forensic.server.http_server (http_server.py:115): HTTP "POST /_forensic/windows HTTP/1.1" 200 -
2026-06-07 11:26:50 [DEBUG   ] forensic.server.router (router.py:104): Router: POST /_forensic/windows (ajax=True)
2026-06-07 11:26:50 [DEBUG   ] forensic.forensic_api.windows (windows.py:287): /_forensic/windows POST: Fenster 'd9b13c53-24c0-4fcf-ab16-934ebfc3a992' (Rolle 'report') registriert
2026-06-07 11:26:50 [DEBUG   ] forensic.server.http_server (http_server.py:115): HTTP "POST /_forensic/windows HTTP/1.1" 200 -
2026-06-07 11:27:00 [DEBUG   ] forensic.server.router (router.py:104): Router: POST /_forensic/windows (ajax=True)
2026-06-07 11:27:00 [DEBUG   ] forensic.forensic_api.windows (windows.py:287): /_forensic/windows POST: Fenster 'b1de0a1f-3b7c-4ce1-81c7-a2324ccd5457' (Rolle 'main') registriert
2026-06-07 11:27:00 [DEBUG   ] forensic.server.http_server (http_server.py:115): HTTP "POST /_forensic/windows HTTP/1.1" 200 -
2026-06-07 11:27:05 [DEBUG   ] forensic.server.router (router.py:104): Router: POST /_forensic/windows (ajax=True)
2026-06-07 11:27:05 [DEBUG   ] forensic.forensic_api.windows (windows.py:287): /_forensic/windows POST: Fenster '942b34a1-447a-429c-9c15-a32b1aded594' (Rolle 'userinfo') registriert
2026-06-07 11:27:05 [DEBUG   ] forensic.server.http_server (http_server.py:115): HTTP "POST /_forensic/windows HTTP/1.1" 200 -
2026-06-07 11:27:10 [DEBUG   ] forensic (main.py:467): Watchdog: Heartbeat (Dump: 'logs/freeze_dump.txt')
2026-06-07 11:27:15 [DEBUG   ] forensic.server.router (router.py:104): Router: POST /_forensic/windows (ajax=True)
2026-06-07 11:27:15 [DEBUG   ] forensic.forensic_api.windows (windows.py:287): /_forensic/windows POST: Fenster '44099e4e-7fb1-4cda-8048-090e8be06c9e' (Rolle 'report') registriert
2026-06-07 11:27:15 [DEBUG   ] forensic.server.http_server (http_server.py:115): HTTP "POST /_forensic/windows HTTP/1.1" 200 -
2026-06-07 11:27:18 [DEBUG   ] forensic.server.router (router.py:104): Router: POST /_forensic/windows (ajax=True)
2026-06-07 11:27:18 [DEBUG   ] forensic.forensic_api.windows (windows.py:287): /_forensic/windows POST: Fenster '28647da4-1b6f-40de-8490-df54938e70d5' (Rolle 'userinfo') registriert
2026-06-07 11:27:18 [DEBUG   ] forensic.server.http_server (http_server.py:115): HTTP "POST /_forensic/windows HTTP/1.1" 200 -
2026-06-07 11:27:30 [DEBUG   ] forensic.server.router (router.py:104): Router: POST /_forensic/windows (ajax=True)
2026-06-07 11:27:30 [DEBUG   ] forensic.forensic_api.windows (windows.py:287): /_forensic/windows POST: Fenster 'b1de0a1f-3b7c-4ce1-81c7-a2324ccd5457' (Rolle 'main') registriert
2026-06-07 11:27:30 [DEBUG   ] forensic.server.http_server (http_server.py:115): HTTP "POST /_forensic/windows HTTP/1.1" 200 -
2026-06-07 11:27:35 [DEBUG   ] forensic.server.router (router.py:104): Router: POST /_forensic/windows (ajax=True)
2026-06-07 11:27:35 [DEBUG   ] forensic.forensic_api.windows (windows.py:287): /_forensic/windows POST: Fenster '942b34a1-447a-429c-9c15-a32b1aded594' (Rolle 'userinfo') registriert
2026-06-07 11:27:35 [DEBUG   ] forensic.server.http_server (http_server.py:115): HTTP "POST /_forensic/windows HTTP/1.1" 200 -
2026-06-07 11:27:40 [DEBUG   ] forensic (main.py:467): Watchdog: Heartbeat (Dump: 'logs/freeze_dump.txt')
2026-06-07 11:27:45 [DEBUG   ] forensic.server.router (router.py:104): Router: POST /_forensic/windows (ajax=True)
2026-06-07 11:27:45 [DEBUG   ] forensic.forensic_api.windows (windows.py:287): /_forensic/windows POST: Fenster '44099e4e-7fb1-4cda-8048-090e8be06c9e' (Rolle 'report') registriert
2026-06-07 11:27:45 [DEBUG   ] forensic.server.http_server (http_server.py:115): HTTP "POST /_forensic/windows HTTP/1.1" 200 -
2026-06-07 11:27:48 [DEBUG   ] forensic.server.router (router.py:104): Router: POST /_forensic/windows (ajax=True)
2026-06-07 11:27:48 [DEBUG   ] forensic.forensic_api.windows (windows.py:287): /_forensic/windows POST: Fenster '28647da4-1b6f-40de-8490-df54938e70d5' (Rolle 'userinfo') registriert
2026-06-07 11:27:48 [DEBUG   ] forensic.server.http_server (http_server.py:115): HTTP "POST /_forensic/windows HTTP/1.1" 200 -
2026-06-07 11:27:50 [DEBUG   ] forensic.server.router (router.py:104): Router: POST /_forensic/windows (ajax=True)
2026-06-07 11:27:50 [DEBUG   ] forensic.forensic_api.windows (windows.py:287): /_forensic/windows POST: Fenster '54b291e0-d5b9-4ee9-9c22-ed7c298da892' (Rolle 'userinfo') registriert
2026-06-07 11:27:50 [DEBUG   ] forensic.server.http_server (http_server.py:115): HTTP "POST /_forensic/windows HTTP/1.1" 200 -
2026-06-07 11:27:50 [DEBUG   ] forensic.server.router (router.py:104): Router: POST /_forensic/windows (ajax=True)
2026-06-07 11:27:50 [DEBUG   ] forensic.forensic_api.windows (windows.py:287): /_forensic/windows POST: Fenster 'b5a348af-e19a-4333-9881-9c2ccba8b299' (Rolle 'userinfo') registriert
2026-06-07 11:27:50 [DEBUG   ] forensic.server.router (router.py:104): Router: POST /_forensic/windows (ajax=True)
2026-06-07 11:27:50 [DEBUG   ] forensic.server.http_server (http_server.py:115): HTTP "POST /_forensic/windows HTTP/1.1" 200 -
2026-06-07 11:27:50 [DEBUG   ] forensic.forensic_api.windows (windows.py:287): /_forensic/windows POST: Fenster '6c9c384f-d503-449b-a512-06c973b9d079' (Rolle 'main') registriert
2026-06-07 11:27:50 [DEBUG   ] forensic.server.http_server (http_server.py:115): HTTP "POST /_forensic/windows HTTP/1.1" 200 -
2026-06-07 11:27:50 [DEBUG   ] forensic.server.router (router.py:104): Router: POST /_forensic/windows (ajax=True)
2026-06-07 11:27:50 [DEBUG   ] forensic.forensic_api.windows (windows.py:287): /_forensic/windows POST: Fenster 'd9b13c53-24c0-4fcf-ab16-934ebfc3a992' (Rolle 'report') registriert
2026-06-07 11:27:50 [DEBUG   ] forensic.server.http_server (http_server.py:115): HTTP "POST /_forensic/windows HTTP/1.1" 200 -
2026-06-07 11:28:00 [DEBUG   ] forensic.server.router (router.py:104): Router: POST /_forensic/windows (ajax=True)
2026-06-07 11:28:00 [DEBUG   ] forensic.forensic_api.windows (windows.py:287): /_forensic/windows POST: Fenster 'b1de0a1f-3b7c-4ce1-81c7-a2324ccd5457' (Rolle 'main') registriert
2026-06-07 11:28:00 [DEBUG   ] forensic.server.http_server (http_server.py:115): HTTP "POST /_forensic/windows HTTP/1.1" 200 -
2026-06-07 11:28:05 [DEBUG   ] forensic.server.router (router.py:104): Router: POST /_forensic/windows (ajax=True)
2026-06-07 11:28:05 [DEBUG   ] forensic.forensic_api.windows (windows.py:287): /_forensic/windows POST: Fenster '942b34a1-447a-429c-9c15-a32b1aded594' (Rolle 'userinfo') registriert
2026-06-07 11:28:05 [DEBUG   ] forensic.server.http_server (http_server.py:115): HTTP "POST /_forensic/windows HTTP/1.1" 200 -
2026-06-07 11:28:10 [DEBUG   ] forensic (main.py:467): Watchdog: Heartbeat (Dump: 'logs/freeze_dump.txt')
2026-06-07 11:28:15 [DEBUG   ] forensic.server.router (router.py:104): Router: POST /_forensic/windows (ajax=True)
2026-06-07 11:28:15 [DEBUG   ] forensic.forensic_api.windows (windows.py:287): /_forensic/windows POST: Fenster '44099e4e-7fb1-4cda-8048-090e8be06c9e' (Rolle 'report') registriert
2026-06-07 11:28:15 [DEBUG   ] forensic.server.http_server (http_server.py:115): HTTP "POST /_forensic/windows HTTP/1.1" 200 -
2026-06-07 11:28:18 [DEBUG   ] forensic.server.router (router.py:104): Router: POST /_forensic/windows (ajax=True)
2026-06-07 11:28:18 [DEBUG   ] forensic.forensic_api.windows (windows.py:287): /_forensic/windows POST: Fenster '28647da4-1b6f-40de-8490-df54938e70d5' (Rolle 'userinfo') registriert
2026-06-07 11:28:18 [DEBUG   ] forensic.server.http_server (http_server.py:115): HTTP "POST /_forensic/windows HTTP/1.1" 200 -
2026-06-07 11:28:30 [DEBUG   ] forensic.server.router (router.py:104): Router: POST /_forensic/windows (ajax=True)
2026-06-07 11:28:30 [DEBUG   ] forensic.forensic_api.windows (windows.py:287): /_forensic/windows POST: Fenster 'b1de0a1f-3b7c-4ce1-81c7-a2324ccd5457' (Rolle 'main') registriert
2026-06-07 11:28:30 [DEBUG   ] forensic.server.http_server (http_server.py:115): HTTP "POST /_forensic/windows HTTP/1.1" 200 -
2026-06-07 11:28:35 [DEBUG   ] forensic.server.router (router.py:104): Router: POST /_forensic/windows (ajax=True)
2026-06-07 11:28:35 [DEBUG   ] forensic.forensic_api.windows (windows.py:287): /_forensic/windows POST: Fenster '942b34a1-447a-429c-9c15-a32b1aded594' (Rolle 'userinfo') registriert
2026-06-07 11:28:35 [DEBUG   ] forensic.server.http_server (http_server.py:115): HTTP "POST /_forensic/windows HTTP/1.1" 200 -
2026-06-07 11:28:40 [DEBUG   ] forensic (main.py:467): Watchdog: Heartbeat (Dump: 'logs/freeze_dump.txt')
2026-06-07 11:28:45 [DEBUG   ] forensic.server.router (router.py:104): Router: POST /_forensic/windows (ajax=True)
2026-06-07 11:28:45 [DEBUG   ] forensic.forensic_api.windows (windows.py:287): /_forensic/windows POST: Fenster '44099e4e-7fb1-4cda-8048-090e8be06c9e' (Rolle 'report') registriert
2026-06-07 11:28:45 [DEBUG   ] forensic.server.http_server (http_server.py:115): HTTP "POST /_forensic/windows HTTP/1.1" 200 -
2026-06-07 11:28:48 [DEBUG   ] forensic.server.router (router.py:104): Router: POST /_forensic/windows (ajax=True)
2026-06-07 11:28:48 [DEBUG   ] forensic.forensic_api.windows (windows.py:287): /_forensic/windows POST: Fenster '28647da4-1b6f-40de-8490-df54938e70d5' (Rolle 'userinfo') registriert
2026-06-07 11:28:48 [DEBUG   ] forensic.server.http_server (http_server.py:115): HTTP "POST /_forensic/windows HTTP/1.1" 200 -
2026-06-07 11:28:50 [DEBUG   ] forensic.server.router (router.py:104): Router: POST /_forensic/windows (ajax=True)
2026-06-07 11:28:50 [DEBUG   ] forensic.forensic_api.windows (windows.py:287): /_forensic/windows POST: Fenster '54b291e0-d5b9-4ee9-9c22-ed7c298da892' (Rolle 'userinfo') registriert
2026-06-07 11:28:50 [DEBUG   ] forensic.server.http_server (http_server.py:115): HTTP "POST /_forensic/windows HTTP/1.1" 200 -
2026-06-07 11:28:50 [DEBUG   ] forensic.server.router (router.py:104): Router: POST /_forensic/windows (ajax=True)
2026-06-07 11:28:50 [DEBUG   ] forensic.forensic_api.windows (windows.py:287): /_forensic/windows POST: Fenster '6c9c384f-d503-449b-a512-06c973b9d079' (Rolle 'main') registriert
2026-06-07 11:28:50 [DEBUG   ] forensic.server.router (router.py:104): Router: POST /_forensic/windows (ajax=True)
2026-06-07 11:28:50 [DEBUG   ] forensic.forensic_api.windows (windows.py:287): /_forensic/windows POST: Fenster 'd9b13c53-24c0-4fcf-ab16-934ebfc3a992' (Rolle 'report') registriert
2026-06-07 11:28:50 [DEBUG   ] forensic.server.http_server (http_server.py:115): HTTP "POST /_forensic/windows HTTP/1.1" 200 -
2026-06-07 11:28:50 [DEBUG   ] forensic.server.http_server (http_server.py:115): HTTP "POST /_forensic/windows HTTP/1.1" 200 -
2026-06-07 11:28:50 [DEBUG   ] forensic.server.router (router.py:104): Router: POST /_forensic/windows (ajax=True)
2026-06-07 11:28:50 [DEBUG   ] forensic.forensic_api.windows (windows.py:287): /_forensic/windows POST: Fenster 'b5a348af-e19a-4333-9881-9c2ccba8b299' (Rolle 'userinfo') registriert
2026-06-07 11:28:50 [DEBUG   ] forensic.server.http_server (http_server.py:115): HTTP "POST /_forensic/windows HTTP/1.1" 200 -
2026-06-07 11:29:00 [DEBUG   ] forensic.server.router (router.py:104): Router: POST /_forensic/windows (ajax=True)
2026-06-07 11:29:00 [DEBUG   ] forensic.forensic_api.windows (windows.py:287): /_forensic/windows POST: Fenster 'b1de0a1f-3b7c-4ce1-81c7-a2324ccd5457' (Rolle 'main') registriert
2026-06-07 11:29:00 [DEBUG   ] forensic.server.http_server (http_server.py:115): HTTP "POST /_forensic/windows HTTP/1.1" 200 -
2026-06-07 11:29:05 [DEBUG   ] forensic.server.router (router.py:104): Router: POST /_forensic/windows (ajax=True)
2026-06-07 11:29:05 [DEBUG   ] forensic.forensic_api.windows (windows.py:287): /_forensic/windows POST: Fenster '942b34a1-447a-429c-9c15-a32b1aded594' (Rolle 'userinfo') registriert
2026-06-07 11:29:05 [DEBUG   ] forensic.server.http_server (http_server.py:115): HTTP "POST /_forensic/windows HTTP/1.1" 200 -
2026-06-07 11:29:10 [DEBUG   ] forensic (main.py:467): Watchdog: Heartbeat (Dump: 'logs/freeze_dump.txt')
2026-06-07 11:29:15 [DEBUG   ] forensic.server.router (router.py:104): Router: POST /_forensic/windows (ajax=True)
2026-06-07 11:29:15 [DEBUG   ] forensic.forensic_api.windows (windows.py:287): /_forensic/windows POST: Fenster '44099e4e-7fb1-4cda-8048-090e8be06c9e' (Rolle 'report') registriert
2026-06-07 11:29:15 [DEBUG   ] forensic.server.http_server (http_server.py:115): HTTP "POST /_forensic/windows HTTP/1.1" 200 -
2026-06-07 11:29:18 [DEBUG   ] forensic.server.router (router.py:104): Router: POST /_forensic/windows (ajax=True)
2026-06-07 11:29:18 [DEBUG   ] forensic.forensic_api.windows (windows.py:287): /_forensic/windows POST: Fenster '28647da4-1b6f-40de-8490-df54938e70d5' (Rolle 'userinfo') registriert
2026-06-07 11:29:18 [DEBUG   ] forensic.server.http_server (http_server.py:115): HTTP "POST /_forensic/windows HTTP/1.1" 200 -
2026-06-07 11:29:30 [DEBUG   ] forensic.server.router (router.py:104): Router: POST /_forensic/windows (ajax=True)
2026-06-07 11:29:30 [DEBUG   ] forensic.forensic_api.windows (windows.py:287): /_forensic/windows POST: Fenster 'b1de0a1f-3b7c-4ce1-81c7-a2324ccd5457' (Rolle 'main') registriert
2026-06-07 11:29:30 [DEBUG   ] forensic.server.http_server (http_server.py:115): HTTP "POST /_forensic/windows HTTP/1.1" 200 -
2026-06-07 11:29:35 [DEBUG   ] forensic.server.router (router.py:104): Router: POST /_forensic/windows (ajax=True)
2026-06-07 11:29:35 [DEBUG   ] forensic.forensic_api.windows (windows.py:287): /_forensic/windows POST: Fenster '942b34a1-447a-429c-9c15-a32b1aded594' (Rolle 'userinfo') registriert
2026-06-07 11:29:35 [DEBUG   ] forensic.server.http_server (http_server.py:115): HTTP "POST /_forensic/windows HTTP/1.1" 200 -
2026-06-07 11:29:40 [DEBUG   ] forensic (main.py:467): Watchdog: Heartbeat (Dump: 'logs/freeze_dump.txt')
2026-06-07 11:29:45 [DEBUG   ] forensic.server.router (router.py:104): Router: POST /_forensic/windows (ajax=True)
2026-06-07 11:29:45 [DEBUG   ] forensic.forensic_api.windows (windows.py:287): /_forensic/windows POST: Fenster '44099e4e-7fb1-4cda-8048-090e8be06c9e' (Rolle 'report') registriert
2026-06-07 11:29:45 [DEBUG   ] forensic.server.http_server (http_server.py:115): HTTP "POST /_forensic/windows HTTP/1.1" 200 -
2026-06-07 11:29:48 [DEBUG   ] forensic.server.router (router.py:104): Router: POST /_forensic/windows (ajax=True)
2026-06-07 11:29:48 [DEBUG   ] forensic.forensic_api.windows (windows.py:287): /_forensic/windows POST: Fenster '28647da4-1b6f-40de-8490-df54938e70d5' (Rolle 'userinfo') registriert
2026-06-07 11:29:48 [DEBUG   ] forensic.server.http_server (http_server.py:115): HTTP "POST /_forensic/windows HTTP/1.1" 200 -
2026-06-07 11:29:50 [DEBUG   ] forensic.server.router (router.py:104): Router: POST /_forensic/windows (ajax=True)
2026-06-07 11:29:50 [DEBUG   ] forensic.forensic_api.windows (windows.py:287): /_forensic/windows POST: Fenster 'b5a348af-e19a-4333-9881-9c2ccba8b299' (Rolle 'userinfo') registriert
2026-06-07 11:29:50 [DEBUG   ] forensic.server.http_server (http_server.py:115): HTTP "POST /_forensic/windows HTTP/1.1" 200 -
2026-06-07 11:29:50 [DEBUG   ] forensic.server.router (router.py:104): Router: POST /_forensic/windows (ajax=True)
2026-06-07 11:29:50 [DEBUG   ] forensic.forensic_api.windows (windows.py:287): /_forensic/windows POST: Fenster '54b291e0-d5b9-4ee9-9c22-ed7c298da892' (Rolle 'userinfo') registriert
2026-06-07 11:29:50 [DEBUG   ] forensic.server.http_server (http_server.py:115): HTTP "POST /_forensic/windows HTTP/1.1" 200 -
2026-06-07 11:29:50 [DEBUG   ] forensic.server.router (router.py:104): Router: POST /_forensic/windows (ajax=True)
2026-06-07 11:29:50 [DEBUG   ] forensic.server.router (router.py:104): Router: POST /_forensic/windows (ajax=True)
2026-06-07 11:29:50 [DEBUG   ] forensic.forensic_api.windows (windows.py:287): /_forensic/windows POST: Fenster 'd9b13c53-24c0-4fcf-ab16-934ebfc3a992' (Rolle 'report') registriert
2026-06-07 11:29:50 [DEBUG   ] forensic.server.http_server (http_server.py:115): HTTP "POST /_forensic/windows HTTP/1.1" 200 -
2026-06-07 11:29:50 [DEBUG   ] forensic.forensic_api.windows (windows.py:287): /_forensic/windows POST: Fenster '6c9c384f-d503-449b-a512-06c973b9d079' (Rolle 'main') registriert
2026-06-07 11:29:50 [DEBUG   ] forensic.server.http_server (http_server.py:115): HTTP "POST /_forensic/windows HTTP/1.1" 200 -
2026-06-07 11:30:00 [DEBUG   ] forensic.server.router (router.py:104): Router: POST /_forensic/windows (ajax=True)
2026-06-07 11:30:00 [DEBUG   ] forensic.forensic_api.windows (windows.py:287): /_forensic/windows POST: Fenster 'b1de0a1f-3b7c-4ce1-81c7-a2324ccd5457' (Rolle 'main') registriert
2026-06-07 11:30:00 [DEBUG   ] forensic.server.http_server (http_server.py:115): HTTP "POST /_forensic/windows HTTP/1.1" 200 -
2026-06-07 11:30:05 [DEBUG   ] forensic.server.router (router.py:104): Router: POST /_forensic/windows (ajax=True)
2026-06-07 11:30:05 [DEBUG   ] forensic.forensic_api.windows (windows.py:287): /_forensic/windows POST: Fenster '942b34a1-447a-429c-9c15-a32b1aded594' (Rolle 'userinfo') registriert
2026-06-07 11:30:05 [DEBUG   ] forensic.server.http_server (http_server.py:115): HTTP "POST /_forensic/windows HTTP/1.1" 200 -
2026-06-07 11:30:10 [DEBUG   ] forensic (main.py:467): Watchdog: Heartbeat (Dump: 'logs/freeze_dump.txt')
2026-06-07 11:30:15 [DEBUG   ] forensic.server.router (router.py:104): Router: POST /_forensic/windows (ajax=True)
2026-06-07 11:30:15 [DEBUG   ] forensic.forensic_api.windows (windows.py:287): /_forensic/windows POST: Fenster '44099e4e-7fb1-4cda-8048-090e8be06c9e' (Rolle 'report') registriert
2026-06-07 11:30:15 [DEBUG   ] forensic.server.http_server (http_server.py:115): HTTP "POST /_forensic/windows HTTP/1.1" 200 -
2026-06-07 11:30:18 [DEBUG   ] forensic.server.router (router.py:104): Router: POST /_forensic/windows (ajax=True)
2026-06-07 11:30:18 [DEBUG   ] forensic.forensic_api.windows (windows.py:287): /_forensic/windows POST: Fenster '28647da4-1b6f-40de-8490-df54938e70d5' (Rolle 'userinfo') registriert
2026-06-07 11:30:18 [DEBUG   ] forensic.server.http_server (http_server.py:115): HTTP "POST /_forensic/windows HTTP/1.1" 200 -
2026-06-07 11:30:30 [DEBUG   ] forensic.server.router (router.py:104): Router: POST /_forensic/windows (ajax=True)
2026-06-07 11:30:30 [DEBUG   ] forensic.forensic_api.windows (windows.py:287): /_forensic/windows POST: Fenster 'b1de0a1f-3b7c-4ce1-81c7-a2324ccd5457' (Rolle 'main') registriert
2026-06-07 11:30:30 [DEBUG   ] forensic.server.http_server (http_server.py:115): HTTP "POST /_forensic/windows HTTP/1.1" 200 -
2026-06-07 11:30:35 [DEBUG   ] forensic.server.router (router.py:104): Router: POST /_forensic/windows (ajax=True)
2026-06-07 11:30:35 [DEBUG   ] forensic.forensic_api.windows (windows.py:287): /_forensic/windows POST: Fenster '942b34a1-447a-429c-9c15-a32b1aded594' (Rolle 'userinfo') registriert
2026-06-07 11:30:35 [DEBUG   ] forensic.server.http_server (http_server.py:115): HTTP "POST /_forensic/windows HTTP/1.1" 200 -
2026-06-07 11:30:40 [DEBUG   ] forensic (main.py:467): Watchdog: Heartbeat (Dump: 'logs/freeze_dump.txt')
2026-06-07 11:30:45 [DEBUG   ] forensic.server.router (router.py:104): Router: POST /_forensic/windows (ajax=True)
2026-06-07 11:30:45 [DEBUG   ] forensic.forensic_api.windows (windows.py:287): /_forensic/windows POST: Fenster '44099e4e-7fb1-4cda-8048-090e8be06c9e' (Rolle 'report') registriert
2026-06-07 11:30:45 [DEBUG   ] forensic.server.http_server (http_server.py:115): HTTP "POST /_forensic/windows HTTP/1.1" 200 -
2026-06-07 11:30:48 [DEBUG   ] forensic.server.router (router.py:104): Router: POST /_forensic/windows (ajax=True)
2026-06-07 11:30:48 [DEBUG   ] forensic.forensic_api.windows (windows.py:287): /_forensic/windows POST: Fenster '28647da4-1b6f-40de-8490-df54938e70d5' (Rolle 'userinfo') registriert
2026-06-07 11:30:48 [DEBUG   ] forensic.server.http_server (http_server.py:115): HTTP "POST /_forensic/windows HTTP/1.1" 200 -
2026-06-07 11:30:50 [DEBUG   ] forensic.server.router (router.py:104): Router: POST /_forensic/windows (ajax=True)
2026-06-07 11:30:50 [DEBUG   ] forensic.forensic_api.windows (windows.py:287): /_forensic/windows POST: Fenster '54b291e0-d5b9-4ee9-9c22-ed7c298da892' (Rolle 'userinfo') registriert
2026-06-07 11:30:50 [DEBUG   ] forensic.server.http_server (http_server.py:115): HTTP "POST /_forensic/windows HTTP/1.1" 200 -
2026-06-07 11:30:50 [DEBUG   ] forensic.server.router (router.py:104): Router: POST /_forensic/windows (ajax=True)
2026-06-07 11:30:50 [DEBUG   ] forensic.server.router (router.py:104): Router: POST /_forensic/windows (ajax=True)
2026-06-07 11:30:50 [DEBUG   ] forensic.forensic_api.windows (windows.py:287): /_forensic/windows POST: Fenster 'd9b13c53-24c0-4fcf-ab16-934ebfc3a992' (Rolle 'report') registriert
2026-06-07 11:30:50 [DEBUG   ] forensic.server.http_server (http_server.py:115): HTTP "POST /_forensic/windows HTTP/1.1" 200 -
2026-06-07 11:30:50 [DEBUG   ] forensic.server.router (router.py:104): Router: POST /_forensic/windows (ajax=True)
2026-06-07 11:30:50 [DEBUG   ] forensic.forensic_api.windows (windows.py:287): /_forensic/windows POST: Fenster 'b5a348af-e19a-4333-9881-9c2ccba8b299' (Rolle 'userinfo') registriert
2026-06-07 11:30:50 [DEBUG   ] forensic.forensic_api.windows (windows.py:287): /_forensic/windows POST: Fenster '6c9c384f-d503-449b-a512-06c973b9d079' (Rolle 'main') registriert
2026-06-07 11:30:50 [DEBUG   ] forensic.server.http_server (http_server.py:115): HTTP "POST /_forensic/windows HTTP/1.1" 200 -
2026-06-07 11:30:50 [DEBUG   ] forensic.server.http_server (http_server.py:115): HTTP "POST /_forensic/windows HTTP/1.1" 200 -
2026-06-07 11:31:05 [DEBUG   ] forensic.server.router (router.py:104): Router: POST /_forensic/windows (ajax=True)
2026-06-07 11:31:05 [DEBUG   ] forensic.forensic_api.windows (windows.py:287): /_forensic/windows POST: Fenster '942b34a1-447a-429c-9c15-a32b1aded594' (Rolle 'userinfo') registriert
2026-06-07 11:31:05 [DEBUG   ] forensic.server.http_server (http_server.py:115): HTTP "POST /_forensic/windows HTTP/1.1" 200 -
2026-06-07 11:31:10 [DEBUG   ] forensic (main.py:467): Watchdog: Heartbeat (Dump: 'logs/freeze_dump.txt')
2026-06-07 11:31:15 [DEBUG   ] forensic.server.router (router.py:104): Router: POST /_forensic/windows (ajax=True)
2026-06-07 11:31:15 [DEBUG   ] forensic.forensic_api.windows (windows.py:287): /_forensic/windows POST: Fenster '44099e4e-7fb1-4cda-8048-090e8be06c9e' (Rolle 'report') registriert
2026-06-07 11:31:15 [DEBUG   ] forensic.server.http_server (http_server.py:115): HTTP "POST /_forensic/windows HTTP/1.1" 200 -
2026-06-07 11:31:18 [DEBUG   ] forensic.server.router (router.py:104): Router: POST /_forensic/windows (ajax=True)
2026-06-07 11:31:18 [DEBUG   ] forensic.forensic_api.windows (windows.py:287): /_forensic/windows POST: Fenster '28647da4-1b6f-40de-8490-df54938e70d5' (Rolle 'userinfo') registriert
2026-06-07 11:31:18 [DEBUG   ] forensic.server.http_server (http_server.py:115): HTTP "POST /_forensic/windows HTTP/1.1" 200 -
2026-06-07 11:31:35 [DEBUG   ] forensic.server.router (router.py:104): Router: POST /_forensic/windows (ajax=True)
2026-06-07 11:31:35 [DEBUG   ] forensic.forensic_api.windows (windows.py:287): /_forensic/windows POST: Fenster '942b34a1-447a-429c-9c15-a32b1aded594' (Rolle 'userinfo') registriert
2026-06-07 11:31:35 [DEBUG   ] forensic.server.http_server (http_server.py:115): HTTP "POST /_forensic/windows HTTP/1.1" 200 -
2026-06-07 11:31:40 [DEBUG   ] forensic (main.py:467): Watchdog: Heartbeat (Dump: 'logs/freeze_dump.txt')
2026-06-07 11:31:45 [DEBUG   ] forensic.server.router (router.py:104): Router: POST /_forensic/windows (ajax=True)
2026-06-07 11:31:45 [DEBUG   ] forensic.forensic_api.windows (windows.py:287): /_forensic/windows POST: Fenster '44099e4e-7fb1-4cda-8048-090e8be06c9e' (Rolle 'report') registriert
2026-06-07 11:31:45 [DEBUG   ] forensic.server.http_server (http_server.py:115): HTTP "POST /_forensic/windows HTTP/1.1" 200 -
2026-06-07 11:31:48 [DEBUG   ] forensic.server.router (router.py:104): Router: POST /_forensic/windows (ajax=True)
2026-06-07 11:31:48 [DEBUG   ] forensic.forensic_api.windows (windows.py:287): /_forensic/windows POST: Fenster '28647da4-1b6f-40de-8490-df54938e70d5' (Rolle 'userinfo') registriert
2026-06-07 11:31:48 [DEBUG   ] forensic.server.http_server (http_server.py:115): HTTP "POST /_forensic/windows HTTP/1.1" 200 -
2026-06-07 11:31:50 [DEBUG   ] forensic.server.router (router.py:104): Router: POST /_forensic/windows (ajax=True)
2026-06-07 11:31:50 [DEBUG   ] forensic.forensic_api.windows (windows.py:287): /_forensic/windows POST: Fenster '54b291e0-d5b9-4ee9-9c22-ed7c298da892' (Rolle 'userinfo') registriert
2026-06-07 11:31:50 [DEBUG   ] forensic.server.http_server (http_server.py:115): HTTP "POST /_forensic/windows HTTP/1.1" 200 -
2026-06-07 11:31:50 [DEBUG   ] forensic.server.router (router.py:104): Router: POST /_forensic/windows (ajax=True)
2026-06-07 11:31:50 [DEBUG   ] forensic.forensic_api.windows (windows.py:287): /_forensic/windows POST: Fenster 'b1de0a1f-3b7c-4ce1-81c7-a2324ccd5457' (Rolle 'main') registriert
2026-06-07 11:31:50 [DEBUG   ] forensic.server.http_server (http_server.py:115): HTTP "POST /_forensic/windows HTTP/1.1" 200 -
2026-06-07 11:31:50 [DEBUG   ] forensic.server.router (router.py:104): Router: POST /_forensic/windows (ajax=True)
2026-06-07 11:31:50 [DEBUG   ] forensic.server.router (router.py:104): Router: POST /_forensic/windows (ajax=True)
2026-06-07 11:31:50 [DEBUG   ] forensic.server.router (router.py:104): Router: POST /_forensic/windows (ajax=True)
2026-06-07 11:31:50 [DEBUG   ] forensic.forensic_api.windows (windows.py:287): /_forensic/windows POST: Fenster 'd9b13c53-24c0-4fcf-ab16-934ebfc3a992' (Rolle 'report') registriert
2026-06-07 11:31:50 [DEBUG   ] forensic.forensic_api.windows (windows.py:287): /_forensic/windows POST: Fenster 'b5a348af-e19a-4333-9881-9c2ccba8b299' (Rolle 'userinfo') registriert
2026-06-07 11:31:50 [DEBUG   ] forensic.server.http_server (http_server.py:115): HTTP "POST /_forensic/windows HTTP/1.1" 200 -
2026-06-07 11:31:50 [DEBUG   ] forensic.server.http_server (http_server.py:115): HTTP "POST /_forensic/windows HTTP/1.1" 200 -
2026-06-07 11:31:50 [DEBUG   ] forensic.forensic_api.windows (windows.py:287): /_forensic/windows POST: Fenster '6c9c384f-d503-449b-a512-06c973b9d079' (Rolle 'main') registriert
2026-06-07 11:31:50 [DEBUG   ] forensic.server.http_server (http_server.py:115): HTTP "POST /_forensic/windows HTTP/1.1" 200 -
2026-06-07 11:32:05 [DEBUG   ] forensic.server.router (router.py:104): Router: POST /_forensic/windows (ajax=True)
2026-06-07 11:32:05 [DEBUG   ] forensic.forensic_api.windows (windows.py:287): /_forensic/windows POST: Fenster '942b34a1-447a-429c-9c15-a32b1aded594' (Rolle 'userinfo') registriert
2026-06-07 11:32:05 [DEBUG   ] forensic.server.http_server (http_server.py:115): HTTP "POST /_forensic/windows HTTP/1.1" 200 -
2026-06-07 11:32:10 [DEBUG   ] forensic (main.py:467): Watchdog: Heartbeat (Dump: 'logs/freeze_dump.txt')
2026-06-07 11:32:15 [DEBUG   ] forensic.server.router (router.py:104): Router: POST /_forensic/windows (ajax=True)
2026-06-07 11:32:15 [DEBUG   ] forensic.forensic_api.windows (windows.py:287): /_forensic/windows POST: Fenster '44099e4e-7fb1-4cda-8048-090e8be06c9e' (Rolle 'report') registriert
2026-06-07 11:32:15 [DEBUG   ] forensic.server.http_server (http_server.py:115): HTTP "POST /_forensic/windows HTTP/1.1" 200 -
2026-06-07 11:32:18 [DEBUG   ] forensic.server.router (router.py:104): Router: POST /_forensic/windows (ajax=True)
2026-06-07 11:32:18 [DEBUG   ] forensic.forensic_api.windows (windows.py:287): /_forensic/windows POST: Fenster '28647da4-1b6f-40de-8490-df54938e70d5' (Rolle 'userinfo') registriert
2026-06-07 11:32:18 [DEBUG   ] forensic.server.http_server (http_server.py:115): HTTP "POST /_forensic/windows HTTP/1.1" 200 -
2026-06-07 11:32:35 [DEBUG   ] forensic.server.router (router.py:104): Router: POST /_forensic/windows (ajax=True)
2026-06-07 11:32:35 [DEBUG   ] forensic.forensic_api.windows (windows.py:287): /_forensic/windows POST: Fenster '942b34a1-447a-429c-9c15-a32b1aded594' (Rolle 'userinfo') registriert
2026-06-07 11:32:35 [DEBUG   ] forensic.server.http_server (http_server.py:115): HTTP "POST /_forensic/windows HTTP/1.1" 200 -
2026-06-07 11:32:40 [DEBUG   ] forensic (main.py:467): Watchdog: Heartbeat (Dump: 'logs/freeze_dump.txt')
2026-06-07 11:32:45 [DEBUG   ] forensic.server.router (router.py:104): Router: POST /_forensic/windows (ajax=True)
2026-06-07 11:32:45 [DEBUG   ] forensic.forensic_api.windows (windows.py:287): /_forensic/windows POST: Fenster '44099e4e-7fb1-4cda-8048-090e8be06c9e' (Rolle 'report') registriert
2026-06-07 11:32:45 [DEBUG   ] forensic.server.http_server (http_server.py:115): HTTP "POST /_forensic/windows HTTP/1.1" 200 -
2026-06-07 11:32:48 [DEBUG   ] forensic.server.router (router.py:104): Router: POST /_forensic/windows (ajax=True)
2026-06-07 11:32:48 [DEBUG   ] forensic.forensic_api.windows (windows.py:287): /_forensic/windows POST: Fenster '28647da4-1b6f-40de-8490-df54938e70d5' (Rolle 'userinfo') registriert
2026-06-07 11:32:48 [DEBUG   ] forensic.server.http_server (http_server.py:115): HTTP "POST /_forensic/windows HTTP/1.1" 200 -
2026-06-07 11:32:50 [DEBUG   ] forensic.server.router (router.py:104): Router: POST /_forensic/windows (ajax=True)
2026-06-07 11:32:50 [DEBUG   ] forensic.forensic_api.windows (windows.py:287): /_forensic/windows POST: Fenster '54b291e0-d5b9-4ee9-9c22-ed7c298da892' (Rolle 'userinfo') registriert
2026-06-07 11:32:50 [DEBUG   ] forensic.server.http_server (http_server.py:115): HTTP "POST /_forensic/windows HTTP/1.1" 200 -
2026-06-07 11:32:50 [DEBUG   ] forensic.server.router (router.py:104): Router: POST /_forensic/windows (ajax=True)
2026-06-07 11:32:50 [DEBUG   ] forensic.forensic_api.windows (windows.py:287): /_forensic/windows POST: Fenster 'b5a348af-e19a-4333-9881-9c2ccba8b299' (Rolle 'userinfo') registriert
2026-06-07 11:32:50 [DEBUG   ] forensic.server.http_server (http_server.py:115): HTTP "POST /_forensic/windows HTTP/1.1" 200 -
2026-06-07 11:32:50 [DEBUG   ] forensic.server.router (router.py:104): Router: POST /_forensic/windows (ajax=True)
2026-06-07 11:32:50 [DEBUG   ] forensic.server.router (router.py:104): Router: POST /_forensic/windows (ajax=True)
2026-06-07 11:32:50 [DEBUG   ] forensic.forensic_api.windows (windows.py:287): /_forensic/windows POST: Fenster '6c9c384f-d503-449b-a512-06c973b9d079' (Rolle 'main') registriert
2026-06-07 11:32:50 [DEBUG   ] forensic.server.router (router.py:104): Router: POST /_forensic/windows (ajax=True)
2026-06-07 11:32:50 [DEBUG   ] forensic.forensic_api.windows (windows.py:287): /_forensic/windows POST: Fenster 'd9b13c53-24c0-4fcf-ab16-934ebfc3a992' (Rolle 'report') registriert
2026-06-07 11:32:50 [DEBUG   ] forensic.server.http_server (http_server.py:115): HTTP "POST /_forensic/windows HTTP/1.1" 200 -
2026-06-07 11:32:50 [DEBUG   ] forensic.forensic_api.windows (windows.py:287): /_forensic/windows POST: Fenster 'b1de0a1f-3b7c-4ce1-81c7-a2324ccd5457' (Rolle 'main') registriert
2026-06-07 11:32:50 [DEBUG   ] forensic.server.http_server (http_server.py:115): HTTP "POST /_forensic/windows HTTP/1.1" 200 -
2026-06-07 11:32:50 [DEBUG   ] forensic.server.http_server (http_server.py:115): HTTP "POST /_forensic/windows HTTP/1.1" 200 -
2026-06-07 11:33:05 [DEBUG   ] forensic.server.router (router.py:104): Router: POST /_forensic/windows (ajax=True)
2026-06-07 11:33:05 [DEBUG   ] forensic.forensic_api.windows (windows.py:287): /_forensic/windows POST: Fenster '942b34a1-447a-429c-9c15-a32b1aded594' (Rolle 'userinfo') registriert
2026-06-07 11:33:05 [DEBUG   ] forensic.server.http_server (http_server.py:115): HTTP "POST /_forensic/windows HTTP/1.1" 200 -
2026-06-07 11:33:10 [DEBUG   ] forensic (main.py:467): Watchdog: Heartbeat (Dump: 'logs/freeze_dump.txt')
2026-06-07 11:33:15 [DEBUG   ] forensic.server.router (router.py:104): Router: POST /_forensic/windows (ajax=True)
2026-06-07 11:33:15 [DEBUG   ] forensic.forensic_api.windows (windows.py:287): /_forensic/windows POST: Fenster '44099e4e-7fb1-4cda-8048-090e8be06c9e' (Rolle 'report') registriert
2026-06-07 11:33:15 [DEBUG   ] forensic.server.http_server (http_server.py:115): HTTP "POST /_forensic/windows HTTP/1.1" 200 -
2026-06-07 11:33:18 [DEBUG   ] forensic.server.router (router.py:104): Router: POST /_forensic/windows (ajax=True)
2026-06-07 11:33:18 [DEBUG   ] forensic.forensic_api.windows (windows.py:287): /_forensic/windows POST: Fenster '28647da4-1b6f-40de-8490-df54938e70d5' (Rolle 'userinfo') registriert
2026-06-07 11:33:18 [DEBUG   ] forensic.server.http_server (http_server.py:115): HTTP "POST /_forensic/windows HTTP/1.1" 200 -
2026-06-07 11:33:35 [DEBUG   ] forensic.server.router (router.py:104): Router: POST /_forensic/windows (ajax=True)
2026-06-07 11:33:35 [DEBUG   ] forensic.forensic_api.windows (windows.py:287): /_forensic/windows POST: Fenster '942b34a1-447a-429c-9c15-a32b1aded594' (Rolle 'userinfo') registriert
2026-06-07 11:33:35 [DEBUG   ] forensic.server.http_server (http_server.py:115): HTTP "POST /_forensic/windows HTTP/1.1" 200 -
2026-06-07 11:33:40 [DEBUG   ] forensic (main.py:467): Watchdog: Heartbeat (Dump: 'logs/freeze_dump.txt')
2026-06-07 11:33:45 [DEBUG   ] forensic.server.router (router.py:104): Router: POST /_forensic/windows (ajax=True)
2026-06-07 11:33:45 [DEBUG   ] forensic.forensic_api.windows (windows.py:287): /_forensic/windows POST: Fenster '44099e4e-7fb1-4cda-8048-090e8be06c9e' (Rolle 'report') registriert
2026-06-07 11:33:45 [DEBUG   ] forensic.server.http_server (http_server.py:115): HTTP "POST /_forensic/windows HTTP/1.1" 200 -
2026-06-07 11:33:48 [DEBUG   ] forensic.server.router (router.py:104): Router: POST /_forensic/windows (ajax=True)
2026-06-07 11:33:48 [DEBUG   ] forensic.forensic_api.windows (windows.py:287): /_forensic/windows POST: Fenster '28647da4-1b6f-40de-8490-df54938e70d5' (Rolle 'userinfo') registriert
2026-06-07 11:33:48 [DEBUG   ] forensic.server.http_server (http_server.py:115): HTTP "POST /_forensic/windows HTTP/1.1" 200 -
2026-06-07 11:33:50 [DEBUG   ] forensic.server.router (router.py:104): Router: POST /_forensic/windows (ajax=True)
2026-06-07 11:33:50 [DEBUG   ] forensic.forensic_api.windows (windows.py:287): /_forensic/windows POST: Fenster 'b1de0a1f-3b7c-4ce1-81c7-a2324ccd5457' (Rolle 'main') registriert
2026-06-07 11:33:50 [DEBUG   ] forensic.server.http_server (http_server.py:115): HTTP "POST /_forensic/windows HTTP/1.1" 200 -
2026-06-07 11:33:50 [DEBUG   ] forensic.server.router (router.py:104): Router: POST /_forensic/windows (ajax=True)
2026-06-07 11:33:50 [DEBUG   ] forensic.forensic_api.windows (windows.py:287): /_forensic/windows POST: Fenster '54b291e0-d5b9-4ee9-9c22-ed7c298da892' (Rolle 'userinfo') registriert
2026-06-07 11:33:50 [DEBUG   ] forensic.server.http_server (http_server.py:115): HTTP "POST /_forensic/windows HTTP/1.1" 200 -
2026-06-07 11:33:50 [DEBUG   ] forensic.server.router (router.py:104): Router: POST /_forensic/windows (ajax=True)
2026-06-07 11:33:50 [DEBUG   ] forensic.forensic_api.windows (windows.py:287): /_forensic/windows POST: Fenster 'b5a348af-e19a-4333-9881-9c2ccba8b299' (Rolle 'userinfo') registriert
2026-06-07 11:33:50 [DEBUG   ] forensic.server.http_server (http_server.py:115): HTTP "POST /_forensic/windows HTTP/1.1" 200 -
2026-06-07 11:33:50 [DEBUG   ] forensic.server.router (router.py:104): Router: POST /_forensic/windows (ajax=True)
2026-06-07 11:33:50 [DEBUG   ] forensic.server.router (router.py:104): Router: POST /_forensic/windows (ajax=True)
2026-06-07 11:33:50 [DEBUG   ] forensic.forensic_api.windows (windows.py:287): /_forensic/windows POST: Fenster '6c9c384f-d503-449b-a512-06c973b9d079' (Rolle 'main') registriert
2026-06-07 11:33:50 [DEBUG   ] forensic.server.http_server (http_server.py:115): HTTP "POST /_forensic/windows HTTP/1.1" 200 -
2026-06-07 11:33:50 [DEBUG   ] forensic.forensic_api.windows (windows.py:287): /_forensic/windows POST: Fenster 'd9b13c53-24c0-4fcf-ab16-934ebfc3a992' (Rolle 'report') registriert
2026-06-07 11:33:50 [DEBUG   ] forensic.server.http_server (http_server.py:115): HTTP "POST /_forensic/windows HTTP/1.1" 200 -
2026-06-07 11:34:05 [DEBUG   ] forensic.server.router (router.py:104): Router: POST /_forensic/windows (ajax=True)
2026-06-07 11:34:05 [DEBUG   ] forensic.forensic_api.windows (windows.py:287): /_forensic/windows POST: Fenster '942b34a1-447a-429c-9c15-a32b1aded594' (Rolle 'userinfo') registriert
2026-06-07 11:34:05 [DEBUG   ] forensic.server.http_server (http_server.py:115): HTTP "POST /_forensic/windows HTTP/1.1" 200 -
2026-06-07 11:34:10 [DEBUG   ] forensic (main.py:467): Watchdog: Heartbeat (Dump: 'logs/freeze_dump.txt')
2026-06-07 11:34:15 [DEBUG   ] forensic.server.router (router.py:104): Router: POST /_forensic/windows (ajax=True)
2026-06-07 11:34:15 [DEBUG   ] forensic.forensic_api.windows (windows.py:287): /_forensic/windows POST: Fenster '44099e4e-7fb1-4cda-8048-090e8be06c9e' (Rolle 'report') registriert
2026-06-07 11:34:15 [DEBUG   ] forensic.server.http_server (http_server.py:115): HTTP "POST /_forensic/windows HTTP/1.1" 200 -
2026-06-07 11:34:18 [DEBUG   ] forensic.server.router (router.py:104): Router: POST /_forensic/windows (ajax=True)
2026-06-07 11:34:18 [DEBUG   ] forensic.forensic_api.windows (windows.py:287): /_forensic/windows POST: Fenster '28647da4-1b6f-40de-8490-df54938e70d5' (Rolle 'userinfo') registriert
2026-06-07 11:34:18 [DEBUG   ] forensic.server.http_server (http_server.py:115): HTTP "POST /_forensic/windows HTTP/1.1" 200 -
2026-06-07 11:34:35 [DEBUG   ] forensic.server.router (router.py:104): Router: POST /_forensic/windows (ajax=True)
2026-06-07 11:34:35 [DEBUG   ] forensic.forensic_api.windows (windows.py:287): /_forensic/windows POST: Fenster '942b34a1-447a-429c-9c15-a32b1aded594' (Rolle 'userinfo') registriert
2026-06-07 11:34:35 [DEBUG   ] forensic.server.http_server (http_server.py:115): HTTP "POST /_forensic/windows HTTP/1.1" 200 -
2026-06-07 11:34:40 [DEBUG   ] forensic (main.py:467): Watchdog: Heartbeat (Dump: 'logs/freeze_dump.txt')
2026-06-07 11:34:45 [DEBUG   ] forensic.server.router (router.py:104): Router: POST /_forensic/windows (ajax=True)
2026-06-07 11:34:45 [DEBUG   ] forensic.forensic_api.windows (windows.py:287): /_forensic/windows POST: Fenster '44099e4e-7fb1-4cda-8048-090e8be06c9e' (Rolle 'report') registriert
2026-06-07 11:34:45 [DEBUG   ] forensic.server.http_server (http_server.py:115): HTTP "POST /_forensic/windows HTTP/1.1" 200 -
2026-06-07 11:34:48 [DEBUG   ] forensic.server.router (router.py:104): Router: POST /_forensic/windows (ajax=True)
2026-06-07 11:34:48 [DEBUG   ] forensic.forensic_api.windows (windows.py:287): /_forensic/windows POST: Fenster '28647da4-1b6f-40de-8490-df54938e70d5' (Rolle 'userinfo') registriert
2026-06-07 11:34:48 [DEBUG   ] forensic.server.http_server (http_server.py:115): HTTP "POST /_forensic/windows HTTP/1.1" 200 -
2026-06-07 11:34:50 [DEBUG   ] forensic.server.router (router.py:104): Router: POST /_forensic/windows (ajax=True)
2026-06-07 11:34:50 [DEBUG   ] forensic.server.router (router.py:104): Router: POST /_forensic/windows (ajax=True)
2026-06-07 11:34:50 [DEBUG   ] forensic.forensic_api.windows (windows.py:287): /_forensic/windows POST: Fenster 'b1de0a1f-3b7c-4ce1-81c7-a2324ccd5457' (Rolle 'main') registriert
2026-06-07 11:34:50 [DEBUG   ] forensic.server.http_server (http_server.py:115): HTTP "POST /_forensic/windows HTTP/1.1" 200 -
2026-06-07 11:34:50 [DEBUG   ] forensic.forensic_api.windows (windows.py:287): /_forensic/windows POST: Fenster '54b291e0-d5b9-4ee9-9c22-ed7c298da892' (Rolle 'userinfo') registriert
2026-06-07 11:34:50 [DEBUG   ] forensic.server.http_server (http_server.py:115): HTTP "POST /_forensic/windows HTTP/1.1" 200 -
2026-06-07 11:34:50 [DEBUG   ] forensic.server.router (router.py:104): Router: POST /_forensic/windows (ajax=True)
2026-06-07 11:34:50 [DEBUG   ] forensic.forensic_api.windows (windows.py:287): /_forensic/windows POST: Fenster 'b5a348af-e19a-4333-9881-9c2ccba8b299' (Rolle 'userinfo') registriert
2026-06-07 11:34:50 [DEBUG   ] forensic.server.http_server (http_server.py:115): HTTP "POST /_forensic/windows HTTP/1.1" 200 -
2026-06-07 11:34:50 [DEBUG   ] forensic.server.router (router.py:104): Router: POST /_forensic/windows (ajax=True)
2026-06-07 11:34:50 [DEBUG   ] forensic.forensic_api.windows (windows.py:287): /_forensic/windows POST: Fenster '6c9c384f-d503-449b-a512-06c973b9d079' (Rolle 'main') registriert
2026-06-07 11:34:50 [DEBUG   ] forensic.server.http_server (http_server.py:115): HTTP "POST /_forensic/windows HTTP/1.1" 200 -
2026-06-07 11:34:50 [DEBUG   ] forensic.server.router (router.py:104): Router: POST /_forensic/windows (ajax=True)
2026-06-07 11:34:50 [DEBUG   ] forensic.forensic_api.windows (windows.py:287): /_forensic/windows POST: Fenster 'd9b13c53-24c0-4fcf-ab16-934ebfc3a992' (Rolle 'report') registriert
2026-06-07 11:34:50 [DEBUG   ] forensic.server.http_server (http_server.py:115): HTTP "POST /_forensic/windows HTTP/1.1" 200 -
2026-06-07 11:34:57 [DEBUG   ] forensic.server.router (router.py:104): Router: GET /_forensic/placeholders/values (ajax=True)
2026-06-07 11:34:57 [DEBUG   ] forensic.server.http_server (http_server.py:115): HTTP "GET /_forensic/placeholders/values?report_id=1 HTTP/1.1" 200 -
2026-06-07 11:35:01 [DEBUG   ] forensic.server.router (router.py:104): Router: POST /_forensic/report (ajax=False)
2026-06-07 11:35:01 [DEBUG   ] forensic.server.http_server (http_server.py:115): HTTP "POST /_forensic/report HTTP/1.1" 423 -
2026-06-07 11:35:02 [DEBUG   ] forensic.server.router (router.py:104): Router: GET /_forensic/placeholders/values (ajax=True)
2026-06-07 11:35:02 [DEBUG   ] forensic.server.http_server (http_server.py:115): HTTP "GET /_forensic/placeholders/values?report_id=1 HTTP/1.1" 200 -
2026-06-07 11:35:05 [DEBUG   ] forensic.server.router (router.py:104): Router: POST /_forensic/windows (ajax=True)
2026-06-07 11:35:05 [DEBUG   ] forensic.forensic_api.windows (windows.py:287): /_forensic/windows POST: Fenster '942b34a1-447a-429c-9c15-a32b1aded594' (Rolle 'userinfo') registriert
2026-06-07 11:35:05 [DEBUG   ] forensic.server.http_server (http_server.py:115): HTTP "POST /_forensic/windows HTTP/1.1" 200 -
2026-06-07 11:35:10 [DEBUG   ] forensic (main.py:467): Watchdog: Heartbeat (Dump: 'logs/freeze_dump.txt')
2026-06-07 11:35:15 [DEBUG   ] forensic.server.router (router.py:104): Router: POST /_forensic/windows (ajax=True)
2026-06-07 11:35:15 [DEBUG   ] forensic.forensic_api.windows (windows.py:287): /_forensic/windows POST: Fenster '44099e4e-7fb1-4cda-8048-090e8be06c9e' (Rolle 'report') registriert
2026-06-07 11:35:15 [DEBUG   ] forensic.server.http_server (http_server.py:115): HTTP "POST /_forensic/windows HTTP/1.1" 200 -
2026-06-07 11:35:18 [DEBUG   ] forensic.server.router (router.py:104): Router: POST /_forensic/windows (ajax=True)
2026-06-07 11:35:18 [DEBUG   ] forensic.forensic_api.windows (windows.py:287): /_forensic/windows POST: Fenster '28647da4-1b6f-40de-8490-df54938e70d5' (Rolle 'userinfo') registriert
2026-06-07 11:35:18 [DEBUG   ] forensic.server.http_server (http_server.py:115): HTTP "POST /_forensic/windows HTTP/1.1" 200 -
2026-06-07 11:35:32 [DEBUG   ] forensic.server.router (router.py:104): Router: POST /_forensic/report (ajax=False)
2026-06-07 11:35:32 [DEBUG   ] forensic.server.http_server (http_server.py:115): HTTP "POST /_forensic/report HTTP/1.1" 423 -
2026-06-07 11:35:32 [DEBUG   ] forensic.server.router (router.py:104): Router: POST /_forensic/report (ajax=False)
2026-06-07 11:35:32 [DEBUG   ] forensic.server.http_server (http_server.py:115): HTTP "POST /_forensic/report HTTP/1.1" 423 -
2026-06-07 11:35:32 [DEBUG   ] forensic.server.router (router.py:104): Router: POST /_forensic/report (ajax=False)
2026-06-07 11:35:32 [DEBUG   ] forensic.server.http_server (http_server.py:115): HTTP "POST /_forensic/report HTTP/1.1" 423 -
2026-06-07 11:35:32 [DEBUG   ] forensic.server.router (router.py:104): Router: POST /_forensic/report (ajax=False)
2026-06-07 11:35:32 [DEBUG   ] forensic.server.http_server (http_server.py:115): HTTP "POST /_forensic/report HTTP/1.1" 423 -
2026-06-07 11:35:32 [DEBUG   ] forensic.server.router (router.py:104): Router: GET /_forensic/report (ajax=True)
2026-06-07 11:35:32 [DEBUG   ] forensic.server.http_server (http_server.py:115): HTTP "GET /_forensic/report?format=json&report_id=1 HTTP/1.1" 200 -
2026-06-07 11:35:35 [DEBUG   ] forensic.server.router (router.py:104): Router: POST /_forensic/windows (ajax=True)
2026-06-07 11:35:35 [DEBUG   ] forensic.forensic_api.windows (windows.py:287): /_forensic/windows POST: Fenster '942b34a1-447a-429c-9c15-a32b1aded594' (Rolle 'userinfo') registriert
2026-06-07 11:35:35 [DEBUG   ] forensic.server.http_server (http_server.py:115): HTTP "POST /_forensic/windows HTTP/1.1" 200 -
2026-06-07 11:35:40 [DEBUG   ] forensic (main.py:467): Watchdog: Heartbeat (Dump: 'logs/freeze_dump.txt')
2026-06-07 11:35:45 [DEBUG   ] forensic.server.router (router.py:104): Router: POST /_forensic/windows (ajax=True)
2026-06-07 11:35:45 [DEBUG   ] forensic.forensic_api.windows (windows.py:287): /_forensic/windows POST: Fenster '44099e4e-7fb1-4cda-8048-090e8be06c9e' (Rolle 'report') registriert
2026-06-07 11:35:45 [DEBUG   ] forensic.server.http_server (http_server.py:115): HTTP "POST /_forensic/windows HTTP/1.1" 200 -
2026-06-07 11:35:48 [DEBUG   ] forensic.server.router (router.py:104): Router: POST /_forensic/windows (ajax=True)
2026-06-07 11:35:48 [DEBUG   ] forensic.forensic_api.windows (windows.py:287): /_forensic/windows POST: Fenster '28647da4-1b6f-40de-8490-df54938e70d5' (Rolle 'userinfo') registriert
2026-06-07 11:35:48 [DEBUG   ] forensic.server.http_server (http_server.py:115): HTTP "POST /_forensic/windows HTTP/1.1" 200 -
2026-06-07 11:35:50 [DEBUG   ] forensic.server.router (router.py:104): Router: POST /_forensic/windows (ajax=True)
2026-06-07 11:35:50 [DEBUG   ] forensic.forensic_api.windows (windows.py:287): /_forensic/windows POST: Fenster 'b1de0a1f-3b7c-4ce1-81c7-a2324ccd5457' (Rolle 'main') registriert
2026-06-07 11:35:50 [DEBUG   ] forensic.server.router (router.py:104): Router: POST /_forensic/windows (ajax=True)
2026-06-07 11:35:50 [DEBUG   ] forensic.server.router (router.py:104): Router: POST /_forensic/windows (ajax=True)
2026-06-07 11:35:50 [DEBUG   ] forensic.server.router (router.py:104): Router: POST /_forensic/windows (ajax=True)
2026-06-07 11:35:50 [DEBUG   ] forensic.forensic_api.windows (windows.py:287): /_forensic/windows POST: Fenster '54b291e0-d5b9-4ee9-9c22-ed7c298da892' (Rolle 'userinfo') registriert
2026-06-07 11:35:50 [DEBUG   ] forensic.server.http_server (http_server.py:115): HTTP "POST /_forensic/windows HTTP/1.1" 200 -
2026-06-07 11:35:50 [DEBUG   ] forensic.forensic_api.windows (windows.py:287): /_forensic/windows POST: Fenster 'b5a348af-e19a-4333-9881-9c2ccba8b299' (Rolle 'userinfo') registriert
2026-06-07 11:35:50 [DEBUG   ] forensic.forensic_api.windows (windows.py:287): /_forensic/windows POST: Fenster '6c9c384f-d503-449b-a512-06c973b9d079' (Rolle 'main') registriert
2026-06-07 11:35:50 [DEBUG   ] forensic.server.http_server (http_server.py:115): HTTP "POST /_forensic/windows HTTP/1.1" 200 -
2026-06-07 11:35:50 [DEBUG   ] forensic.server.router (router.py:104): Router: POST /_forensic/windows (ajax=True)
2026-06-07 11:35:50 [DEBUG   ] forensic.forensic_api.windows (windows.py:287): /_forensic/windows POST: Fenster 'd9b13c53-24c0-4fcf-ab16-934ebfc3a992' (Rolle 'report') registriert
2026-06-07 11:35:50 [DEBUG   ] forensic.server.http_server (http_server.py:115): HTTP "POST /_forensic/windows HTTP/1.1" 200 -
2026-06-07 11:35:50 [DEBUG   ] forensic.server.http_server (http_server.py:115): HTTP "POST /_forensic/windows HTTP/1.1" 200 -
2026-06-07 11:35:50 [DEBUG   ] forensic.server.http_server (http_server.py:115): HTTP "POST /_forensic/windows HTTP/1.1" 200 -
2026-06-07 11:36:05 [DEBUG   ] forensic.server.router (router.py:104): Router: POST /_forensic/windows (ajax=True)
2026-06-07 11:36:05 [DEBUG   ] forensic.forensic_api.windows (windows.py:287): /_forensic/windows POST: Fenster '942b34a1-447a-429c-9c15-a32b1aded594' (Rolle 'userinfo') registriert
2026-06-07 11:36:05 [DEBUG   ] forensic.server.http_server (http_server.py:115): HTTP "POST /_forensic/windows HTTP/1.1" 200 -
2026-06-07 11:36:10 [DEBUG   ] forensic (main.py:467): Watchdog: Heartbeat (Dump: 'logs/freeze_dump.txt')
2026-06-07 11:36:15 [DEBUG   ] forensic.server.router (router.py:104): Router: POST /_forensic/windows (ajax=True)
2026-06-07 11:36:15 [DEBUG   ] forensic.forensic_api.windows (windows.py:287): /_forensic/windows POST: Fenster '44099e4e-7fb1-4cda-8048-090e8be06c9e' (Rolle 'report') registriert
2026-06-07 11:36:15 [DEBUG   ] forensic.server.http_server (http_server.py:115): HTTP "POST /_forensic/windows HTTP/1.1" 200 -
2026-06-07 11:36:18 [DEBUG   ] forensic.server.router (router.py:104): Router: POST /_forensic/windows (ajax=True)
2026-06-07 11:36:18 [DEBUG   ] forensic.forensic_api.windows (windows.py:287): /_forensic/windows POST: Fenster '28647da4-1b6f-40de-8490-df54938e70d5' (Rolle 'userinfo') registriert
2026-06-07 11:36:18 [DEBUG   ] forensic.server.http_server (http_server.py:115): HTTP "POST /_forensic/windows HTTP/1.1" 200 -
2026-06-07 11:36:35 [DEBUG   ] forensic.server.router (router.py:104): Router: POST /_forensic/windows (ajax=True)
2026-06-07 11:36:35 [DEBUG   ] forensic.forensic_api.windows (windows.py:287): /_forensic/windows POST: Fenster '942b34a1-447a-429c-9c15-a32b1aded594' (Rolle 'userinfo') registriert
2026-06-07 11:36:35 [DEBUG   ] forensic.server.http_server (http_server.py:115): HTTP "POST /_forensic/windows HTTP/1.1" 200 -
2026-06-07 11:36:40 [DEBUG   ] forensic (main.py:467): Watchdog: Heartbeat (Dump: 'logs/freeze_dump.txt')
2026-06-07 11:36:45 [DEBUG   ] forensic.server.router (router.py:104): Router: POST /_forensic/windows (ajax=True)
2026-06-07 11:36:45 [DEBUG   ] forensic.forensic_api.windows (windows.py:287): /_forensic/windows POST: Fenster '44099e4e-7fb1-4cda-8048-090e8be06c9e' (Rolle 'report') registriert
2026-06-07 11:36:45 [DEBUG   ] forensic.server.http_server (http_server.py:115): HTTP "POST /_forensic/windows HTTP/1.1" 200 -
2026-06-07 11:36:48 [DEBUG   ] forensic.server.router (router.py:104): Router: POST /_forensic/windows (ajax=True)
2026-06-07 11:36:48 [DEBUG   ] forensic.forensic_api.windows (windows.py:287): /_forensic/windows POST: Fenster '28647da4-1b6f-40de-8490-df54938e70d5' (Rolle 'userinfo') registriert
2026-06-07 11:36:48 [DEBUG   ] forensic.server.http_server (http_server.py:115): HTTP "POST /_forensic/windows HTTP/1.1" 200 -
2026-06-07 11:36:50 [DEBUG   ] forensic.server.router (router.py:104): Router: POST /_forensic/windows (ajax=True)
2026-06-07 11:36:50 [DEBUG   ] forensic.forensic_api.windows (windows.py:287): /_forensic/windows POST: Fenster '54b291e0-d5b9-4ee9-9c22-ed7c298da892' (Rolle 'userinfo') registriert
2026-06-07 11:36:50 [DEBUG   ] forensic.server.router (router.py:104): Router: POST /_forensic/windows (ajax=True)
2026-06-07 11:36:50 [DEBUG   ] forensic.server.router (router.py:104): Router: POST /_forensic/windows (ajax=True)
2026-06-07 11:36:50 [DEBUG   ] forensic.server.router (router.py:104): Router: POST /_forensic/windows (ajax=True)
2026-06-07 11:36:50 [DEBUG   ] forensic.server.http_server (http_server.py:115): HTTP "POST /_forensic/windows HTTP/1.1" 200 -
2026-06-07 11:36:50 [DEBUG   ] forensic.forensic_api.windows (windows.py:287): /_forensic/windows POST: Fenster 'b5a348af-e19a-4333-9881-9c2ccba8b299' (Rolle 'userinfo') registriert
2026-06-07 11:36:50 [DEBUG   ] forensic.forensic_api.windows (windows.py:287): /_forensic/windows POST: Fenster 'b1de0a1f-3b7c-4ce1-81c7-a2324ccd5457' (Rolle 'main') registriert
2026-06-07 11:36:50 [DEBUG   ] forensic.forensic_api.windows (windows.py:287): /_forensic/windows POST: Fenster 'd9b13c53-24c0-4fcf-ab16-934ebfc3a992' (Rolle 'report') registriert
2026-06-07 11:36:50 [DEBUG   ] forensic.server.http_server (http_server.py:115): HTTP "POST /_forensic/windows HTTP/1.1" 200 -
2026-06-07 11:36:50 [DEBUG   ] forensic.server.http_server (http_server.py:115): HTTP "POST /_forensic/windows HTTP/1.1" 200 -
2026-06-07 11:36:50 [DEBUG   ] forensic.server.router (router.py:104): Router: POST /_forensic/windows (ajax=True)
2026-06-07 11:36:50 [DEBUG   ] forensic.forensic_api.windows (windows.py:287): /_forensic/windows POST: Fenster '6c9c384f-d503-449b-a512-06c973b9d079' (Rolle 'main') registriert
2026-06-07 11:36:50 [DEBUG   ] forensic.server.http_server (http_server.py:115): HTTP "POST /_forensic/windows HTTP/1.1" 200 -
2026-06-07 11:36:50 [DEBUG   ] forensic.server.http_server (http_server.py:115): HTTP "POST /_forensic/windows HTTP/1.1" 200 -
2026-06-07 11:37:05 [DEBUG   ] forensic.server.router (router.py:104): Router: POST /_forensic/windows (ajax=True)
2026-06-07 11:37:05 [DEBUG   ] forensic.forensic_api.windows (windows.py:287): /_forensic/windows POST: Fenster '942b34a1-447a-429c-9c15-a32b1aded594' (Rolle 'userinfo') registriert
2026-06-07 11:37:05 [DEBUG   ] forensic.server.http_server (http_server.py:115): HTTP "POST /_forensic/windows HTTP/1.1" 200 -
2026-06-07 11:37:10 [DEBUG   ] forensic (main.py:467): Watchdog: Heartbeat (Dump: 'logs/freeze_dump.txt')
2026-06-07 11:37:15 [DEBUG   ] forensic.server.router (router.py:104): Router: POST /_forensic/windows (ajax=True)
2026-06-07 11:37:15 [DEBUG   ] forensic.forensic_api.windows (windows.py:287): /_forensic/windows POST: Fenster '44099e4e-7fb1-4cda-8048-090e8be06c9e' (Rolle 'report') registriert
2026-06-07 11:37:15 [DEBUG   ] forensic.server.http_server (http_server.py:115): HTTP "POST /_forensic/windows HTTP/1.1" 200 -
2026-06-07 11:37:18 [DEBUG   ] forensic.server.router (router.py:104): Router: POST /_forensic/windows (ajax=True)
2026-06-07 11:37:18 [DEBUG   ] forensic.forensic_api.windows (windows.py:287): /_forensic/windows POST: Fenster '28647da4-1b6f-40de-8490-df54938e70d5' (Rolle 'userinfo') registriert
2026-06-07 11:37:18 [DEBUG   ] forensic.server.http_server (http_server.py:115): HTTP "POST /_forensic/windows HTTP/1.1" 200 -
2026-06-07 11:37:35 [DEBUG   ] forensic.server.router (router.py:104): Router: POST /_forensic/windows (ajax=True)
2026-06-07 11:37:35 [DEBUG   ] forensic.forensic_api.windows (windows.py:287): /_forensic/windows POST: Fenster '942b34a1-447a-429c-9c15-a32b1aded594' (Rolle 'userinfo') registriert
2026-06-07 11:37:35 [DEBUG   ] forensic.server.http_server (http_server.py:115): HTTP "POST /_forensic/windows HTTP/1.1" 200 -
2026-06-07 11:37:40 [DEBUG   ] forensic (main.py:467): Watchdog: Heartbeat (Dump: 'logs/freeze_dump.txt')
2026-06-07 11:37:45 [DEBUG   ] forensic.server.router (router.py:104): Router: POST /_forensic/windows (ajax=True)
2026-06-07 11:37:45 [DEBUG   ] forensic.forensic_api.windows (windows.py:287): /_forensic/windows POST: Fenster '44099e4e-7fb1-4cda-8048-090e8be06c9e' (Rolle 'report') registriert
2026-06-07 11:37:45 [DEBUG   ] forensic.server.http_server (http_server.py:115): HTTP "POST /_forensic/windows HTTP/1.1" 200 -
2026-06-07 11:37:48 [DEBUG   ] forensic.server.router (router.py:104): Router: POST /_forensic/windows (ajax=True)
2026-06-07 11:37:48 [DEBUG   ] forensic.forensic_api.windows (windows.py:287): /_forensic/windows POST: Fenster '28647da4-1b6f-40de-8490-df54938e70d5' (Rolle 'userinfo') registriert
2026-06-07 11:37:48 [DEBUG   ] forensic.server.http_server (http_server.py:115): HTTP "POST /_forensic/windows HTTP/1.1" 200 -
2026-06-07 11:37:50 [DEBUG   ] forensic.server.router (router.py:104): Router: POST /_forensic/windows (ajax=True)
2026-06-07 11:37:50 [DEBUG   ] forensic.forensic_api.windows (windows.py:287): /_forensic/windows POST: Fenster '54b291e0-d5b9-4ee9-9c22-ed7c298da892' (Rolle 'userinfo') registriert
2026-06-07 11:37:50 [DEBUG   ] forensic.server.http_server (http_server.py:115): HTTP "POST /_forensic/windows HTTP/1.1" 200 -
2026-06-07 11:37:50 [DEBUG   ] forensic.server.router (router.py:104): Router: POST /_forensic/windows (ajax=True)
2026-06-07 11:37:50 [DEBUG   ] forensic.forensic_api.windows (windows.py:287): /_forensic/windows POST: Fenster 'b1de0a1f-3b7c-4ce1-81c7-a2324ccd5457' (Rolle 'main') registriert
2026-06-07 11:37:50 [DEBUG   ] forensic.server.http_server (http_server.py:115): HTTP "POST /_forensic/windows HTTP/1.1" 200 -
2026-06-07 11:37:50 [DEBUG   ] forensic.server.router (router.py:104): Router: POST /_forensic/windows (ajax=True)
2026-06-07 11:37:50 [DEBUG   ] forensic.forensic_api.windows (windows.py:287): /_forensic/windows POST: Fenster 'b5a348af-e19a-4333-9881-9c2ccba8b299' (Rolle 'userinfo') registriert
2026-06-07 11:37:50 [DEBUG   ] forensic.server.http_server (http_server.py:115): HTTP "POST /_forensic/windows HTTP/1.1" 200 -
2026-06-07 11:37:50 [DEBUG   ] forensic.server.router (router.py:104): Router: POST /_forensic/windows (ajax=True)
2026-06-07 11:37:50 [DEBUG   ] forensic.forensic_api.windows (windows.py:287): /_forensic/windows POST: Fenster '6c9c384f-d503-449b-a512-06c973b9d079' (Rolle 'main') registriert
2026-06-07 11:37:50 [DEBUG   ] forensic.server.http_server (http_server.py:115): HTTP "POST /_forensic/windows HTTP/1.1" 200 -
2026-06-07 11:37:50 [DEBUG   ] forensic.server.router (router.py:104): Router: POST /_forensic/windows (ajax=True)
2026-06-07 11:37:50 [DEBUG   ] forensic.forensic_api.windows (windows.py:287): /_forensic/windows POST: Fenster 'd9b13c53-24c0-4fcf-ab16-934ebfc3a992' (Rolle 'report') registriert
2026-06-07 11:37:50 [DEBUG   ] forensic.server.http_server (http_server.py:115): HTTP "POST /_forensic/windows HTTP/1.1" 200 -
2026-06-07 11:38:05 [DEBUG   ] forensic.server.router (router.py:104): Router: POST /_forensic/windows (ajax=True)
2026-06-07 11:38:05 [DEBUG   ] forensic.forensic_api.windows (windows.py:287): /_forensic/windows POST: Fenster '942b34a1-447a-429c-9c15-a32b1aded594' (Rolle 'userinfo') registriert
2026-06-07 11:38:05 [DEBUG   ] forensic.server.http_server (http_server.py:115): HTTP "POST /_forensic/windows HTTP/1.1" 200 -
2026-06-07 11:38:10 [DEBUG   ] forensic (main.py:467): Watchdog: Heartbeat (Dump: 'logs/freeze_dump.txt')
2026-06-07 11:38:15 [DEBUG   ] forensic.server.router (router.py:104): Router: POST /_forensic/windows (ajax=True)
2026-06-07 11:38:15 [DEBUG   ] forensic.forensic_api.windows (windows.py:287): /_forensic/windows POST: Fenster '44099e4e-7fb1-4cda-8048-090e8be06c9e' (Rolle 'report') registriert
2026-06-07 11:38:15 [DEBUG   ] forensic.server.http_server (http_server.py:115): HTTP "POST /_forensic/windows HTTP/1.1" 200 -
2026-06-07 11:38:18 [DEBUG   ] forensic.server.router (router.py:104): Router: POST /_forensic/windows (ajax=True)
2026-06-07 11:38:18 [DEBUG   ] forensic.forensic_api.windows (windows.py:287): /_forensic/windows POST: Fenster '28647da4-1b6f-40de-8490-df54938e70d5' (Rolle 'userinfo') registriert
2026-06-07 11:38:18 [DEBUG   ] forensic.server.http_server (http_server.py:115): HTTP "POST /_forensic/windows HTTP/1.1" 200 -
2026-06-07 11:38:35 [DEBUG   ] forensic.server.router (router.py:104): Router: POST /_forensic/windows (ajax=True)
2026-06-07 11:38:35 [DEBUG   ] forensic.forensic_api.windows (windows.py:287): /_forensic/windows POST: Fenster '942b34a1-447a-429c-9c15-a32b1aded594' (Rolle 'userinfo') registriert
2026-06-07 11:38:35 [DEBUG   ] forensic.server.http_server (http_server.py:115): HTTP "POST /_forensic/windows HTTP/1.1" 200 -
2026-06-07 11:38:40 [DEBUG   ] forensic (main.py:467): Watchdog: Heartbeat (Dump: 'logs/freeze_dump.txt')
2026-06-07 11:38:45 [DEBUG   ] forensic.server.router (router.py:104): Router: POST /_forensic/windows (ajax=True)
2026-06-07 11:38:45 [DEBUG   ] forensic.forensic_api.windows (windows.py:287): /_forensic/windows POST: Fenster '44099e4e-7fb1-4cda-8048-090e8be06c9e' (Rolle 'report') registriert
2026-06-07 11:38:45 [DEBUG   ] forensic.server.http_server (http_server.py:115): HTTP "POST /_forensic/windows HTTP/1.1" 200 -
2026-06-07 11:38:48 [DEBUG   ] forensic.server.router (router.py:104): Router: POST /_forensic/windows (ajax=True)
2026-06-07 11:38:48 [DEBUG   ] forensic.forensic_api.windows (windows.py:287): /_forensic/windows POST: Fenster '28647da4-1b6f-40de-8490-df54938e70d5' (Rolle 'userinfo') registriert
2026-06-07 11:38:48 [DEBUG   ] forensic.server.http_server (http_server.py:115): HTTP "POST /_forensic/windows HTTP/1.1" 200 -
2026-06-07 11:38:50 [DEBUG   ] forensic.server.router (router.py:104): Router: POST /_forensic/windows (ajax=True)
2026-06-07 11:38:50 [DEBUG   ] forensic.forensic_api.windows (windows.py:287): /_forensic/windows POST: Fenster 'b1de0a1f-3b7c-4ce1-81c7-a2324ccd5457' (Rolle 'main') registriert
2026-06-07 11:38:50 [DEBUG   ] forensic.server.http_server (http_server.py:115): HTTP "POST /_forensic/windows HTTP/1.1" 200 -
2026-06-07 11:38:50 [DEBUG   ] forensic.server.router (router.py:104): Router: POST /_forensic/windows (ajax=True)
2026-06-07 11:38:50 [DEBUG   ] forensic.forensic_api.windows (windows.py:287): /_forensic/windows POST: Fenster '54b291e0-d5b9-4ee9-9c22-ed7c298da892' (Rolle 'userinfo') registriert
2026-06-07 11:38:50 [DEBUG   ] forensic.server.router (router.py:104): Router: POST /_forensic/windows (ajax=True)
2026-06-07 11:38:50 [DEBUG   ] forensic.server.http_server (http_server.py:115): HTTP "POST /_forensic/windows HTTP/1.1" 200 -
2026-06-07 11:38:50 [DEBUG   ] forensic.forensic_api.windows (windows.py:287): /_forensic/windows POST: Fenster 'b5a348af-e19a-4333-9881-9c2ccba8b299' (Rolle 'userinfo') registriert
2026-06-07 11:38:50 [DEBUG   ] forensic.server.http_server (http_server.py:115): HTTP "POST /_forensic/windows HTTP/1.1" 200 -
2026-06-07 11:38:50 [DEBUG   ] forensic.server.router (router.py:104): Router: POST /_forensic/windows (ajax=True)
2026-06-07 11:38:50 [DEBUG   ] forensic.server.router (router.py:104): Router: POST /_forensic/windows (ajax=True)
2026-06-07 11:38:50 [DEBUG   ] forensic.forensic_api.windows (windows.py:287): /_forensic/windows POST: Fenster 'd9b13c53-24c0-4fcf-ab16-934ebfc3a992' (Rolle 'report') registriert
2026-06-07 11:38:50 [DEBUG   ] forensic.forensic_api.windows (windows.py:287): /_forensic/windows POST: Fenster '6c9c384f-d503-449b-a512-06c973b9d079' (Rolle 'main') registriert
2026-06-07 11:38:50 [DEBUG   ] forensic.server.http_server (http_server.py:115): HTTP "POST /_forensic/windows HTTP/1.1" 200 -
2026-06-07 11:38:50 [DEBUG   ] forensic.server.http_server (http_server.py:115): HTTP "POST /_forensic/windows HTTP/1.1" 200 -
2026-06-07 11:39:05 [DEBUG   ] forensic.server.router (router.py:104): Router: POST /_forensic/windows (ajax=True)
2026-06-07 11:39:05 [DEBUG   ] forensic.forensic_api.windows (windows.py:287): /_forensic/windows POST: Fenster '942b34a1-447a-429c-9c15-a32b1aded594' (Rolle 'userinfo') registriert
2026-06-07 11:39:05 [DEBUG   ] forensic.server.http_server (http_server.py:115): HTTP "POST /_forensic/windows HTTP/1.1" 200 -
2026-06-07 11:39:10 [DEBUG   ] forensic (main.py:467): Watchdog: Heartbeat (Dump: 'logs/freeze_dump.txt')
2026-06-07 11:39:15 [DEBUG   ] forensic.server.router (router.py:104): Router: POST /_forensic/windows (ajax=True)
2026-06-07 11:39:15 [DEBUG   ] forensic.forensic_api.windows (windows.py:287): /_forensic/windows POST: Fenster '44099e4e-7fb1-4cda-8048-090e8be06c9e' (Rolle 'report') registriert
2026-06-07 11:39:15 [DEBUG   ] forensic.server.http_server (http_server.py:115): HTTP "POST /_forensic/windows HTTP/1.1" 200 -
2026-06-07 11:39:18 [DEBUG   ] forensic.server.router (router.py:104): Router: POST /_forensic/windows (ajax=True)
2026-06-07 11:39:18 [DEBUG   ] forensic.forensic_api.windows (windows.py:287): /_forensic/windows POST: Fenster '28647da4-1b6f-40de-8490-df54938e70d5' (Rolle 'userinfo') registriert
2026-06-07 11:39:18 [DEBUG   ] forensic.server.http_server (http_server.py:115): HTTP "POST /_forensic/windows HTTP/1.1" 200 -
2026-06-07 11:39:35 [DEBUG   ] forensic.server.router (router.py:104): Router: POST /_forensic/windows (ajax=True)
2026-06-07 11:39:35 [DEBUG   ] forensic.forensic_api.windows (windows.py:287): /_forensic/windows POST: Fenster '942b34a1-447a-429c-9c15-a32b1aded594' (Rolle 'userinfo') registriert
2026-06-07 11:39:35 [DEBUG   ] forensic.server.http_server (http_server.py:115): HTTP "POST /_forensic/windows HTTP/1.1" 200 -
2026-06-07 11:39:40 [DEBUG   ] forensic (main.py:467): Watchdog: Heartbeat (Dump: 'logs/freeze_dump.txt')
2026-06-07 11:39:45 [DEBUG   ] forensic.server.router (router.py:104): Router: POST /_forensic/windows (ajax=True)
2026-06-07 11:39:45 [DEBUG   ] forensic.forensic_api.windows (windows.py:287): /_forensic/windows POST: Fenster '44099e4e-7fb1-4cda-8048-090e8be06c9e' (Rolle 'report') registriert
2026-06-07 11:39:45 [DEBUG   ] forensic.server.http_server (http_server.py:115): HTTP "POST /_forensic/windows HTTP/1.1" 200 -
2026-06-07 11:39:48 [DEBUG   ] forensic.server.router (router.py:104): Router: POST /_forensic/windows (ajax=True)
2026-06-07 11:39:48 [DEBUG   ] forensic.forensic_api.windows (windows.py:287): /_forensic/windows POST: Fenster '28647da4-1b6f-40de-8490-df54938e70d5' (Rolle 'userinfo') registriert
2026-06-07 11:39:48 [DEBUG   ] forensic.server.http_server (http_server.py:115): HTTP "POST /_forensic/windows HTTP/1.1" 200 -
2026-06-07 11:39:50 [DEBUG   ] forensic.server.router (router.py:104): Router: POST /_forensic/windows (ajax=True)
2026-06-07 11:39:50 [DEBUG   ] forensic.server.router (router.py:104): Router: POST /_forensic/windows (ajax=True)
2026-06-07 11:39:50 [DEBUG   ] forensic.forensic_api.windows (windows.py:287): /_forensic/windows POST: Fenster '54b291e0-d5b9-4ee9-9c22-ed7c298da892' (Rolle 'userinfo') registriert
2026-06-07 11:39:50 [DEBUG   ] forensic.server.http_server (http_server.py:115): HTTP "POST /_forensic/windows HTTP/1.1" 200 -
2026-06-07 11:39:50 [DEBUG   ] forensic.forensic_api.windows (windows.py:287): /_forensic/windows POST: Fenster 'b5a348af-e19a-4333-9881-9c2ccba8b299' (Rolle 'userinfo') registriert
2026-06-07 11:39:50 [DEBUG   ] forensic.server.http_server (http_server.py:115): HTTP "POST /_forensic/windows HTTP/1.1" 200 -
2026-06-07 11:39:50 [DEBUG   ] forensic.server.router (router.py:104): Router: POST /_forensic/windows (ajax=True)
2026-06-07 11:39:50 [DEBUG   ] forensic.forensic_api.windows (windows.py:287): /_forensic/windows POST: Fenster '6c9c384f-d503-449b-a512-06c973b9d079' (Rolle 'main') registriert
2026-06-07 11:39:50 [DEBUG   ] forensic.server.http_server (http_server.py:115): HTTP "POST /_forensic/windows HTTP/1.1" 200 -
2026-06-07 11:39:50 [DEBUG   ] forensic.server.router (router.py:104): Router: POST /_forensic/windows (ajax=True)
2026-06-07 11:39:50 [DEBUG   ] forensic.server.router (router.py:104): Router: POST /_forensic/windows (ajax=True)
2026-06-07 11:39:50 [DEBUG   ] forensic.forensic_api.windows (windows.py:287): /_forensic/windows POST: Fenster 'd9b13c53-24c0-4fcf-ab16-934ebfc3a992' (Rolle 'report') registriert
2026-06-07 11:39:50 [DEBUG   ] forensic.server.http_server (http_server.py:115): HTTP "POST /_forensic/windows HTTP/1.1" 200 -
2026-06-07 11:39:50 [DEBUG   ] forensic.forensic_api.windows (windows.py:287): /_forensic/windows POST: Fenster 'b1de0a1f-3b7c-4ce1-81c7-a2324ccd5457' (Rolle 'main') registriert
2026-06-07 11:39:50 [DEBUG   ] forensic.server.http_server (http_server.py:115): HTTP "POST /_forensic/windows HTTP/1.1" 200 -
2026-06-07 11:40:05 [DEBUG   ] forensic.server.router (router.py:104): Router: POST /_forensic/windows (ajax=True)
2026-06-07 11:40:05 [DEBUG   ] forensic.forensic_api.windows (windows.py:287): /_forensic/windows POST: Fenster '942b34a1-447a-429c-9c15-a32b1aded594' (Rolle 'userinfo') registriert
2026-06-07 11:40:05 [DEBUG   ] forensic.server.http_server (http_server.py:115): HTTP "POST /_forensic/windows HTTP/1.1" 200 -
2026-06-07 11:40:10 [DEBUG   ] forensic (main.py:467): Watchdog: Heartbeat (Dump: 'logs/freeze_dump.txt')
2026-06-07 11:40:15 [DEBUG   ] forensic.server.router (router.py:104): Router: POST /_forensic/windows (ajax=True)
2026-06-07 11:40:15 [DEBUG   ] forensic.forensic_api.windows (windows.py:287): /_forensic/windows POST: Fenster '44099e4e-7fb1-4cda-8048-090e8be06c9e' (Rolle 'report') registriert
2026-06-07 11:40:15 [DEBUG   ] forensic.server.http_server (http_server.py:115): HTTP "POST /_forensic/windows HTTP/1.1" 200 -
2026-06-07 11:40:18 [DEBUG   ] forensic.server.router (router.py:104): Router: POST /_forensic/windows (ajax=True)
2026-06-07 11:40:18 [DEBUG   ] forensic.forensic_api.windows (windows.py:287): /_forensic/windows POST: Fenster '28647da4-1b6f-40de-8490-df54938e70d5' (Rolle 'userinfo') registriert
2026-06-07 11:40:18 [DEBUG   ] forensic.server.http_server (http_server.py:115): HTTP "POST /_forensic/windows HTTP/1.1" 200 -
2026-06-07 11:40:35 [DEBUG   ] forensic.server.router (router.py:104): Router: POST /_forensic/windows (ajax=True)
2026-06-07 11:40:35 [DEBUG   ] forensic.forensic_api.windows (windows.py:287): /_forensic/windows POST: Fenster '942b34a1-447a-429c-9c15-a32b1aded594' (Rolle 'userinfo') registriert
2026-06-07 11:40:35 [DEBUG   ] forensic.server.http_server (http_server.py:115): HTTP "POST /_forensic/windows HTTP/1.1" 200 -
2026-06-07 11:40:40 [DEBUG   ] forensic (main.py:467): Watchdog: Heartbeat (Dump: 'logs/freeze_dump.txt')
2026-06-07 11:40:45 [DEBUG   ] forensic.server.router (router.py:104): Router: POST /_forensic/windows (ajax=True)
2026-06-07 11:40:45 [DEBUG   ] forensic.forensic_api.windows (windows.py:287): /_forensic/windows POST: Fenster '44099e4e-7fb1-4cda-8048-090e8be06c9e' (Rolle 'report') registriert
2026-06-07 11:40:45 [DEBUG   ] forensic.server.http_server (http_server.py:115): HTTP "POST /_forensic/windows HTTP/1.1" 200 -
2026-06-07 11:40:48 [DEBUG   ] forensic.server.router (router.py:104): Router: POST /_forensic/windows (ajax=True)
2026-06-07 11:40:48 [DEBUG   ] forensic.forensic_api.windows (windows.py:287): /_forensic/windows POST: Fenster '28647da4-1b6f-40de-8490-df54938e70d5' (Rolle 'userinfo') registriert
2026-06-07 11:40:48 [DEBUG   ] forensic.server.http_server (http_server.py:115): HTTP "POST /_forensic/windows HTTP/1.1" 200 -
2026-06-07 11:40:50 [DEBUG   ] forensic.server.router (router.py:104): Router: POST /_forensic/windows (ajax=True)
2026-06-07 11:40:50 [DEBUG   ] forensic.forensic_api.windows (windows.py:287): /_forensic/windows POST: Fenster '54b291e0-d5b9-4ee9-9c22-ed7c298da892' (Rolle 'userinfo') registriert
2026-06-07 11:40:50 [DEBUG   ] forensic.server.http_server (http_server.py:115): HTTP "POST /_forensic/windows HTTP/1.1" 200 -
2026-06-07 11:40:50 [DEBUG   ] forensic.server.router (router.py:104): Router: POST /_forensic/windows (ajax=True)
2026-06-07 11:40:50 [DEBUG   ] forensic.forensic_api.windows (windows.py:287): /_forensic/windows POST: Fenster 'b1de0a1f-3b7c-4ce1-81c7-a2324ccd5457' (Rolle 'main') registriert
2026-06-07 11:40:50 [DEBUG   ] forensic.server.http_server (http_server.py:115): HTTP "POST /_forensic/windows HTTP/1.1" 200 -
2026-06-07 11:40:50 [DEBUG   ] forensic.server.router (router.py:104): Router: POST /_forensic/windows (ajax=True)
2026-06-07 11:40:50 [DEBUG   ] forensic.forensic_api.windows (windows.py:287): /_forensic/windows POST: Fenster 'b5a348af-e19a-4333-9881-9c2ccba8b299' (Rolle 'userinfo') registriert
2026-06-07 11:40:50 [DEBUG   ] forensic.server.http_server (http_server.py:115): HTTP "POST /_forensic/windows HTTP/1.1" 200 -
2026-06-07 11:40:50 [DEBUG   ] forensic.server.router (router.py:104): Router: POST /_forensic/windows (ajax=True)
2026-06-07 11:40:50 [DEBUG   ] forensic.server.router (router.py:104): Router: POST /_forensic/windows (ajax=True)
2026-06-07 11:40:50 [DEBUG   ] forensic.forensic_api.windows (windows.py:287): /_forensic/windows POST: Fenster 'd9b13c53-24c0-4fcf-ab16-934ebfc3a992' (Rolle 'report') registriert
2026-06-07 11:40:50 [DEBUG   ] forensic.forensic_api.windows (windows.py:287): /_forensic/windows POST: Fenster '6c9c384f-d503-449b-a512-06c973b9d079' (Rolle 'main') registriert
2026-06-07 11:40:50 [DEBUG   ] forensic.server.http_server (http_server.py:115): HTTP "POST /_forensic/windows HTTP/1.1" 200 -
2026-06-07 11:40:50 [DEBUG   ] forensic.server.http_server (http_server.py:115): HTTP "POST /_forensic/windows HTTP/1.1" 200 -
2026-06-07 11:41:05 [DEBUG   ] forensic.server.router (router.py:104): Router: POST /_forensic/windows (ajax=True)
2026-06-07 11:41:05 [DEBUG   ] forensic.forensic_api.windows (windows.py:287): /_forensic/windows POST: Fenster '942b34a1-447a-429c-9c15-a32b1aded594' (Rolle 'userinfo') registriert
2026-06-07 11:41:05 [DEBUG   ] forensic.server.http_server (http_server.py:115): HTTP "POST /_forensic/windows HTTP/1.1" 200 -
2026-06-07 11:41:10 [DEBUG   ] forensic (main.py:467): Watchdog: Heartbeat (Dump: 'logs/freeze_dump.txt')
2026-06-07 11:41:15 [DEBUG   ] forensic.server.router (router.py:104): Router: POST /_forensic/windows (ajax=True)
2026-06-07 11:41:15 [DEBUG   ] forensic.forensic_api.windows (windows.py:287): /_forensic/windows POST: Fenster '44099e4e-7fb1-4cda-8048-090e8be06c9e' (Rolle 'report') registriert
2026-06-07 11:41:15 [DEBUG   ] forensic.server.http_server (http_server.py:115): HTTP "POST /_forensic/windows HTTP/1.1" 200 -
2026-06-07 11:41:18 [DEBUG   ] forensic.server.router (router.py:104): Router: POST /_forensic/windows (ajax=True)
2026-06-07 11:41:18 [DEBUG   ] forensic.forensic_api.windows (windows.py:287): /_forensic/windows POST: Fenster '28647da4-1b6f-40de-8490-df54938e70d5' (Rolle 'userinfo') registriert
2026-06-07 11:41:18 [DEBUG   ] forensic.server.http_server (http_server.py:115): HTTP "POST /_forensic/windows HTTP/1.1" 200 -
2026-06-07 11:41:35 [DEBUG   ] forensic.server.router (router.py:104): Router: POST /_forensic/windows (ajax=True)
2026-06-07 11:41:35 [DEBUG   ] forensic.forensic_api.windows (windows.py:287): /_forensic/windows POST: Fenster '942b34a1-447a-429c-9c15-a32b1aded594' (Rolle 'userinfo') registriert
2026-06-07 11:41:35 [DEBUG   ] forensic.server.http_server (http_server.py:115): HTTP "POST /_forensic/windows HTTP/1.1" 200 -
2026-06-07 11:41:40 [DEBUG   ] forensic (main.py:467): Watchdog: Heartbeat (Dump: 'logs/freeze_dump.txt')
2026-06-07 11:41:45 [DEBUG   ] forensic.server.router (router.py:104): Router: POST /_forensic/windows (ajax=True)
2026-06-07 11:41:45 [DEBUG   ] forensic.forensic_api.windows (windows.py:287): /_forensic/windows POST: Fenster '44099e4e-7fb1-4cda-8048-090e8be06c9e' (Rolle 'report') registriert
2026-06-07 11:41:45 [DEBUG   ] forensic.server.http_server (http_server.py:115): HTTP "POST /_forensic/windows HTTP/1.1" 200 -
2026-06-07 11:41:48 [DEBUG   ] forensic.server.router (router.py:104): Router: POST /_forensic/windows (ajax=True)
2026-06-07 11:41:48 [DEBUG   ] forensic.forensic_api.windows (windows.py:287): /_forensic/windows POST: Fenster '28647da4-1b6f-40de-8490-df54938e70d5' (Rolle 'userinfo') registriert
2026-06-07 11:41:48 [DEBUG   ] forensic.server.http_server (http_server.py:115): HTTP "POST /_forensic/windows HTTP/1.1" 200 -
2026-06-07 11:41:50 [DEBUG   ] forensic.server.router (router.py:104): Router: POST /_forensic/windows (ajax=True)
2026-06-07 11:41:50 [DEBUG   ] forensic.forensic_api.windows (windows.py:287): /_forensic/windows POST: Fenster '54b291e0-d5b9-4ee9-9c22-ed7c298da892' (Rolle 'userinfo') registriert
2026-06-07 11:41:50 [DEBUG   ] forensic.server.http_server (http_server.py:115): HTTP "POST /_forensic/windows HTTP/1.1" 200 -
2026-06-07 11:41:50 [DEBUG   ] forensic.server.router (router.py:104): Router: POST /_forensic/windows (ajax=True)
2026-06-07 11:41:50 [DEBUG   ] forensic.forensic_api.windows (windows.py:287): /_forensic/windows POST: Fenster 'b5a348af-e19a-4333-9881-9c2ccba8b299' (Rolle 'userinfo') registriert
2026-06-07 11:41:50 [DEBUG   ] forensic.server.router (router.py:104): Router: POST /_forensic/windows (ajax=True)
2026-06-07 11:41:50 [DEBUG   ] forensic.forensic_api.windows (windows.py:287): /_forensic/windows POST: Fenster 'b1de0a1f-3b7c-4ce1-81c7-a2324ccd5457' (Rolle 'main') registriert
2026-06-07 11:41:50 [DEBUG   ] forensic.server.http_server (http_server.py:115): HTTP "POST /_forensic/windows HTTP/1.1" 200 -
2026-06-07 11:41:50 [DEBUG   ] forensic.server.http_server (http_server.py:115): HTTP "POST /_forensic/windows HTTP/1.1" 200 -
2026-06-07 11:41:50 [DEBUG   ] forensic.server.router (router.py:104): Router: POST /_forensic/windows (ajax=True)
2026-06-07 11:41:50 [DEBUG   ] forensic.server.router (router.py:104): Router: POST /_forensic/windows (ajax=True)
2026-06-07 11:41:50 [DEBUG   ] forensic.forensic_api.windows (windows.py:287): /_forensic/windows POST: Fenster 'd9b13c53-24c0-4fcf-ab16-934ebfc3a992' (Rolle 'report') registriert
2026-06-07 11:41:50 [DEBUG   ] forensic.server.http_server (http_server.py:115): HTTP "POST /_forensic/windows HTTP/1.1" 200 -
2026-06-07 11:41:50 [DEBUG   ] forensic.forensic_api.windows (windows.py:287): /_forensic/windows POST: Fenster '6c9c384f-d503-449b-a512-06c973b9d079' (Rolle 'main') registriert
2026-06-07 11:41:50 [DEBUG   ] forensic.server.http_server (http_server.py:115): HTTP "POST /_forensic/windows HTTP/1.1" 200 -
2026-06-07 11:42:05 [DEBUG   ] forensic.server.router (router.py:104): Router: POST /_forensic/windows (ajax=True)
2026-06-07 11:42:05 [DEBUG   ] forensic.forensic_api.windows (windows.py:287): /_forensic/windows POST: Fenster '942b34a1-447a-429c-9c15-a32b1aded594' (Rolle 'userinfo') registriert
2026-06-07 11:42:05 [DEBUG   ] forensic.server.http_server (http_server.py:115): HTTP "POST /_forensic/windows HTTP/1.1" 200 -
2026-06-07 11:42:10 [DEBUG   ] forensic (main.py:467): Watchdog: Heartbeat (Dump: 'logs/freeze_dump.txt')
2026-06-07 11:42:15 [DEBUG   ] forensic.server.router (router.py:104): Router: POST /_forensic/windows (ajax=True)
2026-06-07 11:42:15 [DEBUG   ] forensic.forensic_api.windows (windows.py:287): /_forensic/windows POST: Fenster '44099e4e-7fb1-4cda-8048-090e8be06c9e' (Rolle 'report') registriert
2026-06-07 11:42:15 [DEBUG   ] forensic.server.http_server (http_server.py:115): HTTP "POST /_forensic/windows HTTP/1.1" 200 -
2026-06-07 11:42:18 [DEBUG   ] forensic.server.router (router.py:104): Router: POST /_forensic/windows (ajax=True)
2026-06-07 11:42:18 [DEBUG   ] forensic.forensic_api.windows (windows.py:287): /_forensic/windows POST: Fenster '28647da4-1b6f-40de-8490-df54938e70d5' (Rolle 'userinfo') registriert
2026-06-07 11:42:18 [DEBUG   ] forensic.server.http_server (http_server.py:115): HTTP "POST /_forensic/windows HTTP/1.1" 200 -
2026-06-07 11:42:35 [DEBUG   ] forensic.server.router (router.py:104): Router: POST /_forensic/windows (ajax=True)
2026-06-07 11:42:35 [DEBUG   ] forensic.forensic_api.windows (windows.py:287): /_forensic/windows POST: Fenster '942b34a1-447a-429c-9c15-a32b1aded594' (Rolle 'userinfo') registriert
2026-06-07 11:42:35 [DEBUG   ] forensic.server.http_server (http_server.py:115): HTTP "POST /_forensic/windows HTTP/1.1" 200 -
2026-06-07 11:42:40 [DEBUG   ] forensic (main.py:467): Watchdog: Heartbeat (Dump: 'logs/freeze_dump.txt')
2026-06-07 11:42:45 [DEBUG   ] forensic.server.router (router.py:104): Router: POST /_forensic/windows (ajax=True)
2026-06-07 11:42:45 [DEBUG   ] forensic.forensic_api.windows (windows.py:287): /_forensic/windows POST: Fenster '44099e4e-7fb1-4cda-8048-090e8be06c9e' (Rolle 'report') registriert
2026-06-07 11:42:45 [DEBUG   ] forensic.server.http_server (http_server.py:115): HTTP "POST /_forensic/windows HTTP/1.1" 200 -
2026-06-07 11:42:48 [DEBUG   ] forensic.server.router (router.py:104): Router: POST /_forensic/windows (ajax=True)
2026-06-07 11:42:48 [DEBUG   ] forensic.forensic_api.windows (windows.py:287): /_forensic/windows POST: Fenster '28647da4-1b6f-40de-8490-df54938e70d5' (Rolle 'userinfo') registriert
2026-06-07 11:42:48 [DEBUG   ] forensic.server.http_server (http_server.py:115): HTTP "POST /_forensic/windows HTTP/1.1" 200 -
2026-06-07 11:42:50 [DEBUG   ] forensic.server.router (router.py:104): Router: POST /_forensic/windows (ajax=True)
2026-06-07 11:42:50 [DEBUG   ] forensic.forensic_api.windows (windows.py:287): /_forensic/windows POST: Fenster '54b291e0-d5b9-4ee9-9c22-ed7c298da892' (Rolle 'userinfo') registriert
2026-06-07 11:42:50 [DEBUG   ] forensic.server.http_server (http_server.py:115): HTTP "POST /_forensic/windows HTTP/1.1" 200 -
2026-06-07 11:42:50 [DEBUG   ] forensic.server.router (router.py:104): Router: POST /_forensic/windows (ajax=True)
2026-06-07 11:42:50 [DEBUG   ] forensic.server.router (router.py:104): Router: POST /_forensic/windows (ajax=True)
2026-06-07 11:42:50 [DEBUG   ] forensic.server.router (router.py:104): Router: POST /_forensic/windows (ajax=True)
2026-06-07 11:42:50 [DEBUG   ] forensic.forensic_api.windows (windows.py:287): /_forensic/windows POST: Fenster 'b5a348af-e19a-4333-9881-9c2ccba8b299' (Rolle 'userinfo') registriert
2026-06-07 11:42:50 [DEBUG   ] forensic.server.router (router.py:104): Router: POST /_forensic/windows (ajax=True)
2026-06-07 11:42:50 [DEBUG   ] forensic.forensic_api.windows (windows.py:287): /_forensic/windows POST: Fenster 'd9b13c53-24c0-4fcf-ab16-934ebfc3a992' (Rolle 'report') registriert
2026-06-07 11:42:50 [DEBUG   ] forensic.server.http_server (http_server.py:115): HTTP "POST /_forensic/windows HTTP/1.1" 200 -
2026-06-07 11:42:50 [DEBUG   ] forensic.forensic_api.windows (windows.py:287): /_forensic/windows POST: Fenster '6c9c384f-d503-449b-a512-06c973b9d079' (Rolle 'main') registriert
2026-06-07 11:42:50 [DEBUG   ] forensic.server.http_server (http_server.py:115): HTTP "POST /_forensic/windows HTTP/1.1" 200 -
2026-06-07 11:42:50 [DEBUG   ] forensic.server.http_server (http_server.py:115): HTTP "POST /_forensic/windows HTTP/1.1" 200 -
2026-06-07 11:42:50 [DEBUG   ] forensic.forensic_api.windows (windows.py:287): /_forensic/windows POST: Fenster 'b1de0a1f-3b7c-4ce1-81c7-a2324ccd5457' (Rolle 'main') registriert
2026-06-07 11:42:50 [DEBUG   ] forensic.server.http_server (http_server.py:115): HTTP "POST /_forensic/windows HTTP/1.1" 200 -
2026-06-07 11:43:05 [DEBUG   ] forensic.server.router (router.py:104): Router: POST /_forensic/windows (ajax=True)
2026-06-07 11:43:05 [DEBUG   ] forensic.forensic_api.windows (windows.py:287): /_forensic/windows POST: Fenster '942b34a1-447a-429c-9c15-a32b1aded594' (Rolle 'userinfo') registriert
2026-06-07 11:43:05 [DEBUG   ] forensic.server.http_server (http_server.py:115): HTTP "POST /_forensic/windows HTTP/1.1" 200 -
2026-06-07 11:43:10 [DEBUG   ] forensic (main.py:467): Watchdog: Heartbeat (Dump: 'logs/freeze_dump.txt')
2026-06-07 11:43:15 [DEBUG   ] forensic.server.router (router.py:104): Router: POST /_forensic/windows (ajax=True)
2026-06-07 11:43:15 [DEBUG   ] forensic.forensic_api.windows (windows.py:287): /_forensic/windows POST: Fenster '44099e4e-7fb1-4cda-8048-090e8be06c9e' (Rolle 'report') registriert
2026-06-07 11:43:15 [DEBUG   ] forensic.server.http_server (http_server.py:115): HTTP "POST /_forensic/windows HTTP/1.1" 200 -
2026-06-07 11:43:18 [DEBUG   ] forensic.server.router (router.py:104): Router: POST /_forensic/windows (ajax=True)
2026-06-07 11:43:18 [DEBUG   ] forensic.forensic_api.windows (windows.py:287): /_forensic/windows POST: Fenster '28647da4-1b6f-40de-8490-df54938e70d5' (Rolle 'userinfo') registriert
2026-06-07 11:43:18 [DEBUG   ] forensic.server.http_server (http_server.py:115): HTTP "POST /_forensic/windows HTTP/1.1" 200 -
2026-06-07 11:43:35 [DEBUG   ] forensic.server.router (router.py:104): Router: POST /_forensic/windows (ajax=True)
2026-06-07 11:43:35 [DEBUG   ] forensic.forensic_api.windows (windows.py:287): /_forensic/windows POST: Fenster '942b34a1-447a-429c-9c15-a32b1aded594' (Rolle 'userinfo') registriert
2026-06-07 11:43:35 [DEBUG   ] forensic.server.http_server (http_server.py:115): HTTP "POST /_forensic/windows HTTP/1.1" 200 -
2026-06-07 11:43:40 [DEBUG   ] forensic (main.py:467): Watchdog: Heartbeat (Dump: 'logs/freeze_dump.txt')
2026-06-07 11:43:45 [DEBUG   ] forensic.server.router (router.py:104): Router: POST /_forensic/windows (ajax=True)
2026-06-07 11:43:45 [DEBUG   ] forensic.forensic_api.windows (windows.py:287): /_forensic/windows POST: Fenster '44099e4e-7fb1-4cda-8048-090e8be06c9e' (Rolle 'report') registriert
2026-06-07 11:43:45 [DEBUG   ] forensic.server.http_server (http_server.py:115): HTTP "POST /_forensic/windows HTTP/1.1" 200 -
2026-06-07 11:43:48 [DEBUG   ] forensic.server.router (router.py:104): Router: POST /_forensic/windows (ajax=True)
2026-06-07 11:43:48 [DEBUG   ] forensic.forensic_api.windows (windows.py:287): /_forensic/windows POST: Fenster '28647da4-1b6f-40de-8490-df54938e70d5' (Rolle 'userinfo') registriert
2026-06-07 11:43:48 [DEBUG   ] forensic.server.http_server (http_server.py:115): HTTP "POST /_forensic/windows HTTP/1.1" 200 -
2026-06-07 11:43:50 [DEBUG   ] forensic.server.router (router.py:104): Router: POST /_forensic/windows (ajax=True)
2026-06-07 11:43:50 [DEBUG   ] forensic.forensic_api.windows (windows.py:287): /_forensic/windows POST: Fenster 'b1de0a1f-3b7c-4ce1-81c7-a2324ccd5457' (Rolle 'main') registriert
2026-06-07 11:43:50 [DEBUG   ] forensic.server.http_server (http_server.py:115): HTTP "POST /_forensic/windows HTTP/1.1" 200 -
2026-06-07 11:43:50 [DEBUG   ] forensic.server.router (router.py:104): Router: POST /_forensic/windows (ajax=True)
2026-06-07 11:43:50 [DEBUG   ] forensic.server.router (router.py:104): Router: POST /_forensic/windows (ajax=True)
2026-06-07 11:43:50 [DEBUG   ] forensic.forensic_api.windows (windows.py:287): /_forensic/windows POST: Fenster '54b291e0-d5b9-4ee9-9c22-ed7c298da892' (Rolle 'userinfo') registriert
2026-06-07 11:43:50 [DEBUG   ] forensic.forensic_api.windows (windows.py:287): /_forensic/windows POST: Fenster 'b5a348af-e19a-4333-9881-9c2ccba8b299' (Rolle 'userinfo') registriert
2026-06-07 11:43:50 [DEBUG   ] forensic.server.router (router.py:104): Router: POST /_forensic/windows (ajax=True)
2026-06-07 11:43:50 [DEBUG   ] forensic.server.http_server (http_server.py:115): HTTP "POST /_forensic/windows HTTP/1.1" 200 -
2026-06-07 11:43:50 [DEBUG   ] forensic.server.router (router.py:104): Router: POST /_forensic/windows (ajax=True)
2026-06-07 11:43:50 [DEBUG   ] forensic.server.http_server (http_server.py:115): HTTP "POST /_forensic/windows HTTP/1.1" 200 -
2026-06-07 11:43:50 [DEBUG   ] forensic.forensic_api.windows (windows.py:287): /_forensic/windows POST: Fenster '6c9c384f-d503-449b-a512-06c973b9d079' (Rolle 'main') registriert
2026-06-07 11:43:50 [DEBUG   ] forensic.server.http_server (http_server.py:115): HTTP "POST /_forensic/windows HTTP/1.1" 200 -
2026-06-07 11:43:50 [DEBUG   ] forensic.forensic_api.windows (windows.py:287): /_forensic/windows POST: Fenster 'd9b13c53-24c0-4fcf-ab16-934ebfc3a992' (Rolle 'report') registriert
2026-06-07 11:43:50 [DEBUG   ] forensic.server.http_server (http_server.py:115): HTTP "POST /_forensic/windows HTTP/1.1" 200 -
2026-06-07 11:44:05 [DEBUG   ] forensic.server.router (router.py:104): Router: POST /_forensic/windows (ajax=True)
2026-06-07 11:44:05 [DEBUG   ] forensic.forensic_api.windows (windows.py:287): /_forensic/windows POST: Fenster '942b34a1-447a-429c-9c15-a32b1aded594' (Rolle 'userinfo') registriert
2026-06-07 11:44:05 [DEBUG   ] forensic.server.http_server (http_server.py:115): HTTP "POST /_forensic/windows HTTP/1.1" 200 -
2026-06-07 11:44:10 [DEBUG   ] forensic (main.py:467): Watchdog: Heartbeat (Dump: 'logs/freeze_dump.txt')
2026-06-07 11:44:15 [DEBUG   ] forensic.server.router (router.py:104): Router: POST /_forensic/windows (ajax=True)
2026-06-07 11:44:15 [DEBUG   ] forensic.forensic_api.windows (windows.py:287): /_forensic/windows POST: Fenster '44099e4e-7fb1-4cda-8048-090e8be06c9e' (Rolle 'report') registriert
2026-06-07 11:44:15 [DEBUG   ] forensic.server.http_server (http_server.py:115): HTTP "POST /_forensic/windows HTTP/1.1" 200 -
2026-06-07 11:44:18 [DEBUG   ] forensic.server.router (router.py:104): Router: POST /_forensic/windows (ajax=True)
2026-06-07 11:44:18 [DEBUG   ] forensic.forensic_api.windows (windows.py:287): /_forensic/windows POST: Fenster '28647da4-1b6f-40de-8490-df54938e70d5' (Rolle 'userinfo') registriert
2026-06-07 11:44:18 [DEBUG   ] forensic.server.http_server (http_server.py:115): HTTP "POST /_forensic/windows HTTP/1.1" 200 -
2026-06-07 11:44:35 [DEBUG   ] forensic.server.router (router.py:104): Router: POST /_forensic/windows (ajax=True)
2026-06-07 11:44:35 [DEBUG   ] forensic.forensic_api.windows (windows.py:287): /_forensic/windows POST: Fenster '942b34a1-447a-429c-9c15-a32b1aded594' (Rolle 'userinfo') registriert
2026-06-07 11:44:35 [DEBUG   ] forensic.server.http_server (http_server.py:115): HTTP "POST /_forensic/windows HTTP/1.1" 200 -
2026-06-07 11:44:40 [DEBUG   ] forensic (main.py:467): Watchdog: Heartbeat (Dump: 'logs/freeze_dump.txt')
2026-06-07 11:44:45 [DEBUG   ] forensic.server.router (router.py:104): Router: POST /_forensic/windows (ajax=True)
2026-06-07 11:44:45 [DEBUG   ] forensic.forensic_api.windows (windows.py:287): /_forensic/windows POST: Fenster '44099e4e-7fb1-4cda-8048-090e8be06c9e' (Rolle 'report') registriert
2026-06-07 11:44:45 [DEBUG   ] forensic.server.http_server (http_server.py:115): HTTP "POST /_forensic/windows HTTP/1.1" 200 -
2026-06-07 11:44:48 [DEBUG   ] forensic.server.router (router.py:104): Router: POST /_forensic/windows (ajax=True)
2026-06-07 11:44:48 [DEBUG   ] forensic.forensic_api.windows (windows.py:287): /_forensic/windows POST: Fenster '28647da4-1b6f-40de-8490-df54938e70d5' (Rolle 'userinfo') registriert
2026-06-07 11:44:48 [DEBUG   ] forensic.server.http_server (http_server.py:115): HTTP "POST /_forensic/windows HTTP/1.1" 200 -
2026-06-07 11:44:50 [DEBUG   ] forensic.server.router (router.py:104): Router: POST /_forensic/windows (ajax=True)
2026-06-07 11:44:50 [DEBUG   ] forensic.forensic_api.windows (windows.py:287): /_forensic/windows POST: Fenster 'b1de0a1f-3b7c-4ce1-81c7-a2324ccd5457' (Rolle 'main') registriert
2026-06-07 11:44:50 [DEBUG   ] forensic.server.http_server (http_server.py:115): HTTP "POST /_forensic/windows HTTP/1.1" 200 -
2026-06-07 11:44:50 [DEBUG   ] forensic.server.router (router.py:104): Router: POST /_forensic/windows (ajax=True)
2026-06-07 11:44:50 [DEBUG   ] forensic.server.router (router.py:104): Router: POST /_forensic/windows (ajax=True)
2026-06-07 11:44:50 [DEBUG   ] forensic.server.router (router.py:104): Router: POST /_forensic/windows (ajax=True)
2026-06-07 11:44:50 [DEBUG   ] forensic.forensic_api.windows (windows.py:287): /_forensic/windows POST: Fenster '6c9c384f-d503-449b-a512-06c973b9d079' (Rolle 'main') registriert
2026-06-07 11:44:50 [DEBUG   ] forensic.server.http_server (http_server.py:115): HTTP "POST /_forensic/windows HTTP/1.1" 200 -
2026-06-07 11:44:50 [DEBUG   ] forensic.server.router (router.py:104): Router: POST /_forensic/windows (ajax=True)
2026-06-07 11:44:50 [DEBUG   ] forensic.forensic_api.windows (windows.py:287): /_forensic/windows POST: Fenster 'd9b13c53-24c0-4fcf-ab16-934ebfc3a992' (Rolle 'report') registriert
2026-06-07 11:44:50 [DEBUG   ] forensic.server.http_server (http_server.py:115): HTTP "POST /_forensic/windows HTTP/1.1" 200 -
2026-06-07 11:44:50 [DEBUG   ] forensic.forensic_api.windows (windows.py:287): /_forensic/windows POST: Fenster '54b291e0-d5b9-4ee9-9c22-ed7c298da892' (Rolle 'userinfo') registriert
2026-06-07 11:44:50 [DEBUG   ] forensic.server.http_server (http_server.py:115): HTTP "POST /_forensic/windows HTTP/1.1" 200 -
2026-06-07 11:44:50 [DEBUG   ] forensic.forensic_api.windows (windows.py:287): /_forensic/windows POST: Fenster 'b5a348af-e19a-4333-9881-9c2ccba8b299' (Rolle 'userinfo') registriert
2026-06-07 11:44:50 [DEBUG   ] forensic.server.http_server (http_server.py:115): HTTP "POST /_forensic/windows HTTP/1.1" 200 -
2026-06-07 11:45:05 [DEBUG   ] forensic.server.router (router.py:104): Router: POST /_forensic/windows (ajax=True)
2026-06-07 11:45:05 [DEBUG   ] forensic.forensic_api.windows (windows.py:287): /_forensic/windows POST: Fenster '942b34a1-447a-429c-9c15-a32b1aded594' (Rolle 'userinfo') registriert
2026-06-07 11:45:05 [DEBUG   ] forensic.server.http_server (http_server.py:115): HTTP "POST /_forensic/windows HTTP/1.1" 200 -
2026-06-07 11:45:10 [DEBUG   ] forensic (main.py:467): Watchdog: Heartbeat (Dump: 'logs/freeze_dump.txt')
2026-06-07 11:45:15 [DEBUG   ] forensic.server.router (router.py:104): Router: POST /_forensic/windows (ajax=True)
2026-06-07 11:45:15 [DEBUG   ] forensic.forensic_api.windows (windows.py:287): /_forensic/windows POST: Fenster '44099e4e-7fb1-4cda-8048-090e8be06c9e' (Rolle 'report') registriert
2026-06-07 11:45:15 [DEBUG   ] forensic.server.http_server (http_server.py:115): HTTP "POST /_forensic/windows HTTP/1.1" 200 -
2026-06-07 11:45:18 [DEBUG   ] forensic.server.router (router.py:104): Router: POST /_forensic/windows (ajax=True)
2026-06-07 11:45:18 [DEBUG   ] forensic.forensic_api.windows (windows.py:287): /_forensic/windows POST: Fenster '28647da4-1b6f-40de-8490-df54938e70d5' (Rolle 'userinfo') registriert
2026-06-07 11:45:18 [DEBUG   ] forensic.server.http_server (http_server.py:115): HTTP "POST /_forensic/windows HTTP/1.1" 200 -
2026-06-07 11:45:28 [DEBUG   ] forensic.server.router (router.py:104): Router: GET /_forensic/userinfo.css (ajax=False)
2026-06-07 11:45:28 [DEBUG   ] forensic.server.router (router.py:104): Router: GET /_forensic/report.css (ajax=False)
2026-06-07 11:45:28 [DEBUG   ] forensic.forensic_api.static (static.py:147): Static: '/_forensic/userinfo.css' ausgeliefert (47040 bytes)
2026-06-07 11:45:28 [DEBUG   ] forensic.server.http_server (http_server.py:115): HTTP "GET /_forensic/userinfo.css HTTP/1.1" 200 -
2026-06-07 11:45:28 [DEBUG   ] forensic.forensic_api.static (static.py:147): Static: '/_forensic/report.css' ausgeliefert (90467 bytes)
2026-06-07 11:45:28 [DEBUG   ] forensic.server.http_server (http_server.py:115): HTTP "GET /_forensic/report.css HTTP/1.1" 200 -
2026-06-07 11:45:28 [DEBUG   ] forensic.server.router (router.py:104): Router: GET /.well-known/appspecific/com.chrome.devtools.json (ajax=False)
2026-06-07 11:45:28 [DEBUG   ] forensic.db.forensic_db (forensic_db.py:264): Seite nicht im Scope: '/.well-known/appspecific/com.chrome.devtools.json' (method=GET)
2026-06-07 11:45:28 [DEBUG   ] forensic.server.shell_handler (shell_handler.py:133): Shell: NOT_IN_SCOPE für '/.well-known/appspecific/com.chrome.devtools.json'
2026-06-07 11:45:28 [DEBUG   ] forensic.server.http_server (http_server.py:115): HTTP "GET /.well-known/appspecific/com.chrome.devtools.json HTTP/1.1" 404 -
2026-06-07 11:45:28 [DEBUG   ] forensic.server.router (router.py:104): Router: GET /_forensic/static/editor/editor.bundle.js.map (ajax=False)
2026-06-07 11:45:28 [DEBUG   ] forensic.forensic_api.static (static.py:211): Editor-Asset: 'editor.bundle.js.map' ausgeliefert (939250 bytes)
2026-06-07 11:45:28 [DEBUG   ] forensic.server.http_server (http_server.py:115): HTTP "GET /_forensic/static/editor/editor.bundle.js.map HTTP/1.1" 200 -
2026-06-07 11:45:35 [DEBUG   ] forensic.server.router (router.py:104): Router: POST /_forensic/windows (ajax=True)
2026-06-07 11:45:35 [DEBUG   ] forensic.forensic_api.windows (windows.py:287): /_forensic/windows POST: Fenster '942b34a1-447a-429c-9c15-a32b1aded594' (Rolle 'userinfo') registriert
2026-06-07 11:45:35 [DEBUG   ] forensic.server.http_server (http_server.py:115): HTTP "POST /_forensic/windows HTTP/1.1" 200 -
2026-06-07 11:45:40 [DEBUG   ] forensic (main.py:467): Watchdog: Heartbeat (Dump: 'logs/freeze_dump.txt')
2026-06-07 11:45:45 [DEBUG   ] forensic.server.router (router.py:104): Router: POST /_forensic/windows (ajax=True)
2026-06-07 11:45:45 [DEBUG   ] forensic.forensic_api.windows (windows.py:287): /_forensic/windows POST: Fenster '44099e4e-7fb1-4cda-8048-090e8be06c9e' (Rolle 'report') registriert
2026-06-07 11:45:45 [DEBUG   ] forensic.server.http_server (http_server.py:115): HTTP "POST /_forensic/windows HTTP/1.1" 200 -
2026-06-07 11:45:48 [DEBUG   ] forensic.server.router (router.py:104): Router: POST /_forensic/windows (ajax=True)
2026-06-07 11:45:48 [DEBUG   ] forensic.forensic_api.windows (windows.py:287): /_forensic/windows POST: Fenster '28647da4-1b6f-40de-8490-df54938e70d5' (Rolle 'userinfo') registriert
2026-06-07 11:45:48 [DEBUG   ] forensic.server.http_server (http_server.py:115): HTTP "POST /_forensic/windows HTTP/1.1" 200 -
2026-06-07 11:45:50 [DEBUG   ] forensic.server.router (router.py:104): Router: POST /_forensic/windows (ajax=True)
2026-06-07 11:45:50 [DEBUG   ] forensic.forensic_api.windows (windows.py:287): /_forensic/windows POST: Fenster 'b1de0a1f-3b7c-4ce1-81c7-a2324ccd5457' (Rolle 'main') registriert
2026-06-07 11:45:50 [DEBUG   ] forensic.server.http_server (http_server.py:115): HTTP "POST /_forensic/windows HTTP/1.1" 200 -
2026-06-07 11:45:50 [DEBUG   ] forensic.server.router (router.py:104): Router: POST /_forensic/windows (ajax=True)
2026-06-07 11:45:50 [DEBUG   ] forensic.forensic_api.windows (windows.py:287): /_forensic/windows POST: Fenster '54b291e0-d5b9-4ee9-9c22-ed7c298da892' (Rolle 'userinfo') registriert
2026-06-07 11:45:50 [DEBUG   ] forensic.server.router (router.py:104): Router: POST /_forensic/windows (ajax=True)
2026-06-07 11:45:50 [DEBUG   ] forensic.server.http_server (http_server.py:115): HTTP "POST /_forensic/windows HTTP/1.1" 200 -
2026-06-07 11:45:50 [DEBUG   ] forensic.forensic_api.windows (windows.py:287): /_forensic/windows POST: Fenster 'b5a348af-e19a-4333-9881-9c2ccba8b299' (Rolle 'userinfo') registriert
2026-06-07 11:45:50 [DEBUG   ] forensic.server.http_server (http_server.py:115): HTTP "POST /_forensic/windows HTTP/1.1" 200 -
2026-06-07 11:45:50 [DEBUG   ] forensic.server.router (router.py:104): Router: POST /_forensic/windows (ajax=True)
2026-06-07 11:45:50 [DEBUG   ] forensic.forensic_api.windows (windows.py:287): /_forensic/windows POST: Fenster '6c9c384f-d503-449b-a512-06c973b9d079' (Rolle 'main') registriert
2026-06-07 11:45:50 [DEBUG   ] forensic.server.http_server (http_server.py:115): HTTP "POST /_forensic/windows HTTP/1.1" 200 -
2026-06-07 11:45:50 [DEBUG   ] forensic.server.router (router.py:104): Router: POST /_forensic/windows (ajax=True)
2026-06-07 11:45:50 [DEBUG   ] forensic.forensic_api.windows (windows.py:287): /_forensic/windows POST: Fenster 'd9b13c53-24c0-4fcf-ab16-934ebfc3a992' (Rolle 'report') registriert
2026-06-07 11:45:50 [DEBUG   ] forensic.server.http_server (http_server.py:115): HTTP "POST /_forensic/windows HTTP/1.1" 200 -
2026-06-07 11:45:57 [DEBUG   ] forensic.server.router (router.py:104): Router: POST /_forensic/report (ajax=False)
2026-06-07 11:45:57 [DEBUG   ] forensic.server.http_server (http_server.py:115): HTTP "POST /_forensic/report HTTP/1.1" 423 -
2026-06-07 11:45:57 [DEBUG   ] forensic.server.router (router.py:104): Router: GET /_forensic/placeholders/values (ajax=True)
2026-06-07 11:45:57 [DEBUG   ] forensic.server.http_server (http_server.py:115): HTTP "GET /_forensic/placeholders/values?report_id=1 HTTP/1.1" 200 -
2026-06-07 11:46:00 [DEBUG   ] forensic.server.router (router.py:104): Router: POST /_forensic/report (ajax=False)
2026-06-07 11:46:00 [DEBUG   ] forensic.server.router (router.py:104): Router: POST /_forensic/report (ajax=False)
2026-06-07 11:46:00 [DEBUG   ] forensic.server.http_server (http_server.py:115): HTTP "POST /_forensic/report HTTP/1.1" 423 -
2026-06-07 11:46:00 [DEBUG   ] forensic.server.http_server (http_server.py:115): HTTP "POST /_forensic/report HTTP/1.1" 423 -
2026-06-07 11:46:03 [DEBUG   ] forensic.server.router (router.py:104): Router: POST /_forensic/report (ajax=False)
2026-06-07 11:46:03 [DEBUG   ] forensic.server.http_server (http_server.py:115): HTTP "POST /_forensic/report HTTP/1.1" 423 -
2026-06-07 11:46:03 [DEBUG   ] forensic.server.router (router.py:104): Router: POST /_forensic/report (ajax=False)
2026-06-07 11:46:03 [DEBUG   ] forensic.server.router (router.py:104): Router: POST /_forensic/report (ajax=False)
2026-06-07 11:46:03 [DEBUG   ] forensic.server.http_server (http_server.py:115): HTTP "POST /_forensic/report HTTP/1.1" 423 -
2026-06-07 11:46:03 [DEBUG   ] forensic.server.http_server (http_server.py:115): HTTP "POST /_forensic/report HTTP/1.1" 423 -
2026-06-07 11:46:03 [DEBUG   ] forensic.server.router (router.py:104): Router: GET /_forensic/placeholders/values (ajax=True)
2026-06-07 11:46:03 [DEBUG   ] forensic.server.http_server (http_server.py:115): HTTP "GET /_forensic/placeholders/values?report_id=1 HTTP/1.1" 200 -
2026-06-07 11:46:05 [DEBUG   ] forensic.server.router (router.py:104): Router: POST /_forensic/windows (ajax=True)
2026-06-07 11:46:05 [DEBUG   ] forensic.forensic_api.windows (windows.py:287): /_forensic/windows POST: Fenster '942b34a1-447a-429c-9c15-a32b1aded594' (Rolle 'userinfo') registriert
2026-06-07 11:46:05 [DEBUG   ] forensic.server.http_server (http_server.py:115): HTTP "POST /_forensic/windows HTTP/1.1" 200 -
2026-06-07 11:46:10 [DEBUG   ] forensic (main.py:467): Watchdog: Heartbeat (Dump: 'logs/freeze_dump.txt')
2026-06-07 11:46:14 [DEBUG   ] forensic.server.router (router.py:104): Router: POST /_forensic/report (ajax=False)
2026-06-07 11:46:14 [DEBUG   ] forensic.server.http_server (http_server.py:115): HTTP "POST /_forensic/report HTTP/1.1" 423 -
2026-06-07 11:46:14 [DEBUG   ] forensic.server.router (router.py:104): Router: POST /_forensic/report (ajax=False)
2026-06-07 11:46:14 [DEBUG   ] forensic.server.http_server (http_server.py:115): HTTP "POST /_forensic/report HTTP/1.1" 423 -
2026-06-07 11:46:14 [DEBUG   ] forensic.server.router (router.py:104): Router: POST /_forensic/report (ajax=False)
2026-06-07 11:46:14 [DEBUG   ] forensic.server.http_server (http_server.py:115): HTTP "POST /_forensic/report HTTP/1.1" 423 -
2026-06-07 11:46:14 [DEBUG   ] forensic.server.router (router.py:104): Router: POST /_forensic/report (ajax=False)
2026-06-07 11:46:14 [DEBUG   ] forensic.server.http_server (http_server.py:115): HTTP "POST /_forensic/report HTTP/1.1" 423 -
2026-06-07 11:46:14 [DEBUG   ] forensic.server.router (router.py:104): Router: GET /_forensic/placeholders/values (ajax=True)
2026-06-07 11:46:14 [DEBUG   ] forensic.server.http_server (http_server.py:115): HTTP "GET /_forensic/placeholders/values?report_id=1 HTTP/1.1" 200 -
2026-06-07 11:46:15 [DEBUG   ] forensic.server.router (router.py:104): Router: POST /_forensic/windows (ajax=True)
2026-06-07 11:46:15 [DEBUG   ] forensic.forensic_api.windows (windows.py:287): /_forensic/windows POST: Fenster '44099e4e-7fb1-4cda-8048-090e8be06c9e' (Rolle 'report') registriert
2026-06-07 11:46:15 [DEBUG   ] forensic.server.http_server (http_server.py:115): HTTP "POST /_forensic/windows HTTP/1.1" 200 -
2026-06-07 11:46:18 [DEBUG   ] forensic.server.router (router.py:104): Router: POST /_forensic/windows (ajax=True)
2026-06-07 11:46:18 [DEBUG   ] forensic.forensic_api.windows (windows.py:287): /_forensic/windows POST: Fenster '28647da4-1b6f-40de-8490-df54938e70d5' (Rolle 'userinfo') registriert
2026-06-07 11:46:18 [DEBUG   ] forensic.server.http_server (http_server.py:115): HTTP "POST /_forensic/windows HTTP/1.1" 200 -
2026-06-07 11:46:30 [DEBUG   ] forensic.server.router (router.py:104): Router: POST /_forensic/report (ajax=False)
2026-06-07 11:46:30 [DEBUG   ] forensic.server.http_server (http_server.py:115): HTTP "POST /_forensic/report HTTP/1.1" 423 -
2026-06-07 11:46:30 [DEBUG   ] forensic.server.router (router.py:104): Router: GET /_forensic/placeholders/values (ajax=True)
2026-06-07 11:46:30 [DEBUG   ] forensic.server.http_server (http_server.py:115): HTTP "GET /_forensic/placeholders/values?report_id=1 HTTP/1.1" 200 -
2026-06-07 11:46:35 [DEBUG   ] forensic.server.router (router.py:104): Router: POST /_forensic/windows (ajax=True)
2026-06-07 11:46:35 [DEBUG   ] forensic.forensic_api.windows (windows.py:287): /_forensic/windows POST: Fenster '942b34a1-447a-429c-9c15-a32b1aded594' (Rolle 'userinfo') registriert
2026-06-07 11:46:35 [DEBUG   ] forensic.server.http_server (http_server.py:115): HTTP "POST /_forensic/windows HTTP/1.1" 200 -
2026-06-07 11:46:36 [DEBUG   ] forensic.server.router (router.py:104): Router: POST /_forensic/report (ajax=False)
2026-06-07 11:46:36 [DEBUG   ] forensic.server.http_server (http_server.py:115): HTTP "POST /_forensic/report HTTP/1.1" 423 -
2026-06-07 11:46:40 [DEBUG   ] forensic (main.py:467): Watchdog: Heartbeat (Dump: 'logs/freeze_dump.txt')
2026-06-07 11:46:45 [DEBUG   ] forensic.server.router (router.py:104): Router: POST /_forensic/windows (ajax=True)
2026-06-07 11:46:45 [DEBUG   ] forensic.forensic_api.windows (windows.py:287): /_forensic/windows POST: Fenster '44099e4e-7fb1-4cda-8048-090e8be06c9e' (Rolle 'report') registriert
2026-06-07 11:46:45 [DEBUG   ] forensic.server.http_server (http_server.py:115): HTTP "POST /_forensic/windows HTTP/1.1" 200 -
2026-06-07 11:46:48 [DEBUG   ] forensic.server.router (router.py:104): Router: POST /_forensic/windows (ajax=True)
2026-06-07 11:46:48 [DEBUG   ] forensic.forensic_api.windows (windows.py:287): /_forensic/windows POST: Fenster '28647da4-1b6f-40de-8490-df54938e70d5' (Rolle 'userinfo') registriert
2026-06-07 11:46:48 [DEBUG   ] forensic.server.http_server (http_server.py:115): HTTP "POST /_forensic/windows HTTP/1.1" 200 -
2026-06-07 11:46:50 [DEBUG   ] forensic.server.router (router.py:104): Router: POST /_forensic/windows (ajax=True)
2026-06-07 11:46:50 [DEBUG   ] forensic.forensic_api.windows (windows.py:287): /_forensic/windows POST: Fenster 'b1de0a1f-3b7c-4ce1-81c7-a2324ccd5457' (Rolle 'main') registriert
2026-06-07 11:46:50 [DEBUG   ] forensic.server.router (router.py:104): Router: POST /_forensic/windows (ajax=True)
2026-06-07 11:46:50 [DEBUG   ] forensic.server.http_server (http_server.py:115): HTTP "POST /_forensic/windows HTTP/1.1" 200 -
2026-06-07 11:46:50 [DEBUG   ] forensic.server.router (router.py:104): Router: POST /_forensic/windows (ajax=True)
2026-06-07 11:46:50 [DEBUG   ] forensic.server.router (router.py:104): Router: POST /_forensic/windows (ajax=True)
2026-06-07 11:46:50 [DEBUG   ] forensic.forensic_api.windows (windows.py:287): /_forensic/windows POST: Fenster '6c9c384f-d503-449b-a512-06c973b9d079' (Rolle 'main') registriert
2026-06-07 11:46:50 [DEBUG   ] forensic.server.http_server (http_server.py:115): HTTP "POST /_forensic/windows HTTP/1.1" 200 -
2026-06-07 11:46:50 [DEBUG   ] forensic.forensic_api.windows (windows.py:287): /_forensic/windows POST: Fenster '54b291e0-d5b9-4ee9-9c22-ed7c298da892' (Rolle 'userinfo') registriert
2026-06-07 11:46:50 [DEBUG   ] forensic.server.router (router.py:104): Router: POST /_forensic/windows (ajax=True)
2026-06-07 11:46:50 [DEBUG   ] forensic.forensic_api.windows (windows.py:287): /_forensic/windows POST: Fenster 'd9b13c53-24c0-4fcf-ab16-934ebfc3a992' (Rolle 'report') registriert
2026-06-07 11:46:50 [DEBUG   ] forensic.server.http_server (http_server.py:115): HTTP "POST /_forensic/windows HTTP/1.1" 200 -
2026-06-07 11:46:50 [DEBUG   ] forensic.forensic_api.windows (windows.py:287): /_forensic/windows POST: Fenster 'b5a348af-e19a-4333-9881-9c2ccba8b299' (Rolle 'userinfo') registriert
2026-06-07 11:46:50 [DEBUG   ] forensic.server.http_server (http_server.py:115): HTTP "POST /_forensic/windows HTTP/1.1" 200 -
2026-06-07 11:46:50 [DEBUG   ] forensic.server.http_server (http_server.py:115): HTTP "POST /_forensic/windows HTTP/1.1" 200 -
2026-06-07 11:47:00 [DEBUG   ] forensic.server.router (router.py:104): Router: POST /_forensic/report (ajax=False)
2026-06-07 11:47:00 [DEBUG   ] forensic.server.http_server (http_server.py:115): HTTP "POST /_forensic/report HTTP/1.1" 423 -
2026-06-07 11:47:00 [DEBUG   ] forensic.server.router (router.py:104): Router: POST /_forensic/report (ajax=False)
2026-06-07 11:47:00 [DEBUG   ] forensic.server.http_server (http_server.py:115): HTTP "POST /_forensic/report HTTP/1.1" 423 -
2026-06-07 11:47:00 [DEBUG   ] forensic.server.router (router.py:104): Router: POST /_forensic/report (ajax=False)
2026-06-07 11:47:00 [DEBUG   ] forensic.server.http_server (http_server.py:115): HTTP "POST /_forensic/report HTTP/1.1" 423 -
2026-06-07 11:47:00 [DEBUG   ] forensic.server.router (router.py:104): Router: POST /_forensic/report (ajax=False)
2026-06-07 11:47:00 [DEBUG   ] forensic.server.http_server (http_server.py:115): HTTP "POST /_forensic/report HTTP/1.1" 423 -
2026-06-07 11:47:00 [DEBUG   ] forensic.server.router (router.py:104): Router: POST /_forensic/report (ajax=False)
2026-06-07 11:47:00 [DEBUG   ] forensic.server.http_server (http_server.py:115): HTTP "POST /_forensic/report HTTP/1.1" 423 -
2026-06-07 11:47:00 [DEBUG   ] forensic.server.router (router.py:104): Router: GET /_forensic/report (ajax=True)
2026-06-07 11:47:00 [DEBUG   ] forensic.server.http_server (http_server.py:115): HTTP "GET /_forensic/report?format=json&report_id=1 HTTP/1.1" 200 -
2026-06-07 11:47:05 [DEBUG   ] forensic.server.router (router.py:104): Router: POST /_forensic/windows (ajax=True)
2026-06-07 11:47:05 [DEBUG   ] forensic.forensic_api.windows (windows.py:287): /_forensic/windows POST: Fenster '942b34a1-447a-429c-9c15-a32b1aded594' (Rolle 'userinfo') registriert
2026-06-07 11:47:05 [DEBUG   ] forensic.server.http_server (http_server.py:115): HTTP "POST /_forensic/windows HTTP/1.1" 200 -
2026-06-07 11:47:10 [DEBUG   ] forensic (main.py:467): Watchdog: Heartbeat (Dump: 'logs/freeze_dump.txt')
2026-06-07 11:47:15 [DEBUG   ] forensic.server.router (router.py:104): Router: POST /_forensic/windows (ajax=True)
2026-06-07 11:47:15 [DEBUG   ] forensic.forensic_api.windows (windows.py:287): /_forensic/windows POST: Fenster '44099e4e-7fb1-4cda-8048-090e8be06c9e' (Rolle 'report') registriert
2026-06-07 11:47:15 [DEBUG   ] forensic.server.http_server (http_server.py:115): HTTP "POST /_forensic/windows HTTP/1.1" 200 -
2026-06-07 11:47:18 [DEBUG   ] forensic.server.router (router.py:104): Router: POST /_forensic/windows (ajax=True)
2026-06-07 11:47:18 [DEBUG   ] forensic.forensic_api.windows (windows.py:287): /_forensic/windows POST: Fenster '28647da4-1b6f-40de-8490-df54938e70d5' (Rolle 'userinfo') registriert
2026-06-07 11:47:18 [DEBUG   ] forensic.server.http_server (http_server.py:115): HTTP "POST /_forensic/windows HTTP/1.1" 200 -
2026-06-07 11:47:35 [DEBUG   ] forensic.server.router (router.py:104): Router: POST /_forensic/windows (ajax=True)
2026-06-07 11:47:35 [DEBUG   ] forensic.forensic_api.windows (windows.py:287): /_forensic/windows POST: Fenster '942b34a1-447a-429c-9c15-a32b1aded594' (Rolle 'userinfo') registriert
2026-06-07 11:47:35 [DEBUG   ] forensic.server.http_server (http_server.py:115): HTTP "POST /_forensic/windows HTTP/1.1" 200 -
2026-06-07 11:47:40 [DEBUG   ] forensic (main.py:467): Watchdog: Heartbeat (Dump: 'logs/freeze_dump.txt')
2026-06-07 11:47:45 [DEBUG   ] forensic.server.router (router.py:104): Router: POST /_forensic/windows (ajax=True)
2026-06-07 11:47:45 [DEBUG   ] forensic.forensic_api.windows (windows.py:287): /_forensic/windows POST: Fenster '44099e4e-7fb1-4cda-8048-090e8be06c9e' (Rolle 'report') registriert
2026-06-07 11:47:45 [DEBUG   ] forensic.server.http_server (http_server.py:115): HTTP "POST /_forensic/windows HTTP/1.1" 200 -
2026-06-07 11:47:48 [DEBUG   ] forensic.server.router (router.py:104): Router: POST /_forensic/windows (ajax=True)
2026-06-07 11:47:48 [DEBUG   ] forensic.forensic_api.windows (windows.py:287): /_forensic/windows POST: Fenster '28647da4-1b6f-40de-8490-df54938e70d5' (Rolle 'userinfo') registriert
2026-06-07 11:47:48 [DEBUG   ] forensic.server.http_server (http_server.py:115): HTTP "POST /_forensic/windows HTTP/1.1" 200 -
2026-06-07 11:47:50 [DEBUG   ] forensic.server.router (router.py:104): Router: POST /_forensic/windows (ajax=True)
2026-06-07 11:47:50 [DEBUG   ] forensic.forensic_api.windows (windows.py:287): /_forensic/windows POST: Fenster 'b1de0a1f-3b7c-4ce1-81c7-a2324ccd5457' (Rolle 'main') registriert
2026-06-07 11:47:50 [DEBUG   ] forensic.server.http_server (http_server.py:115): HTTP "POST /_forensic/windows HTTP/1.1" 200 -
2026-06-07 11:47:50 [DEBUG   ] forensic.server.router (router.py:104): Router: POST /_forensic/windows (ajax=True)
2026-06-07 11:47:50 [DEBUG   ] forensic.forensic_api.windows (windows.py:287): /_forensic/windows POST: Fenster '54b291e0-d5b9-4ee9-9c22-ed7c298da892' (Rolle 'userinfo') registriert
2026-06-07 11:47:50 [DEBUG   ] forensic.server.http_server (http_server.py:115): HTTP "POST /_forensic/windows HTTP/1.1" 200 -
2026-06-07 11:47:50 [DEBUG   ] forensic.server.router (router.py:104): Router: POST /_forensic/windows (ajax=True)
2026-06-07 11:47:50 [DEBUG   ] forensic.server.router (router.py:104): Router: POST /_forensic/windows (ajax=True)
2026-06-07 11:47:50 [DEBUG   ] forensic.forensic_api.windows (windows.py:287): /_forensic/windows POST: Fenster 'b5a348af-e19a-4333-9881-9c2ccba8b299' (Rolle 'userinfo') registriert
2026-06-07 11:47:50 [DEBUG   ] forensic.forensic_api.windows (windows.py:287): /_forensic/windows POST: Fenster 'd9b13c53-24c0-4fcf-ab16-934ebfc3a992' (Rolle 'report') registriert
2026-06-07 11:47:50 [DEBUG   ] forensic.server.http_server (http_server.py:115): HTTP "POST /_forensic/windows HTTP/1.1" 200 -
2026-06-07 11:47:50 [DEBUG   ] forensic.server.http_server (http_server.py:115): HTTP "POST /_forensic/windows HTTP/1.1" 200 -
2026-06-07 11:47:50 [DEBUG   ] forensic.server.router (router.py:104): Router: POST /_forensic/windows (ajax=True)
2026-06-07 11:47:50 [DEBUG   ] forensic.forensic_api.windows (windows.py:287): /_forensic/windows POST: Fenster '6c9c384f-d503-449b-a512-06c973b9d079' (Rolle 'main') registriert
2026-06-07 11:47:50 [DEBUG   ] forensic.server.http_server (http_server.py:115): HTTP "POST /_forensic/windows HTTP/1.1" 200 -
2026-06-07 11:48:05 [DEBUG   ] forensic.server.router (router.py:104): Router: POST /_forensic/windows (ajax=True)
2026-06-07 11:48:05 [DEBUG   ] forensic.forensic_api.windows (windows.py:287): /_forensic/windows POST: Fenster '942b34a1-447a-429c-9c15-a32b1aded594' (Rolle 'userinfo') registriert
2026-06-07 11:48:05 [DEBUG   ] forensic.server.http_server (http_server.py:115): HTTP "POST /_forensic/windows HTTP/1.1" 200 -
2026-06-07 11:48:10 [DEBUG   ] forensic (main.py:467): Watchdog: Heartbeat (Dump: 'logs/freeze_dump.txt')
2026-06-07 11:48:15 [DEBUG   ] forensic.server.router (router.py:104): Router: POST /_forensic/windows (ajax=True)
2026-06-07 11:48:15 [DEBUG   ] forensic.forensic_api.windows (windows.py:287): /_forensic/windows POST: Fenster '44099e4e-7fb1-4cda-8048-090e8be06c9e' (Rolle 'report') registriert
2026-06-07 11:48:15 [DEBUG   ] forensic.server.http_server (http_server.py:115): HTTP "POST /_forensic/windows HTTP/1.1" 200 -
2026-06-07 11:48:18 [DEBUG   ] forensic.server.router (router.py:104): Router: POST /_forensic/windows (ajax=True)
2026-06-07 11:48:18 [DEBUG   ] forensic.forensic_api.windows (windows.py:287): /_forensic/windows POST: Fenster '28647da4-1b6f-40de-8490-df54938e70d5' (Rolle 'userinfo') registriert
2026-06-07 11:48:18 [DEBUG   ] forensic.server.http_server (http_server.py:115): HTTP "POST /_forensic/windows HTTP/1.1" 200 -
2026-06-07 11:48:35 [DEBUG   ] forensic.server.router (router.py:104): Router: POST /_forensic/windows (ajax=True)
2026-06-07 11:48:35 [DEBUG   ] forensic.forensic_api.windows (windows.py:287): /_forensic/windows POST: Fenster '942b34a1-447a-429c-9c15-a32b1aded594' (Rolle 'userinfo') registriert
2026-06-07 11:48:35 [DEBUG   ] forensic.server.http_server (http_server.py:115): HTTP "POST /_forensic/windows HTTP/1.1" 200 -
2026-06-07 11:48:40 [DEBUG   ] forensic (main.py:467): Watchdog: Heartbeat (Dump: 'logs/freeze_dump.txt')
2026-06-07 11:48:45 [DEBUG   ] forensic.server.router (router.py:104): Router: POST /_forensic/windows (ajax=True)
2026-06-07 11:48:45 [DEBUG   ] forensic.forensic_api.windows (windows.py:287): /_forensic/windows POST: Fenster '44099e4e-7fb1-4cda-8048-090e8be06c9e' (Rolle 'report') registriert
2026-06-07 11:48:45 [DEBUG   ] forensic.server.http_server (http_server.py:115): HTTP "POST /_forensic/windows HTTP/1.1" 200 -
2026-06-07 11:48:48 [DEBUG   ] forensic.server.router (router.py:104): Router: POST /_forensic/windows (ajax=True)
2026-06-07 11:48:48 [DEBUG   ] forensic.forensic_api.windows (windows.py:287): /_forensic/windows POST: Fenster '28647da4-1b6f-40de-8490-df54938e70d5' (Rolle 'userinfo') registriert
2026-06-07 11:48:48 [DEBUG   ] forensic.server.http_server (http_server.py:115): HTTP "POST /_forensic/windows HTTP/1.1" 200 -
2026-06-07 11:48:50 [DEBUG   ] forensic.server.router (router.py:104): Router: POST /_forensic/windows (ajax=True)
2026-06-07 11:48:50 [DEBUG   ] forensic.forensic_api.windows (windows.py:287): /_forensic/windows POST: Fenster 'b1de0a1f-3b7c-4ce1-81c7-a2324ccd5457' (Rolle 'main') registriert
2026-06-07 11:48:50 [DEBUG   ] forensic.server.router (router.py:104): Router: POST /_forensic/windows (ajax=True)
2026-06-07 11:48:50 [DEBUG   ] forensic.server.http_server (http_server.py:115): HTTP "POST /_forensic/windows HTTP/1.1" 200 -
2026-06-07 11:48:50 [DEBUG   ] forensic.forensic_api.windows (windows.py:287): /_forensic/windows POST: Fenster '54b291e0-d5b9-4ee9-9c22-ed7c298da892' (Rolle 'userinfo') registriert
2026-06-07 11:48:50 [DEBUG   ] forensic.server.http_server (http_server.py:115): HTTP "POST /_forensic/windows HTTP/1.1" 200 -
2026-06-07 11:48:50 [DEBUG   ] forensic.server.router (router.py:104): Router: POST /_forensic/windows (ajax=True)
2026-06-07 11:48:50 [DEBUG   ] forensic.forensic_api.windows (windows.py:287): /_forensic/windows POST: Fenster 'b5a348af-e19a-4333-9881-9c2ccba8b299' (Rolle 'userinfo') registriert
2026-06-07 11:48:50 [DEBUG   ] forensic.server.http_server (http_server.py:115): HTTP "POST /_forensic/windows HTTP/1.1" 200 -
2026-06-07 11:48:50 [DEBUG   ] forensic.server.router (router.py:104): Router: POST /_forensic/windows (ajax=True)
2026-06-07 11:48:50 [DEBUG   ] forensic.forensic_api.windows (windows.py:287): /_forensic/windows POST: Fenster '6c9c384f-d503-449b-a512-06c973b9d079' (Rolle 'main') registriert
2026-06-07 11:48:50 [DEBUG   ] forensic.server.router (router.py:104): Router: POST /_forensic/windows (ajax=True)
2026-06-07 11:48:50 [DEBUG   ] forensic.forensic_api.windows (windows.py:287): /_forensic/windows POST: Fenster 'd9b13c53-24c0-4fcf-ab16-934ebfc3a992' (Rolle 'report') registriert
2026-06-07 11:48:50 [DEBUG   ] forensic.server.http_server (http_server.py:115): HTTP "POST /_forensic/windows HTTP/1.1" 200 -
2026-06-07 11:48:50 [DEBUG   ] forensic.server.http_server (http_server.py:115): HTTP "POST /_forensic/windows HTTP/1.1" 200 -
2026-06-07 11:49:05 [DEBUG   ] forensic.server.router (router.py:104): Router: POST /_forensic/windows (ajax=True)
2026-06-07 11:49:05 [DEBUG   ] forensic.forensic_api.windows (windows.py:287): /_forensic/windows POST: Fenster '942b34a1-447a-429c-9c15-a32b1aded594' (Rolle 'userinfo') registriert
2026-06-07 11:49:05 [DEBUG   ] forensic.server.http_server (http_server.py:115): HTTP "POST /_forensic/windows HTTP/1.1" 200 -
2026-06-07 11:49:10 [DEBUG   ] forensic (main.py:467): Watchdog: Heartbeat (Dump: 'logs/freeze_dump.txt')
2026-06-07 11:49:15 [DEBUG   ] forensic.server.router (router.py:104): Router: POST /_forensic/windows (ajax=True)
2026-06-07 11:49:15 [DEBUG   ] forensic.forensic_api.windows (windows.py:287): /_forensic/windows POST: Fenster '44099e4e-7fb1-4cda-8048-090e8be06c9e' (Rolle 'report') registriert
2026-06-07 11:49:15 [DEBUG   ] forensic.server.http_server (http_server.py:115): HTTP "POST /_forensic/windows HTTP/1.1" 200 -
2026-06-07 11:49:18 [DEBUG   ] forensic.server.router (router.py:104): Router: POST /_forensic/windows (ajax=True)
2026-06-07 11:49:18 [DEBUG   ] forensic.forensic_api.windows (windows.py:287): /_forensic/windows POST: Fenster '28647da4-1b6f-40de-8490-df54938e70d5' (Rolle 'userinfo') registriert
2026-06-07 11:49:18 [DEBUG   ] forensic.server.http_server (http_server.py:115): HTTP "POST /_forensic/windows HTTP/1.1" 200 -
2026-06-07 11:49:35 [DEBUG   ] forensic.server.router (router.py:104): Router: POST /_forensic/windows (ajax=True)
2026-06-07 11:49:35 [DEBUG   ] forensic.forensic_api.windows (windows.py:287): /_forensic/windows POST: Fenster '942b34a1-447a-429c-9c15-a32b1aded594' (Rolle 'userinfo') registriert
2026-06-07 11:49:35 [DEBUG   ] forensic.server.http_server (http_server.py:115): HTTP "POST /_forensic/windows HTTP/1.1" 200 -
2026-06-07 11:49:40 [DEBUG   ] forensic (main.py:467): Watchdog: Heartbeat (Dump: 'logs/freeze_dump.txt')
2026-06-07 11:49:45 [DEBUG   ] forensic.server.router (router.py:104): Router: POST /_forensic/windows (ajax=True)
2026-06-07 11:49:45 [DEBUG   ] forensic.forensic_api.windows (windows.py:287): /_forensic/windows POST: Fenster '44099e4e-7fb1-4cda-8048-090e8be06c9e' (Rolle 'report') registriert
2026-06-07 11:49:45 [DEBUG   ] forensic.server.http_server (http_server.py:115): HTTP "POST /_forensic/windows HTTP/1.1" 200 -
2026-06-07 11:49:48 [DEBUG   ] forensic.server.router (router.py:104): Router: POST /_forensic/windows (ajax=True)
2026-06-07 11:49:48 [DEBUG   ] forensic.forensic_api.windows (windows.py:287): /_forensic/windows POST: Fenster '28647da4-1b6f-40de-8490-df54938e70d5' (Rolle 'userinfo') registriert
2026-06-07 11:49:48 [DEBUG   ] forensic.server.http_server (http_server.py:115): HTTP "POST /_forensic/windows HTTP/1.1" 200 -
2026-06-07 11:49:50 [DEBUG   ] forensic.server.router (router.py:104): Router: POST /_forensic/windows (ajax=True)
2026-06-07 11:49:50 [DEBUG   ] forensic.forensic_api.windows (windows.py:287): /_forensic/windows POST: Fenster '54b291e0-d5b9-4ee9-9c22-ed7c298da892' (Rolle 'userinfo') registriert
2026-06-07 11:49:50 [DEBUG   ] forensic.server.http_server (http_server.py:115): HTTP "POST /_forensic/windows HTTP/1.1" 200 -
2026-06-07 11:49:50 [DEBUG   ] forensic.server.router (router.py:104): Router: POST /_forensic/windows (ajax=True)
2026-06-07 11:49:50 [DEBUG   ] forensic.forensic_api.windows (windows.py:287): /_forensic/windows POST: Fenster 'b5a348af-e19a-4333-9881-9c2ccba8b299' (Rolle 'userinfo') registriert
2026-06-07 11:49:50 [DEBUG   ] forensic.server.http_server (http_server.py:115): HTTP "POST /_forensic/windows HTTP/1.1" 200 -
2026-06-07 11:49:50 [DEBUG   ] forensic.server.router (router.py:104): Router: POST /_forensic/windows (ajax=True)
2026-06-07 11:49:50 [DEBUG   ] forensic.forensic_api.windows (windows.py:287): /_forensic/windows POST: Fenster 'd9b13c53-24c0-4fcf-ab16-934ebfc3a992' (Rolle 'report') registriert
2026-06-07 11:49:50 [DEBUG   ] forensic.server.http_server (http_server.py:115): HTTP "POST /_forensic/windows HTTP/1.1" 200 -
2026-06-07 11:49:50 [DEBUG   ] forensic.server.router (router.py:104): Router: POST /_forensic/windows (ajax=True)
2026-06-07 11:49:50 [DEBUG   ] forensic.forensic_api.windows (windows.py:287): /_forensic/windows POST: Fenster '6c9c384f-d503-449b-a512-06c973b9d079' (Rolle 'main') registriert
2026-06-07 11:49:50 [DEBUG   ] forensic.server.http_server (http_server.py:115): HTTP "POST /_forensic/windows HTTP/1.1" 200 -
2026-06-07 11:49:50 [DEBUG   ] forensic.server.router (router.py:104): Router: POST /_forensic/windows (ajax=True)
2026-06-07 11:49:50 [DEBUG   ] forensic.forensic_api.windows (windows.py:287): /_forensic/windows POST: Fenster 'b1de0a1f-3b7c-4ce1-81c7-a2324ccd5457' (Rolle 'main') registriert
2026-06-07 11:49:50 [DEBUG   ] forensic.server.http_server (http_server.py:115): HTTP "POST /_forensic/windows HTTP/1.1" 200 -
2026-06-07 11:50:05 [DEBUG   ] forensic.server.router (router.py:104): Router: POST /_forensic/windows (ajax=True)
2026-06-07 11:50:05 [DEBUG   ] forensic.forensic_api.windows (windows.py:287): /_forensic/windows POST: Fenster '942b34a1-447a-429c-9c15-a32b1aded594' (Rolle 'userinfo') registriert
2026-06-07 11:50:05 [DEBUG   ] forensic.server.http_server (http_server.py:115): HTTP "POST /_forensic/windows HTTP/1.1" 200 -
2026-06-07 11:50:10 [DEBUG   ] forensic (main.py:467): Watchdog: Heartbeat (Dump: 'logs/freeze_dump.txt')
2026-06-07 11:50:15 [DEBUG   ] forensic.server.router (router.py:104): Router: POST /_forensic/windows (ajax=True)
2026-06-07 11:50:15 [DEBUG   ] forensic.forensic_api.windows (windows.py:287): /_forensic/windows POST: Fenster '44099e4e-7fb1-4cda-8048-090e8be06c9e' (Rolle 'report') registriert
2026-06-07 11:50:15 [DEBUG   ] forensic.server.http_server (http_server.py:115): HTTP "POST /_forensic/windows HTTP/1.1" 200 -
2026-06-07 11:50:18 [DEBUG   ] forensic.server.router (router.py:104): Router: POST /_forensic/windows (ajax=True)
2026-06-07 11:50:18 [DEBUG   ] forensic.forensic_api.windows (windows.py:287): /_forensic/windows POST: Fenster '28647da4-1b6f-40de-8490-df54938e70d5' (Rolle 'userinfo') registriert
2026-06-07 11:50:18 [DEBUG   ] forensic.server.http_server (http_server.py:115): HTTP "POST /_forensic/windows HTTP/1.1" 200 -
2026-06-07 11:50:35 [DEBUG   ] forensic.server.router (router.py:104): Router: POST /_forensic/windows (ajax=True)
2026-06-07 11:50:35 [DEBUG   ] forensic.forensic_api.windows (windows.py:287): /_forensic/windows POST: Fenster '942b34a1-447a-429c-9c15-a32b1aded594' (Rolle 'userinfo') registriert
2026-06-07 11:50:35 [DEBUG   ] forensic.server.http_server (http_server.py:115): HTTP "POST /_forensic/windows HTTP/1.1" 200 -
2026-06-07 11:50:40 [DEBUG   ] forensic (main.py:467): Watchdog: Heartbeat (Dump: 'logs/freeze_dump.txt')
2026-06-07 11:50:45 [DEBUG   ] forensic.server.router (router.py:104): Router: POST /_forensic/windows (ajax=True)
2026-06-07 11:50:45 [DEBUG   ] forensic.forensic_api.windows (windows.py:287): /_forensic/windows POST: Fenster '44099e4e-7fb1-4cda-8048-090e8be06c9e' (Rolle 'report') registriert
2026-06-07 11:50:45 [DEBUG   ] forensic.server.http_server (http_server.py:115): HTTP "POST /_forensic/windows HTTP/1.1" 200 -
2026-06-07 11:50:48 [DEBUG   ] forensic.server.router (router.py:104): Router: POST /_forensic/windows (ajax=True)
2026-06-07 11:50:48 [DEBUG   ] forensic.forensic_api.windows (windows.py:287): /_forensic/windows POST: Fenster '28647da4-1b6f-40de-8490-df54938e70d5' (Rolle 'userinfo') registriert
2026-06-07 11:50:48 [DEBUG   ] forensic.server.http_server (http_server.py:115): HTTP "POST /_forensic/windows HTTP/1.1" 200 -
2026-06-07 11:50:50 [DEBUG   ] forensic.server.router (router.py:104): Router: POST /_forensic/windows (ajax=True)
2026-06-07 11:50:50 [DEBUG   ] forensic.server.router (router.py:104): Router: POST /_forensic/windows (ajax=True)
2026-06-07 11:50:50 [DEBUG   ] forensic.forensic_api.windows (windows.py:287): /_forensic/windows POST: Fenster 'b5a348af-e19a-4333-9881-9c2ccba8b299' (Rolle 'userinfo') registriert
2026-06-07 11:50:50 [DEBUG   ] forensic.server.http_server (http_server.py:115): HTTP "POST /_forensic/windows HTTP/1.1" 200 -
2026-06-07 11:50:50 [DEBUG   ] forensic.forensic_api.windows (windows.py:287): /_forensic/windows POST: Fenster 'b1de0a1f-3b7c-4ce1-81c7-a2324ccd5457' (Rolle 'main') registriert
2026-06-07 11:50:50 [DEBUG   ] forensic.server.http_server (http_server.py:115): HTTP "POST /_forensic/windows HTTP/1.1" 200 -
2026-06-07 11:50:50 [DEBUG   ] forensic.server.router (router.py:104): Router: POST /_forensic/windows (ajax=True)
2026-06-07 11:50:50 [DEBUG   ] forensic.forensic_api.windows (windows.py:287): /_forensic/windows POST: Fenster '54b291e0-d5b9-4ee9-9c22-ed7c298da892' (Rolle 'userinfo') registriert
2026-06-07 11:50:50 [DEBUG   ] forensic.server.http_server (http_server.py:115): HTTP "POST /_forensic/windows HTTP/1.1" 200 -
2026-06-07 11:50:50 [DEBUG   ] forensic.server.router (router.py:104): Router: POST /_forensic/windows (ajax=True)
2026-06-07 11:50:50 [DEBUG   ] forensic.forensic_api.windows (windows.py:287): /_forensic/windows POST: Fenster '6c9c384f-d503-449b-a512-06c973b9d079' (Rolle 'main') registriert
2026-06-07 11:50:50 [DEBUG   ] forensic.server.http_server (http_server.py:115): HTTP "POST /_forensic/windows HTTP/1.1" 200 -
2026-06-07 11:50:50 [DEBUG   ] forensic.server.router (router.py:104): Router: POST /_forensic/windows (ajax=True)
2026-06-07 11:50:50 [DEBUG   ] forensic.forensic_api.windows (windows.py:287): /_forensic/windows POST: Fenster 'd9b13c53-24c0-4fcf-ab16-934ebfc3a992' (Rolle 'report') registriert
2026-06-07 11:50:50 [DEBUG   ] forensic.server.http_server (http_server.py:115): HTTP "POST /_forensic/windows HTTP/1.1" 200 -
2026-06-07 11:51:05 [DEBUG   ] forensic.server.router (router.py:104): Router: POST /_forensic/windows (ajax=True)
2026-06-07 11:51:05 [DEBUG   ] forensic.forensic_api.windows (windows.py:287): /_forensic/windows POST: Fenster '942b34a1-447a-429c-9c15-a32b1aded594' (Rolle 'userinfo') registriert
2026-06-07 11:51:05 [DEBUG   ] forensic.server.http_server (http_server.py:115): HTTP "POST /_forensic/windows HTTP/1.1" 200 -
2026-06-07 11:51:10 [DEBUG   ] forensic (main.py:467): Watchdog: Heartbeat (Dump: 'logs/freeze_dump.txt')
2026-06-07 11:51:15 [DEBUG   ] forensic.server.router (router.py:104): Router: POST /_forensic/windows (ajax=True)
2026-06-07 11:51:15 [DEBUG   ] forensic.forensic_api.windows (windows.py:287): /_forensic/windows POST: Fenster '44099e4e-7fb1-4cda-8048-090e8be06c9e' (Rolle 'report') registriert
2026-06-07 11:51:15 [DEBUG   ] forensic.server.http_server (http_server.py:115): HTTP "POST /_forensic/windows HTTP/1.1" 200 -
2026-06-07 11:51:18 [DEBUG   ] forensic.server.router (router.py:104): Router: POST /_forensic/windows (ajax=True)
2026-06-07 11:51:18 [DEBUG   ] forensic.forensic_api.windows (windows.py:287): /_forensic/windows POST: Fenster '28647da4-1b6f-40de-8490-df54938e70d5' (Rolle 'userinfo') registriert
2026-06-07 11:51:18 [DEBUG   ] forensic.server.http_server (http_server.py:115): HTTP "POST /_forensic/windows HTTP/1.1" 200 -
2026-06-07 11:51:35 [DEBUG   ] forensic.server.router (router.py:104): Router: POST /_forensic/windows (ajax=True)
2026-06-07 11:51:35 [DEBUG   ] forensic.forensic_api.windows (windows.py:287): /_forensic/windows POST: Fenster '942b34a1-447a-429c-9c15-a32b1aded594' (Rolle 'userinfo') registriert
2026-06-07 11:51:35 [DEBUG   ] forensic.server.http_server (http_server.py:115): HTTP "POST /_forensic/windows HTTP/1.1" 200 -
2026-06-07 11:51:40 [DEBUG   ] forensic (main.py:467): Watchdog: Heartbeat (Dump: 'logs/freeze_dump.txt')
2026-06-07 11:51:45 [DEBUG   ] forensic.server.router (router.py:104): Router: POST /_forensic/windows (ajax=True)
2026-06-07 11:51:45 [DEBUG   ] forensic.forensic_api.windows (windows.py:287): /_forensic/windows POST: Fenster '44099e4e-7fb1-4cda-8048-090e8be06c9e' (Rolle 'report') registriert
2026-06-07 11:51:45 [DEBUG   ] forensic.server.http_server (http_server.py:115): HTTP "POST /_forensic/windows HTTP/1.1" 200 -
2026-06-07 11:51:48 [DEBUG   ] forensic.server.router (router.py:104): Router: POST /_forensic/windows (ajax=True)
2026-06-07 11:51:48 [DEBUG   ] forensic.forensic_api.windows (windows.py:287): /_forensic/windows POST: Fenster '28647da4-1b6f-40de-8490-df54938e70d5' (Rolle 'userinfo') registriert
2026-06-07 11:51:48 [DEBUG   ] forensic.server.http_server (http_server.py:115): HTTP "POST /_forensic/windows HTTP/1.1" 200 -
2026-06-07 11:51:50 [DEBUG   ] forensic.server.router (router.py:104): Router: POST /_forensic/windows (ajax=True)
2026-06-07 11:51:50 [DEBUG   ] forensic.server.router (router.py:104): Router: POST /_forensic/windows (ajax=True)
2026-06-07 11:51:50 [DEBUG   ] forensic.forensic_api.windows (windows.py:287): /_forensic/windows POST: Fenster 'b1de0a1f-3b7c-4ce1-81c7-a2324ccd5457' (Rolle 'main') registriert
2026-06-07 11:51:50 [DEBUG   ] forensic.server.router (router.py:104): Router: POST /_forensic/windows (ajax=True)
2026-06-07 11:51:50 [DEBUG   ] forensic.forensic_api.windows (windows.py:287): /_forensic/windows POST: Fenster '54b291e0-d5b9-4ee9-9c22-ed7c298da892' (Rolle 'userinfo') registriert
2026-06-07 11:51:50 [DEBUG   ] forensic.forensic_api.windows (windows.py:287): /_forensic/windows POST: Fenster 'b5a348af-e19a-4333-9881-9c2ccba8b299' (Rolle 'userinfo') registriert
2026-06-07 11:51:50 [DEBUG   ] forensic.server.http_server (http_server.py:115): HTTP "POST /_forensic/windows HTTP/1.1" 200 -
2026-06-07 11:51:50 [DEBUG   ] forensic.server.router (router.py:104): Router: POST /_forensic/windows (ajax=True)
2026-06-07 11:51:50 [DEBUG   ] forensic.server.http_server (http_server.py:115): HTTP "POST /_forensic/windows HTTP/1.1" 200 -
2026-06-07 11:51:50 [DEBUG   ] forensic.server.router (router.py:104): Router: POST /_forensic/windows (ajax=True)
2026-06-07 11:51:50 [DEBUG   ] forensic.server.http_server (http_server.py:115): HTTP "POST /_forensic/windows HTTP/1.1" 200 -
2026-06-07 11:51:50 [DEBUG   ] forensic.forensic_api.windows (windows.py:287): /_forensic/windows POST: Fenster 'd9b13c53-24c0-4fcf-ab16-934ebfc3a992' (Rolle 'report') registriert
2026-06-07 11:51:50 [DEBUG   ] forensic.server.http_server (http_server.py:115): HTTP "POST /_forensic/windows HTTP/1.1" 200 -
2026-06-07 11:51:50 [DEBUG   ] forensic.forensic_api.windows (windows.py:287): /_forensic/windows POST: Fenster '6c9c384f-d503-449b-a512-06c973b9d079' (Rolle 'main') registriert
2026-06-07 11:51:50 [DEBUG   ] forensic.server.http_server (http_server.py:115): HTTP "POST /_forensic/windows HTTP/1.1" 200 -
2026-06-07 11:52:05 [DEBUG   ] forensic.server.router (router.py:104): Router: POST /_forensic/windows (ajax=True)
2026-06-07 11:52:05 [DEBUG   ] forensic.forensic_api.windows (windows.py:287): /_forensic/windows POST: Fenster '942b34a1-447a-429c-9c15-a32b1aded594' (Rolle 'userinfo') registriert
2026-06-07 11:52:05 [DEBUG   ] forensic.server.http_server (http_server.py:115): HTTP "POST /_forensic/windows HTTP/1.1" 200 -
2026-06-07 11:52:10 [DEBUG   ] forensic (main.py:467): Watchdog: Heartbeat (Dump: 'logs/freeze_dump.txt')
2026-06-07 11:52:15 [DEBUG   ] forensic.server.router (router.py:104): Router: POST /_forensic/windows (ajax=True)
2026-06-07 11:52:15 [DEBUG   ] forensic.forensic_api.windows (windows.py:287): /_forensic/windows POST: Fenster '44099e4e-7fb1-4cda-8048-090e8be06c9e' (Rolle 'report') registriert
2026-06-07 11:52:15 [DEBUG   ] forensic.server.http_server (http_server.py:115): HTTP "POST /_forensic/windows HTTP/1.1" 200 -
2026-06-07 11:52:18 [DEBUG   ] forensic.server.router (router.py:104): Router: POST /_forensic/windows (ajax=True)
2026-06-07 11:52:18 [DEBUG   ] forensic.forensic_api.windows (windows.py:287): /_forensic/windows POST: Fenster '28647da4-1b6f-40de-8490-df54938e70d5' (Rolle 'userinfo') registriert
2026-06-07 11:52:18 [DEBUG   ] forensic.server.http_server (http_server.py:115): HTTP "POST /_forensic/windows HTTP/1.1" 200 -
2026-06-07 11:52:35 [DEBUG   ] forensic.server.router (router.py:104): Router: POST /_forensic/windows (ajax=True)
2026-06-07 11:52:35 [DEBUG   ] forensic.forensic_api.windows (windows.py:287): /_forensic/windows POST: Fenster '942b34a1-447a-429c-9c15-a32b1aded594' (Rolle 'userinfo') registriert
2026-06-07 11:52:35 [DEBUG   ] forensic.server.http_server (http_server.py:115): HTTP "POST /_forensic/windows HTTP/1.1" 200 -
2026-06-07 11:52:40 [DEBUG   ] forensic (main.py:467): Watchdog: Heartbeat (Dump: 'logs/freeze_dump.txt')
2026-06-07 11:52:45 [DEBUG   ] forensic.server.router (router.py:104): Router: POST /_forensic/windows (ajax=True)
2026-06-07 11:52:45 [DEBUG   ] forensic.forensic_api.windows (windows.py:287): /_forensic/windows POST: Fenster '44099e4e-7fb1-4cda-8048-090e8be06c9e' (Rolle 'report') registriert
2026-06-07 11:52:45 [DEBUG   ] forensic.server.http_server (http_server.py:115): HTTP "POST /_forensic/windows HTTP/1.1" 200 -
2026-06-07 11:52:48 [DEBUG   ] forensic.server.router (router.py:104): Router: POST /_forensic/windows (ajax=True)
2026-06-07 11:52:48 [DEBUG   ] forensic.forensic_api.windows (windows.py:287): /_forensic/windows POST: Fenster '28647da4-1b6f-40de-8490-df54938e70d5' (Rolle 'userinfo') registriert
2026-06-07 11:52:48 [DEBUG   ] forensic.server.http_server (http_server.py:115): HTTP "POST /_forensic/windows HTTP/1.1" 200 -
2026-06-07 11:52:50 [DEBUG   ] forensic.server.router (router.py:104): Router: POST /_forensic/windows (ajax=True)
2026-06-07 11:52:50 [DEBUG   ] forensic.server.router (router.py:104): Router: POST /_forensic/windows (ajax=True)
2026-06-07 11:52:50 [DEBUG   ] forensic.forensic_api.windows (windows.py:287): /_forensic/windows POST: Fenster '54b291e0-d5b9-4ee9-9c22-ed7c298da892' (Rolle 'userinfo') registriert
2026-06-07 11:52:50 [DEBUG   ] forensic.server.http_server (http_server.py:115): HTTP "POST /_forensic/windows HTTP/1.1" 200 -
2026-06-07 11:52:50 [DEBUG   ] forensic.server.router (router.py:104): Router: POST /_forensic/windows (ajax=True)
2026-06-07 11:52:50 [DEBUG   ] forensic.forensic_api.windows (windows.py:287): /_forensic/windows POST: Fenster 'b5a348af-e19a-4333-9881-9c2ccba8b299' (Rolle 'userinfo') registriert
2026-06-07 11:52:50 [DEBUG   ] forensic.server.http_server (http_server.py:115): HTTP "POST /_forensic/windows HTTP/1.1" 200 -
2026-06-07 11:52:50 [DEBUG   ] forensic.forensic_api.windows (windows.py:287): /_forensic/windows POST: Fenster 'b1de0a1f-3b7c-4ce1-81c7-a2324ccd5457' (Rolle 'main') registriert
2026-06-07 11:52:50 [DEBUG   ] forensic.server.router (router.py:104): Router: POST /_forensic/windows (ajax=True)
2026-06-07 11:52:50 [DEBUG   ] forensic.forensic_api.windows (windows.py:287): /_forensic/windows POST: Fenster '6c9c384f-d503-449b-a512-06c973b9d079' (Rolle 'main') registriert
2026-06-07 11:52:50 [DEBUG   ] forensic.server.http_server (http_server.py:115): HTTP "POST /_forensic/windows HTTP/1.1" 200 -
2026-06-07 11:52:50 [DEBUG   ] forensic.server.http_server (http_server.py:115): HTTP "POST /_forensic/windows HTTP/1.1" 200 -
2026-06-07 11:52:50 [DEBUG   ] forensic.server.router (router.py:104): Router: POST /_forensic/windows (ajax=True)
2026-06-07 11:52:50 [DEBUG   ] forensic.forensic_api.windows (windows.py:287): /_forensic/windows POST: Fenster 'd9b13c53-24c0-4fcf-ab16-934ebfc3a992' (Rolle 'report') registriert
2026-06-07 11:52:50 [DEBUG   ] forensic.server.http_server (http_server.py:115): HTTP "POST /_forensic/windows HTTP/1.1" 200 -
2026-06-07 11:53:05 [DEBUG   ] forensic.server.router (router.py:104): Router: POST /_forensic/windows (ajax=True)
2026-06-07 11:53:05 [DEBUG   ] forensic.forensic_api.windows (windows.py:287): /_forensic/windows POST: Fenster '942b34a1-447a-429c-9c15-a32b1aded594' (Rolle 'userinfo') registriert
2026-06-07 11:53:05 [DEBUG   ] forensic.server.http_server (http_server.py:115): HTTP "POST /_forensic/windows HTTP/1.1" 200 -
2026-06-07 11:53:10 [DEBUG   ] forensic (main.py:467): Watchdog: Heartbeat (Dump: 'logs/freeze_dump.txt')
2026-06-07 11:53:15 [DEBUG   ] forensic.server.router (router.py:104): Router: POST /_forensic/windows (ajax=True)
2026-06-07 11:53:15 [DEBUG   ] forensic.forensic_api.windows (windows.py:287): /_forensic/windows POST: Fenster '44099e4e-7fb1-4cda-8048-090e8be06c9e' (Rolle 'report') registriert
2026-06-07 11:53:15 [DEBUG   ] forensic.server.http_server (http_server.py:115): HTTP "POST /_forensic/windows HTTP/1.1" 200 -
2026-06-07 11:53:18 [DEBUG   ] forensic.server.router (router.py:104): Router: POST /_forensic/windows (ajax=True)
2026-06-07 11:53:18 [DEBUG   ] forensic.forensic_api.windows (windows.py:287): /_forensic/windows POST: Fenster '28647da4-1b6f-40de-8490-df54938e70d5' (Rolle 'userinfo') registriert
2026-06-07 11:53:18 [DEBUG   ] forensic.server.http_server (http_server.py:115): HTTP "POST /_forensic/windows HTTP/1.1" 200 -
2026-06-07 11:53:35 [DEBUG   ] forensic.server.router (router.py:104): Router: POST /_forensic/windows (ajax=True)
2026-06-07 11:53:35 [DEBUG   ] forensic.forensic_api.windows (windows.py:287): /_forensic/windows POST: Fenster '942b34a1-447a-429c-9c15-a32b1aded594' (Rolle 'userinfo') registriert
2026-06-07 11:53:35 [DEBUG   ] forensic.server.http_server (http_server.py:115): HTTP "POST /_forensic/windows HTTP/1.1" 200 -
2026-06-07 11:53:40 [DEBUG   ] forensic (main.py:467): Watchdog: Heartbeat (Dump: 'logs/freeze_dump.txt')
2026-06-07 11:53:45 [DEBUG   ] forensic.server.router (router.py:104): Router: POST /_forensic/windows (ajax=True)
2026-06-07 11:53:45 [DEBUG   ] forensic.forensic_api.windows (windows.py:287): /_forensic/windows POST: Fenster '44099e4e-7fb1-4cda-8048-090e8be06c9e' (Rolle 'report') registriert
2026-06-07 11:53:45 [DEBUG   ] forensic.server.http_server (http_server.py:115): HTTP "POST /_forensic/windows HTTP/1.1" 200 -
2026-06-07 11:53:48 [DEBUG   ] forensic.server.router (router.py:104): Router: POST /_forensic/windows (ajax=True)
2026-06-07 11:53:48 [DEBUG   ] forensic.forensic_api.windows (windows.py:287): /_forensic/windows POST: Fenster '28647da4-1b6f-40de-8490-df54938e70d5' (Rolle 'userinfo') registriert
2026-06-07 11:53:48 [DEBUG   ] forensic.server.http_server (http_server.py:115): HTTP "POST /_forensic/windows HTTP/1.1" 200 -
2026-06-07 11:53:50 [DEBUG   ] forensic.server.router (router.py:104): Router: POST /_forensic/windows (ajax=True)
2026-06-07 11:53:50 [DEBUG   ] forensic.forensic_api.windows (windows.py:287): /_forensic/windows POST: Fenster 'b1de0a1f-3b7c-4ce1-81c7-a2324ccd5457' (Rolle 'main') registriert
2026-06-07 11:53:50 [DEBUG   ] forensic.server.http_server (http_server.py:115): HTTP "POST /_forensic/windows HTTP/1.1" 200 -
2026-06-07 11:53:50 [DEBUG   ] forensic.server.router (router.py:104): Router: POST /_forensic/windows (ajax=True)
2026-06-07 11:53:50 [DEBUG   ] forensic.forensic_api.windows (windows.py:287): /_forensic/windows POST: Fenster '54b291e0-d5b9-4ee9-9c22-ed7c298da892' (Rolle 'userinfo') registriert
2026-06-07 11:53:50 [DEBUG   ] forensic.server.http_server (http_server.py:115): HTTP "POST /_forensic/windows HTTP/1.1" 200 -
2026-06-07 11:53:50 [DEBUG   ] forensic.server.router (router.py:104): Router: POST /_forensic/windows (ajax=True)
2026-06-07 11:53:50 [DEBUG   ] forensic.forensic_api.windows (windows.py:287): /_forensic/windows POST: Fenster 'b5a348af-e19a-4333-9881-9c2ccba8b299' (Rolle 'userinfo') registriert
2026-06-07 11:53:50 [DEBUG   ] forensic.server.http_server (http_server.py:115): HTTP "POST /_forensic/windows HTTP/1.1" 200 -
2026-06-07 11:53:50 [DEBUG   ] forensic.server.router (router.py:104): Router: POST /_forensic/windows (ajax=True)
2026-06-07 11:53:50 [DEBUG   ] forensic.forensic_api.windows (windows.py:287): /_forensic/windows POST: Fenster '6c9c384f-d503-449b-a512-06c973b9d079' (Rolle 'main') registriert
2026-06-07 11:53:50 [DEBUG   ] forensic.server.http_server (http_server.py:115): HTTP "POST /_forensic/windows HTTP/1.1" 200 -
2026-06-07 11:53:50 [DEBUG   ] forensic.server.router (router.py:104): Router: POST /_forensic/windows (ajax=True)
2026-06-07 11:53:50 [DEBUG   ] forensic.forensic_api.windows (windows.py:287): /_forensic/windows POST: Fenster 'd9b13c53-24c0-4fcf-ab16-934ebfc3a992' (Rolle 'report') registriert
2026-06-07 11:53:50 [DEBUG   ] forensic.server.http_server (http_server.py:115): HTTP "POST /_forensic/windows HTTP/1.1" 200 -
2026-06-07 11:54:05 [DEBUG   ] forensic.server.router (router.py:104): Router: POST /_forensic/windows (ajax=True)
2026-06-07 11:54:05 [DEBUG   ] forensic.forensic_api.windows (windows.py:287): /_forensic/windows POST: Fenster '942b34a1-447a-429c-9c15-a32b1aded594' (Rolle 'userinfo') registriert
2026-06-07 11:54:05 [DEBUG   ] forensic.server.http_server (http_server.py:115): HTTP "POST /_forensic/windows HTTP/1.1" 200 -
2026-06-07 11:54:10 [DEBUG   ] forensic (main.py:467): Watchdog: Heartbeat (Dump: 'logs/freeze_dump.txt')
2026-06-07 11:54:15 [DEBUG   ] forensic.server.router (router.py:104): Router: POST /_forensic/windows (ajax=True)
2026-06-07 11:54:15 [DEBUG   ] forensic.forensic_api.windows (windows.py:287): /_forensic/windows POST: Fenster '44099e4e-7fb1-4cda-8048-090e8be06c9e' (Rolle 'report') registriert
2026-06-07 11:54:15 [DEBUG   ] forensic.server.http_server (http_server.py:115): HTTP "POST /_forensic/windows HTTP/1.1" 200 -
2026-06-07 11:54:18 [DEBUG   ] forensic.server.router (router.py:104): Router: POST /_forensic/windows (ajax=True)
2026-06-07 11:54:18 [DEBUG   ] forensic.forensic_api.windows (windows.py:287): /_forensic/windows POST: Fenster '28647da4-1b6f-40de-8490-df54938e70d5' (Rolle 'userinfo') registriert
2026-06-07 11:54:18 [DEBUG   ] forensic.server.http_server (http_server.py:115): HTTP "POST /_forensic/windows HTTP/1.1" 200 -
2026-06-07 11:54:35 [DEBUG   ] forensic.server.router (router.py:104): Router: POST /_forensic/windows (ajax=True)
2026-06-07 11:54:35 [DEBUG   ] forensic.forensic_api.windows (windows.py:287): /_forensic/windows POST: Fenster '942b34a1-447a-429c-9c15-a32b1aded594' (Rolle 'userinfo') registriert
2026-06-07 11:54:35 [DEBUG   ] forensic.server.http_server (http_server.py:115): HTTP "POST /_forensic/windows HTTP/1.1" 200 -
2026-06-07 11:54:40 [DEBUG   ] forensic (main.py:467): Watchdog: Heartbeat (Dump: 'logs/freeze_dump.txt')
2026-06-07 11:54:45 [DEBUG   ] forensic.server.router (router.py:104): Router: POST /_forensic/windows (ajax=True)
2026-06-07 11:54:45 [DEBUG   ] forensic.forensic_api.windows (windows.py:287): /_forensic/windows POST: Fenster '44099e4e-7fb1-4cda-8048-090e8be06c9e' (Rolle 'report') registriert
2026-06-07 11:54:45 [DEBUG   ] forensic.server.http_server (http_server.py:115): HTTP "POST /_forensic/windows HTTP/1.1" 200 -
2026-06-07 11:54:48 [DEBUG   ] forensic.server.router (router.py:104): Router: POST /_forensic/windows (ajax=True)
2026-06-07 11:54:48 [DEBUG   ] forensic.forensic_api.windows (windows.py:287): /_forensic/windows POST: Fenster '28647da4-1b6f-40de-8490-df54938e70d5' (Rolle 'userinfo') registriert
2026-06-07 11:54:48 [DEBUG   ] forensic.server.http_server (http_server.py:115): HTTP "POST /_forensic/windows HTTP/1.1" 200 -
2026-06-07 11:54:50 [DEBUG   ] forensic.server.router (router.py:104): Router: POST /_forensic/windows (ajax=True)
2026-06-07 11:54:50 [DEBUG   ] forensic.forensic_api.windows (windows.py:287): /_forensic/windows POST: Fenster '54b291e0-d5b9-4ee9-9c22-ed7c298da892' (Rolle 'userinfo') registriert
2026-06-07 11:54:50 [DEBUG   ] forensic.server.router (router.py:104): Router: POST /_forensic/windows (ajax=True)
2026-06-07 11:54:50 [DEBUG   ] forensic.forensic_api.windows (windows.py:287): /_forensic/windows POST: Fenster 'b1de0a1f-3b7c-4ce1-81c7-a2324ccd5457' (Rolle 'main') registriert
2026-06-07 11:54:50 [DEBUG   ] forensic.server.http_server (http_server.py:115): HTTP "POST /_forensic/windows HTTP/1.1" 200 -
2026-06-07 11:54:50 [DEBUG   ] forensic.server.http_server (http_server.py:115): HTTP "POST /_forensic/windows HTTP/1.1" 200 -
2026-06-07 11:54:50 [DEBUG   ] forensic.server.router (router.py:104): Router: POST /_forensic/windows (ajax=True)
2026-06-07 11:54:50 [DEBUG   ] forensic.forensic_api.windows (windows.py:287): /_forensic/windows POST: Fenster 'b5a348af-e19a-4333-9881-9c2ccba8b299' (Rolle 'userinfo') registriert
2026-06-07 11:54:50 [DEBUG   ] forensic.server.http_server (http_server.py:115): HTTP "POST /_forensic/windows HTTP/1.1" 200 -
2026-06-07 11:54:50 [DEBUG   ] forensic.server.router (router.py:104): Router: POST /_forensic/windows (ajax=True)
2026-06-07 11:54:50 [DEBUG   ] forensic.forensic_api.windows (windows.py:287): /_forensic/windows POST: Fenster '6c9c384f-d503-449b-a512-06c973b9d079' (Rolle 'main') registriert
2026-06-07 11:54:50 [DEBUG   ] forensic.server.http_server (http_server.py:115): HTTP "POST /_forensic/windows HTTP/1.1" 200 -
2026-06-07 11:54:50 [DEBUG   ] forensic.server.router (router.py:104): Router: POST /_forensic/windows (ajax=True)
2026-06-07 11:54:50 [DEBUG   ] forensic.forensic_api.windows (windows.py:287): /_forensic/windows POST: Fenster 'd9b13c53-24c0-4fcf-ab16-934ebfc3a992' (Rolle 'report') registriert
2026-06-07 11:54:50 [DEBUG   ] forensic.server.http_server (http_server.py:115): HTTP "POST /_forensic/windows HTTP/1.1" 200 -
2026-06-07 11:55:05 [DEBUG   ] forensic.server.router (router.py:104): Router: POST /_forensic/windows (ajax=True)
2026-06-07 11:55:05 [DEBUG   ] forensic.forensic_api.windows (windows.py:287): /_forensic/windows POST: Fenster '942b34a1-447a-429c-9c15-a32b1aded594' (Rolle 'userinfo') registriert
2026-06-07 11:55:05 [DEBUG   ] forensic.server.http_server (http_server.py:115): HTTP "POST /_forensic/windows HTTP/1.1" 200 -
2026-06-07 11:55:10 [DEBUG   ] forensic (main.py:467): Watchdog: Heartbeat (Dump: 'logs/freeze_dump.txt')
2026-06-07 11:55:15 [DEBUG   ] forensic.server.router (router.py:104): Router: POST /_forensic/windows (ajax=True)
2026-06-07 11:55:15 [DEBUG   ] forensic.forensic_api.windows (windows.py:287): /_forensic/windows POST: Fenster '44099e4e-7fb1-4cda-8048-090e8be06c9e' (Rolle 'report') registriert
2026-06-07 11:55:15 [DEBUG   ] forensic.server.http_server (http_server.py:115): HTTP "POST /_forensic/windows HTTP/1.1" 200 -
2026-06-07 11:55:18 [DEBUG   ] forensic.server.router (router.py:104): Router: POST /_forensic/windows (ajax=True)
2026-06-07 11:55:18 [DEBUG   ] forensic.forensic_api.windows (windows.py:287): /_forensic/windows POST: Fenster '28647da4-1b6f-40de-8490-df54938e70d5' (Rolle 'userinfo') registriert
2026-06-07 11:55:18 [DEBUG   ] forensic.server.http_server (http_server.py:115): HTTP "POST /_forensic/windows HTTP/1.1" 200 -
2026-06-07 11:55:35 [DEBUG   ] forensic.server.router (router.py:104): Router: POST /_forensic/windows (ajax=True)
2026-06-07 11:55:35 [DEBUG   ] forensic.forensic_api.windows (windows.py:287): /_forensic/windows POST: Fenster '942b34a1-447a-429c-9c15-a32b1aded594' (Rolle 'userinfo') registriert
2026-06-07 11:55:35 [DEBUG   ] forensic.server.http_server (http_server.py:115): HTTP "POST /_forensic/windows HTTP/1.1" 200 -
2026-06-07 11:55:40 [DEBUG   ] forensic (main.py:467): Watchdog: Heartbeat (Dump: 'logs/freeze_dump.txt')
2026-06-07 11:55:45 [DEBUG   ] forensic.server.router (router.py:104): Router: POST /_forensic/windows (ajax=True)
2026-06-07 11:55:45 [DEBUG   ] forensic.forensic_api.windows (windows.py:287): /_forensic/windows POST: Fenster '44099e4e-7fb1-4cda-8048-090e8be06c9e' (Rolle 'report') registriert
2026-06-07 11:55:45 [DEBUG   ] forensic.server.http_server (http_server.py:115): HTTP "POST /_forensic/windows HTTP/1.1" 200 -
2026-06-07 11:55:48 [DEBUG   ] forensic.server.router (router.py:104): Router: POST /_forensic/windows (ajax=True)
2026-06-07 11:55:48 [DEBUG   ] forensic.forensic_api.windows (windows.py:287): /_forensic/windows POST: Fenster '28647da4-1b6f-40de-8490-df54938e70d5' (Rolle 'userinfo') registriert
2026-06-07 11:55:48 [DEBUG   ] forensic.server.http_server (http_server.py:115): HTTP "POST /_forensic/windows HTTP/1.1" 200 -
2026-06-07 11:55:50 [DEBUG   ] forensic.server.router (router.py:104): Router: POST /_forensic/windows (ajax=True)
2026-06-07 11:55:50 [DEBUG   ] forensic.forensic_api.windows (windows.py:287): /_forensic/windows POST: Fenster 'b1de0a1f-3b7c-4ce1-81c7-a2324ccd5457' (Rolle 'main') registriert
2026-06-07 11:55:50 [DEBUG   ] forensic.server.http_server (http_server.py:115): HTTP "POST /_forensic/windows HTTP/1.1" 200 -
2026-06-07 11:55:50 [DEBUG   ] forensic.server.router (router.py:104): Router: POST /_forensic/windows (ajax=True)
2026-06-07 11:55:50 [DEBUG   ] forensic.forensic_api.windows (windows.py:287): /_forensic/windows POST: Fenster '54b291e0-d5b9-4ee9-9c22-ed7c298da892' (Rolle 'userinfo') registriert
2026-06-07 11:55:50 [DEBUG   ] forensic.server.http_server (http_server.py:115): HTTP "POST /_forensic/windows HTTP/1.1" 200 -
2026-06-07 11:55:50 [DEBUG   ] forensic.server.router (router.py:104): Router: POST /_forensic/windows (ajax=True)
2026-06-07 11:55:50 [DEBUG   ] forensic.forensic_api.windows (windows.py:287): /_forensic/windows POST: Fenster 'b5a348af-e19a-4333-9881-9c2ccba8b299' (Rolle 'userinfo') registriert
2026-06-07 11:55:50 [DEBUG   ] forensic.server.http_server (http_server.py:115): HTTP "POST /_forensic/windows HTTP/1.1" 200 -
2026-06-07 11:55:50 [DEBUG   ] forensic.server.router (router.py:104): Router: POST /_forensic/windows (ajax=True)
2026-06-07 11:55:50 [DEBUG   ] forensic.forensic_api.windows (windows.py:287): /_forensic/windows POST: Fenster '6c9c384f-d503-449b-a512-06c973b9d079' (Rolle 'main') registriert
2026-06-07 11:55:50 [DEBUG   ] forensic.server.http_server (http_server.py:115): HTTP "POST /_forensic/windows HTTP/1.1" 200 -
2026-06-07 11:55:50 [DEBUG   ] forensic.server.router (router.py:104): Router: POST /_forensic/windows (ajax=True)
2026-06-07 11:55:50 [DEBUG   ] forensic.forensic_api.windows (windows.py:287): /_forensic/windows POST: Fenster 'd9b13c53-24c0-4fcf-ab16-934ebfc3a992' (Rolle 'report') registriert
2026-06-07 11:55:50 [DEBUG   ] forensic.server.http_server (http_server.py:115): HTTP "POST /_forensic/windows HTTP/1.1" 200 -
2026-06-07 11:56:05 [DEBUG   ] forensic.server.router (router.py:104): Router: POST /_forensic/windows (ajax=True)
2026-06-07 11:56:05 [DEBUG   ] forensic.forensic_api.windows (windows.py:287): /_forensic/windows POST: Fenster '942b34a1-447a-429c-9c15-a32b1aded594' (Rolle 'userinfo') registriert
2026-06-07 11:56:05 [DEBUG   ] forensic.server.http_server (http_server.py:115): HTTP "POST /_forensic/windows HTTP/1.1" 200 -
2026-06-07 11:56:10 [DEBUG   ] forensic (main.py:467): Watchdog: Heartbeat (Dump: 'logs/freeze_dump.txt')
2026-06-07 11:56:15 [DEBUG   ] forensic.server.router (router.py:104): Router: POST /_forensic/windows (ajax=True)
2026-06-07 11:56:15 [DEBUG   ] forensic.forensic_api.windows (windows.py:287): /_forensic/windows POST: Fenster '44099e4e-7fb1-4cda-8048-090e8be06c9e' (Rolle 'report') registriert
2026-06-07 11:56:15 [DEBUG   ] forensic.server.http_server (http_server.py:115): HTTP "POST /_forensic/windows HTTP/1.1" 200 -
2026-06-07 11:56:18 [DEBUG   ] forensic.server.router (router.py:104): Router: POST /_forensic/windows (ajax=True)
2026-06-07 11:56:18 [DEBUG   ] forensic.forensic_api.windows (windows.py:287): /_forensic/windows POST: Fenster '28647da4-1b6f-40de-8490-df54938e70d5' (Rolle 'userinfo') registriert
2026-06-07 11:56:18 [DEBUG   ] forensic.server.http_server (http_server.py:115): HTTP "POST /_forensic/windows HTTP/1.1" 200 -
2026-06-07 11:56:35 [DEBUG   ] forensic.server.router (router.py:104): Router: POST /_forensic/windows (ajax=True)
2026-06-07 11:56:35 [DEBUG   ] forensic.forensic_api.windows (windows.py:287): /_forensic/windows POST: Fenster '942b34a1-447a-429c-9c15-a32b1aded594' (Rolle 'userinfo') registriert
2026-06-07 11:56:35 [DEBUG   ] forensic.server.http_server (http_server.py:115): HTTP "POST /_forensic/windows HTTP/1.1" 200 -
2026-06-07 11:56:40 [DEBUG   ] forensic (main.py:467): Watchdog: Heartbeat (Dump: 'logs/freeze_dump.txt')
2026-06-07 11:56:45 [DEBUG   ] forensic.server.router (router.py:104): Router: POST /_forensic/windows (ajax=True)
2026-06-07 11:56:45 [DEBUG   ] forensic.forensic_api.windows (windows.py:287): /_forensic/windows POST: Fenster '44099e4e-7fb1-4cda-8048-090e8be06c9e' (Rolle 'report') registriert
2026-06-07 11:56:45 [DEBUG   ] forensic.server.http_server (http_server.py:115): HTTP "POST /_forensic/windows HTTP/1.1" 200 -
2026-06-07 11:56:48 [DEBUG   ] forensic.server.router (router.py:104): Router: POST /_forensic/windows (ajax=True)
2026-06-07 11:56:48 [DEBUG   ] forensic.forensic_api.windows (windows.py:287): /_forensic/windows POST: Fenster '28647da4-1b6f-40de-8490-df54938e70d5' (Rolle 'userinfo') registriert
2026-06-07 11:56:48 [DEBUG   ] forensic.server.http_server (http_server.py:115): HTTP "POST /_forensic/windows HTTP/1.1" 200 -
2026-06-07 11:56:50 [DEBUG   ] forensic.server.router (router.py:104): Router: POST /_forensic/windows (ajax=True)
2026-06-07 11:56:50 [DEBUG   ] forensic.forensic_api.windows (windows.py:287): /_forensic/windows POST: Fenster 'b1de0a1f-3b7c-4ce1-81c7-a2324ccd5457' (Rolle 'main') registriert
2026-06-07 11:56:50 [DEBUG   ] forensic.server.http_server (http_server.py:115): HTTP "POST /_forensic/windows HTTP/1.1" 200 -
2026-06-07 11:56:50 [DEBUG   ] forensic.server.router (router.py:104): Router: POST /_forensic/windows (ajax=True)
2026-06-07 11:56:50 [DEBUG   ] forensic.forensic_api.windows (windows.py:287): /_forensic/windows POST: Fenster '54b291e0-d5b9-4ee9-9c22-ed7c298da892' (Rolle 'userinfo') registriert
2026-06-07 11:56:50 [DEBUG   ] forensic.server.http_server (http_server.py:115): HTTP "POST /_forensic/windows HTTP/1.1" 200 -
2026-06-07 11:56:50 [DEBUG   ] forensic.server.router (router.py:104): Router: POST /_forensic/windows (ajax=True)
2026-06-07 11:56:50 [DEBUG   ] forensic.forensic_api.windows (windows.py:287): /_forensic/windows POST: Fenster 'b5a348af-e19a-4333-9881-9c2ccba8b299' (Rolle 'userinfo') registriert
2026-06-07 11:56:50 [DEBUG   ] forensic.server.http_server (http_server.py:115): HTTP "POST /_forensic/windows HTTP/1.1" 200 -
2026-06-07 11:56:50 [DEBUG   ] forensic.server.router (router.py:104): Router: POST /_forensic/windows (ajax=True)
2026-06-07 11:56:50 [DEBUG   ] forensic.server.router (router.py:104): Router: POST /_forensic/windows (ajax=True)
2026-06-07 11:56:50 [DEBUG   ] forensic.forensic_api.windows (windows.py:287): /_forensic/windows POST: Fenster '6c9c384f-d503-449b-a512-06c973b9d079' (Rolle 'main') registriert
2026-06-07 11:56:50 [DEBUG   ] forensic.server.http_server (http_server.py:115): HTTP "POST /_forensic/windows HTTP/1.1" 200 -
2026-06-07 11:56:50 [DEBUG   ] forensic.forensic_api.windows (windows.py:287): /_forensic/windows POST: Fenster 'd9b13c53-24c0-4fcf-ab16-934ebfc3a992' (Rolle 'report') registriert
2026-06-07 11:56:50 [DEBUG   ] forensic.server.http_server (http_server.py:115): HTTP "POST /_forensic/windows HTTP/1.1" 200 -
2026-06-07 11:57:05 [DEBUG   ] forensic.server.router (router.py:104): Router: POST /_forensic/windows (ajax=True)
2026-06-07 11:57:05 [DEBUG   ] forensic.forensic_api.windows (windows.py:287): /_forensic/windows POST: Fenster '942b34a1-447a-429c-9c15-a32b1aded594' (Rolle 'userinfo') registriert
2026-06-07 11:57:05 [DEBUG   ] forensic.server.http_server (http_server.py:115): HTTP "POST /_forensic/windows HTTP/1.1" 200 -
2026-06-07 11:57:10 [DEBUG   ] forensic (main.py:467): Watchdog: Heartbeat (Dump: 'logs/freeze_dump.txt')
2026-06-07 11:57:15 [DEBUG   ] forensic.server.router (router.py:104): Router: POST /_forensic/windows (ajax=True)
2026-06-07 11:57:15 [DEBUG   ] forensic.forensic_api.windows (windows.py:287): /_forensic/windows POST: Fenster '44099e4e-7fb1-4cda-8048-090e8be06c9e' (Rolle 'report') registriert
2026-06-07 11:57:15 [DEBUG   ] forensic.server.http_server (http_server.py:115): HTTP "POST /_forensic/windows HTTP/1.1" 200 -
2026-06-07 11:57:18 [DEBUG   ] forensic.server.router (router.py:104): Router: POST /_forensic/windows (ajax=True)
2026-06-07 11:57:18 [DEBUG   ] forensic.forensic_api.windows (windows.py:287): /_forensic/windows POST: Fenster '28647da4-1b6f-40de-8490-df54938e70d5' (Rolle 'userinfo') registriert
2026-06-07 11:57:18 [DEBUG   ] forensic.server.http_server (http_server.py:115): HTTP "POST /_forensic/windows HTTP/1.1" 200 -
2026-06-07 11:57:35 [DEBUG   ] forensic.server.router (router.py:104): Router: POST /_forensic/windows (ajax=True)
2026-06-07 11:57:35 [DEBUG   ] forensic.forensic_api.windows (windows.py:287): /_forensic/windows POST: Fenster '942b34a1-447a-429c-9c15-a32b1aded594' (Rolle 'userinfo') registriert
2026-06-07 11:57:35 [DEBUG   ] forensic.server.http_server (http_server.py:115): HTTP "POST /_forensic/windows HTTP/1.1" 200 -
2026-06-07 11:57:40 [DEBUG   ] forensic (main.py:467): Watchdog: Heartbeat (Dump: 'logs/freeze_dump.txt')
2026-06-07 11:57:45 [DEBUG   ] forensic.server.router (router.py:104): Router: POST /_forensic/windows (ajax=True)
2026-06-07 11:57:45 [DEBUG   ] forensic.forensic_api.windows (windows.py:287): /_forensic/windows POST: Fenster '44099e4e-7fb1-4cda-8048-090e8be06c9e' (Rolle 'report') registriert
2026-06-07 11:57:45 [DEBUG   ] forensic.server.http_server (http_server.py:115): HTTP "POST /_forensic/windows HTTP/1.1" 200 -
2026-06-07 11:57:48 [DEBUG   ] forensic.server.router (router.py:104): Router: POST /_forensic/windows (ajax=True)
2026-06-07 11:57:48 [DEBUG   ] forensic.forensic_api.windows (windows.py:287): /_forensic/windows POST: Fenster '28647da4-1b6f-40de-8490-df54938e70d5' (Rolle 'userinfo') registriert
2026-06-07 11:57:48 [DEBUG   ] forensic.server.http_server (http_server.py:115): HTTP "POST /_forensic/windows HTTP/1.1" 200 -
2026-06-07 11:57:50 [DEBUG   ] forensic.server.router (router.py:104): Router: POST /_forensic/windows (ajax=True)
2026-06-07 11:57:50 [DEBUG   ] forensic.forensic_api.windows (windows.py:287): /_forensic/windows POST: Fenster 'b1de0a1f-3b7c-4ce1-81c7-a2324ccd5457' (Rolle 'main') registriert
2026-06-07 11:57:50 [DEBUG   ] forensic.server.http_server (http_server.py:115): HTTP "POST /_forensic/windows HTTP/1.1" 200 -
2026-06-07 11:57:50 [DEBUG   ] forensic.server.router (router.py:104): Router: POST /_forensic/windows (ajax=True)
2026-06-07 11:57:50 [DEBUG   ] forensic.forensic_api.windows (windows.py:287): /_forensic/windows POST: Fenster 'd9b13c53-24c0-4fcf-ab16-934ebfc3a992' (Rolle 'report') registriert
2026-06-07 11:57:50 [DEBUG   ] forensic.server.router (router.py:104): Router: POST /_forensic/windows (ajax=True)
2026-06-07 11:57:50 [DEBUG   ] forensic.server.http_server (http_server.py:115): HTTP "POST /_forensic/windows HTTP/1.1" 200 -
2026-06-07 11:57:50 [DEBUG   ] forensic.server.router (router.py:104): Router: POST /_forensic/windows (ajax=True)
2026-06-07 11:57:50 [DEBUG   ] forensic.server.router (router.py:104): Router: POST /_forensic/windows (ajax=True)
2026-06-07 11:57:50 [DEBUG   ] forensic.forensic_api.windows (windows.py:287): /_forensic/windows POST: Fenster '6c9c384f-d503-449b-a512-06c973b9d079' (Rolle 'main') registriert
2026-06-07 11:57:50 [DEBUG   ] forensic.server.http_server (http_server.py:115): HTTP "POST /_forensic/windows HTTP/1.1" 200 -
2026-06-07 11:57:50 [DEBUG   ] forensic.forensic_api.windows (windows.py:287): /_forensic/windows POST: Fenster 'b5a348af-e19a-4333-9881-9c2ccba8b299' (Rolle 'userinfo') registriert
2026-06-07 11:57:50 [DEBUG   ] forensic.server.http_server (http_server.py:115): HTTP "POST /_forensic/windows HTTP/1.1" 200 -
2026-06-07 11:57:50 [DEBUG   ] forensic.forensic_api.windows (windows.py:287): /_forensic/windows POST: Fenster '54b291e0-d5b9-4ee9-9c22-ed7c298da892' (Rolle 'userinfo') registriert
2026-06-07 11:57:50 [DEBUG   ] forensic.server.http_server (http_server.py:115): HTTP "POST /_forensic/windows HTTP/1.1" 200 -
2026-06-07 11:58:05 [DEBUG   ] forensic.server.router (router.py:104): Router: POST /_forensic/windows (ajax=True)
2026-06-07 11:58:05 [DEBUG   ] forensic.forensic_api.windows (windows.py:287): /_forensic/windows POST: Fenster '942b34a1-447a-429c-9c15-a32b1aded594' (Rolle 'userinfo') registriert
2026-06-07 11:58:05 [DEBUG   ] forensic.server.http_server (http_server.py:115): HTTP "POST /_forensic/windows HTTP/1.1" 200 -
2026-06-07 11:58:10 [DEBUG   ] forensic (main.py:467): Watchdog: Heartbeat (Dump: 'logs/freeze_dump.txt')
2026-06-07 11:58:15 [DEBUG   ] forensic.server.router (router.py:104): Router: POST /_forensic/windows (ajax=True)
2026-06-07 11:58:15 [DEBUG   ] forensic.forensic_api.windows (windows.py:287): /_forensic/windows POST: Fenster '44099e4e-7fb1-4cda-8048-090e8be06c9e' (Rolle 'report') registriert
2026-06-07 11:58:15 [DEBUG   ] forensic.server.http_server (http_server.py:115): HTTP "POST /_forensic/windows HTTP/1.1" 200 -
2026-06-07 11:58:18 [DEBUG   ] forensic.server.router (router.py:104): Router: POST /_forensic/windows (ajax=True)
2026-06-07 11:58:18 [DEBUG   ] forensic.forensic_api.windows (windows.py:287): /_forensic/windows POST: Fenster '28647da4-1b6f-40de-8490-df54938e70d5' (Rolle 'userinfo') registriert
2026-06-07 11:58:18 [DEBUG   ] forensic.server.http_server (http_server.py:115): HTTP "POST /_forensic/windows HTTP/1.1" 200 -
2026-06-07 11:58:35 [DEBUG   ] forensic.server.router (router.py:104): Router: POST /_forensic/windows (ajax=True)
2026-06-07 11:58:35 [DEBUG   ] forensic.forensic_api.windows (windows.py:287): /_forensic/windows POST: Fenster '942b34a1-447a-429c-9c15-a32b1aded594' (Rolle 'userinfo') registriert
2026-06-07 11:58:35 [DEBUG   ] forensic.server.http_server (http_server.py:115): HTTP "POST /_forensic/windows HTTP/1.1" 200 -
2026-06-07 11:58:40 [DEBUG   ] forensic (main.py:467): Watchdog: Heartbeat (Dump: 'logs/freeze_dump.txt')
2026-06-07 11:58:45 [DEBUG   ] forensic.server.router (router.py:104): Router: POST /_forensic/windows (ajax=True)
2026-06-07 11:58:45 [DEBUG   ] forensic.forensic_api.windows (windows.py:287): /_forensic/windows POST: Fenster '44099e4e-7fb1-4cda-8048-090e8be06c9e' (Rolle 'report') registriert
2026-06-07 11:58:45 [DEBUG   ] forensic.server.http_server (http_server.py:115): HTTP "POST /_forensic/windows HTTP/1.1" 200 -
2026-06-07 11:58:48 [DEBUG   ] forensic.server.router (router.py:104): Router: POST /_forensic/windows (ajax=True)
2026-06-07 11:58:48 [DEBUG   ] forensic.forensic_api.windows (windows.py:287): /_forensic/windows POST: Fenster '28647da4-1b6f-40de-8490-df54938e70d5' (Rolle 'userinfo') registriert
2026-06-07 11:58:48 [DEBUG   ] forensic.server.http_server (http_server.py:115): HTTP "POST /_forensic/windows HTTP/1.1" 200 -
2026-06-07 11:58:50 [DEBUG   ] forensic.server.router (router.py:104): Router: POST /_forensic/windows (ajax=True)
2026-06-07 11:58:50 [DEBUG   ] forensic.forensic_api.windows (windows.py:287): /_forensic/windows POST: Fenster 'b1de0a1f-3b7c-4ce1-81c7-a2324ccd5457' (Rolle 'main') registriert
2026-06-07 11:58:50 [DEBUG   ] forensic.server.http_server (http_server.py:115): HTTP "POST /_forensic/windows HTTP/1.1" 200 -
2026-06-07 11:58:50 [DEBUG   ] forensic.server.router (router.py:104): Router: POST /_forensic/windows (ajax=True)
2026-06-07 11:58:50 [DEBUG   ] forensic.server.router (router.py:104): Router: POST /_forensic/windows (ajax=True)
2026-06-07 11:58:50 [DEBUG   ] forensic.server.router (router.py:104): Router: POST /_forensic/windows (ajax=True)
2026-06-07 11:58:50 [DEBUG   ] forensic.server.router (router.py:104): Router: POST /_forensic/windows (ajax=True)
2026-06-07 11:58:50 [DEBUG   ] forensic.forensic_api.windows (windows.py:287): /_forensic/windows POST: Fenster 'd9b13c53-24c0-4fcf-ab16-934ebfc3a992' (Rolle 'report') registriert
2026-06-07 11:58:50 [DEBUG   ] forensic.server.http_server (http_server.py:115): HTTP "POST /_forensic/windows HTTP/1.1" 200 -
2026-06-07 11:58:50 [DEBUG   ] forensic.forensic_api.windows (windows.py:287): /_forensic/windows POST: Fenster '6c9c384f-d503-449b-a512-06c973b9d079' (Rolle 'main') registriert
2026-06-07 11:58:50 [DEBUG   ] forensic.server.http_server (http_server.py:115): HTTP "POST /_forensic/windows HTTP/1.1" 200 -
2026-06-07 11:58:50 [DEBUG   ] forensic.forensic_api.windows (windows.py:287): /_forensic/windows POST: Fenster 'b5a348af-e19a-4333-9881-9c2ccba8b299' (Rolle 'userinfo') registriert
2026-06-07 11:58:50 [DEBUG   ] forensic.server.http_server (http_server.py:115): HTTP "POST /_forensic/windows HTTP/1.1" 200 -
2026-06-07 11:58:50 [DEBUG   ] forensic.forensic_api.windows (windows.py:287): /_forensic/windows POST: Fenster '54b291e0-d5b9-4ee9-9c22-ed7c298da892' (Rolle 'userinfo') registriert
2026-06-07 11:58:50 [DEBUG   ] forensic.server.http_server (http_server.py:115): HTTP "POST /_forensic/windows HTTP/1.1" 200 -
2026-06-07 11:59:05 [DEBUG   ] forensic.server.router (router.py:104): Router: POST /_forensic/windows (ajax=True)
2026-06-07 11:59:05 [DEBUG   ] forensic.forensic_api.windows (windows.py:287): /_forensic/windows POST: Fenster '942b34a1-447a-429c-9c15-a32b1aded594' (Rolle 'userinfo') registriert
2026-06-07 11:59:05 [DEBUG   ] forensic.server.http_server (http_server.py:115): HTTP "POST /_forensic/windows HTTP/1.1" 200 -
2026-06-07 11:59:10 [DEBUG   ] forensic (main.py:467): Watchdog: Heartbeat (Dump: 'logs/freeze_dump.txt')
2026-06-07 11:59:15 [DEBUG   ] forensic.server.router (router.py:104): Router: POST /_forensic/windows (ajax=True)
2026-06-07 11:59:15 [DEBUG   ] forensic.forensic_api.windows (windows.py:287): /_forensic/windows POST: Fenster '44099e4e-7fb1-4cda-8048-090e8be06c9e' (Rolle 'report') registriert
2026-06-07 11:59:15 [DEBUG   ] forensic.server.http_server (http_server.py:115): HTTP "POST /_forensic/windows HTTP/1.1" 200 -
2026-06-07 11:59:18 [DEBUG   ] forensic.server.router (router.py:104): Router: POST /_forensic/windows (ajax=True)
2026-06-07 11:59:18 [DEBUG   ] forensic.forensic_api.windows (windows.py:287): /_forensic/windows POST: Fenster '28647da4-1b6f-40de-8490-df54938e70d5' (Rolle 'userinfo') registriert
2026-06-07 11:59:18 [DEBUG   ] forensic.server.http_server (http_server.py:115): HTTP "POST /_forensic/windows HTTP/1.1" 200 -
2026-06-07 11:59:35 [DEBUG   ] forensic.server.router (router.py:104): Router: POST /_forensic/windows (ajax=True)
2026-06-07 11:59:35 [DEBUG   ] forensic.forensic_api.windows (windows.py:287): /_forensic/windows POST: Fenster '942b34a1-447a-429c-9c15-a32b1aded594' (Rolle 'userinfo') registriert
2026-06-07 11:59:35 [DEBUG   ] forensic.server.http_server (http_server.py:115): HTTP "POST /_forensic/windows HTTP/1.1" 200 -
2026-06-07 11:59:40 [DEBUG   ] forensic (main.py:467): Watchdog: Heartbeat (Dump: 'logs/freeze_dump.txt')
2026-06-07 11:59:45 [DEBUG   ] forensic.server.router (router.py:104): Router: POST /_forensic/windows (ajax=True)
2026-06-07 11:59:45 [DEBUG   ] forensic.forensic_api.windows (windows.py:287): /_forensic/windows POST: Fenster '44099e4e-7fb1-4cda-8048-090e8be06c9e' (Rolle 'report') registriert
2026-06-07 11:59:45 [DEBUG   ] forensic.server.http_server (http_server.py:115): HTTP "POST /_forensic/windows HTTP/1.1" 200 -
2026-06-07 11:59:48 [DEBUG   ] forensic.server.router (router.py:104): Router: POST /_forensic/windows (ajax=True)
2026-06-07 11:59:48 [DEBUG   ] forensic.forensic_api.windows (windows.py:287): /_forensic/windows POST: Fenster '28647da4-1b6f-40de-8490-df54938e70d5' (Rolle 'userinfo') registriert
2026-06-07 11:59:48 [DEBUG   ] forensic.server.http_server (http_server.py:115): HTTP "POST /_forensic/windows HTTP/1.1" 200 -
2026-06-07 11:59:50 [DEBUG   ] forensic.server.router (router.py:104): Router: POST /_forensic/windows (ajax=True)
2026-06-07 11:59:50 [DEBUG   ] forensic.server.router (router.py:104): Router: POST /_forensic/windows (ajax=True)
2026-06-07 11:59:50 [DEBUG   ] forensic.forensic_api.windows (windows.py:287): /_forensic/windows POST: Fenster 'b5a348af-e19a-4333-9881-9c2ccba8b299' (Rolle 'userinfo') registriert
2026-06-07 11:59:50 [DEBUG   ] forensic.forensic_api.windows (windows.py:287): /_forensic/windows POST: Fenster 'b1de0a1f-3b7c-4ce1-81c7-a2324ccd5457' (Rolle 'main') registriert
2026-06-07 11:59:50 [DEBUG   ] forensic.server.router (router.py:104): Router: POST /_forensic/windows (ajax=True)
2026-06-07 11:59:50 [DEBUG   ] forensic.forensic_api.windows (windows.py:287): /_forensic/windows POST: Fenster '54b291e0-d5b9-4ee9-9c22-ed7c298da892' (Rolle 'userinfo') registriert
2026-06-07 11:59:50 [DEBUG   ] forensic.server.http_server (http_server.py:115): HTTP "POST /_forensic/windows HTTP/1.1" 200 -
2026-06-07 11:59:50 [DEBUG   ] forensic.server.http_server (http_server.py:115): HTTP "POST /_forensic/windows HTTP/1.1" 200 -
2026-06-07 11:59:50 [DEBUG   ] forensic.server.router (router.py:104): Router: POST /_forensic/windows (ajax=True)
2026-06-07 11:59:50 [DEBUG   ] forensic.server.http_server (http_server.py:115): HTTP "POST /_forensic/windows HTTP/1.1" 200 -
2026-06-07 11:59:50 [DEBUG   ] forensic.server.router (router.py:104): Router: POST /_forensic/windows (ajax=True)
2026-06-07 11:59:50 [DEBUG   ] forensic.forensic_api.windows (windows.py:287): /_forensic/windows POST: Fenster 'd9b13c53-24c0-4fcf-ab16-934ebfc3a992' (Rolle 'report') registriert
2026-06-07 11:59:50 [DEBUG   ] forensic.server.http_server (http_server.py:115): HTTP "POST /_forensic/windows HTTP/1.1" 200 -
2026-06-07 11:59:50 [DEBUG   ] forensic.forensic_api.windows (windows.py:287): /_forensic/windows POST: Fenster '6c9c384f-d503-449b-a512-06c973b9d079' (Rolle 'main') registriert
2026-06-07 11:59:50 [DEBUG   ] forensic.server.http_server (http_server.py:115): HTTP "POST /_forensic/windows HTTP/1.1" 200 -
2026-06-07 12:00:05 [DEBUG   ] forensic.server.router (router.py:104): Router: POST /_forensic/windows (ajax=True)
2026-06-07 12:00:05 [DEBUG   ] forensic.forensic_api.windows (windows.py:287): /_forensic/windows POST: Fenster '942b34a1-447a-429c-9c15-a32b1aded594' (Rolle 'userinfo') registriert
2026-06-07 12:00:05 [DEBUG   ] forensic.server.http_server (http_server.py:115): HTTP "POST /_forensic/windows HTTP/1.1" 200 -
2026-06-07 12:00:10 [DEBUG   ] forensic (main.py:467): Watchdog: Heartbeat (Dump: 'logs/freeze_dump.txt')
2026-06-07 12:00:15 [DEBUG   ] forensic.server.router (router.py:104): Router: POST /_forensic/windows (ajax=True)
2026-06-07 12:00:15 [DEBUG   ] forensic.forensic_api.windows (windows.py:287): /_forensic/windows POST: Fenster '44099e4e-7fb1-4cda-8048-090e8be06c9e' (Rolle 'report') registriert
2026-06-07 12:00:15 [DEBUG   ] forensic.server.http_server (http_server.py:115): HTTP "POST /_forensic/windows HTTP/1.1" 200 -
2026-06-07 12:00:18 [DEBUG   ] forensic.server.router (router.py:104): Router: POST /_forensic/windows (ajax=True)
2026-06-07 12:00:18 [DEBUG   ] forensic.forensic_api.windows (windows.py:287): /_forensic/windows POST: Fenster '28647da4-1b6f-40de-8490-df54938e70d5' (Rolle 'userinfo') registriert
2026-06-07 12:00:18 [DEBUG   ] forensic.server.http_server (http_server.py:115): HTTP "POST /_forensic/windows HTTP/1.1" 200 -
2026-06-07 12:00:35 [DEBUG   ] forensic.server.router (router.py:104): Router: POST /_forensic/windows (ajax=True)
2026-06-07 12:00:35 [DEBUG   ] forensic.forensic_api.windows (windows.py:287): /_forensic/windows POST: Fenster '942b34a1-447a-429c-9c15-a32b1aded594' (Rolle 'userinfo') registriert
2026-06-07 12:00:35 [DEBUG   ] forensic.server.http_server (http_server.py:115): HTTP "POST /_forensic/windows HTTP/1.1" 200 -
2026-06-07 12:00:40 [DEBUG   ] forensic (main.py:467): Watchdog: Heartbeat (Dump: 'logs/freeze_dump.txt')
2026-06-07 12:00:45 [DEBUG   ] forensic.server.router (router.py:104): Router: POST /_forensic/windows (ajax=True)
2026-06-07 12:00:45 [DEBUG   ] forensic.forensic_api.windows (windows.py:287): /_forensic/windows POST: Fenster '44099e4e-7fb1-4cda-8048-090e8be06c9e' (Rolle 'report') registriert
2026-06-07 12:00:45 [DEBUG   ] forensic.server.http_server (http_server.py:115): HTTP "POST /_forensic/windows HTTP/1.1" 200 -
2026-06-07 12:00:48 [DEBUG   ] forensic.server.router (router.py:104): Router: POST /_forensic/windows (ajax=True)
2026-06-07 12:00:48 [DEBUG   ] forensic.forensic_api.windows (windows.py:287): /_forensic/windows POST: Fenster '28647da4-1b6f-40de-8490-df54938e70d5' (Rolle 'userinfo') registriert
2026-06-07 12:00:48 [DEBUG   ] forensic.server.http_server (http_server.py:115): HTTP "POST /_forensic/windows HTTP/1.1" 200 -
2026-06-07 12:00:50 [DEBUG   ] forensic.server.router (router.py:104): Router: POST /_forensic/windows (ajax=True)
2026-06-07 12:00:50 [DEBUG   ] forensic.forensic_api.windows (windows.py:287): /_forensic/windows POST: Fenster 'b1de0a1f-3b7c-4ce1-81c7-a2324ccd5457' (Rolle 'main') registriert
2026-06-07 12:00:50 [DEBUG   ] forensic.server.http_server (http_server.py:115): HTTP "POST /_forensic/windows HTTP/1.1" 200 -
2026-06-07 12:00:50 [DEBUG   ] forensic.server.router (router.py:104): Router: POST /_forensic/windows (ajax=True)
2026-06-07 12:00:50 [DEBUG   ] forensic.forensic_api.windows (windows.py:287): /_forensic/windows POST: Fenster '54b291e0-d5b9-4ee9-9c22-ed7c298da892' (Rolle 'userinfo') registriert
2026-06-07 12:00:50 [DEBUG   ] forensic.server.router (router.py:104): Router: POST /_forensic/windows (ajax=True)
2026-06-07 12:00:50 [DEBUG   ] forensic.server.http_server (http_server.py:115): HTTP "POST /_forensic/windows HTTP/1.1" 200 -
2026-06-07 12:00:50 [DEBUG   ] forensic.server.router (router.py:104): Router: POST /_forensic/windows (ajax=True)
2026-06-07 12:00:50 [DEBUG   ] forensic.forensic_api.windows (windows.py:287): /_forensic/windows POST: Fenster 'b5a348af-e19a-4333-9881-9c2ccba8b299' (Rolle 'userinfo') registriert
2026-06-07 12:00:50 [DEBUG   ] forensic.forensic_api.windows (windows.py:287): /_forensic/windows POST: Fenster '6c9c384f-d503-449b-a512-06c973b9d079' (Rolle 'main') registriert
2026-06-07 12:00:50 [DEBUG   ] forensic.server.http_server (http_server.py:115): HTTP "POST /_forensic/windows HTTP/1.1" 200 -
2026-06-07 12:00:50 [DEBUG   ] forensic.server.router (router.py:104): Router: POST /_forensic/windows (ajax=True)
2026-06-07 12:00:50 [DEBUG   ] forensic.forensic_api.windows (windows.py:287): /_forensic/windows POST: Fenster 'd9b13c53-24c0-4fcf-ab16-934ebfc3a992' (Rolle 'report') registriert
2026-06-07 12:00:50 [DEBUG   ] forensic.server.http_server (http_server.py:115): HTTP "POST /_forensic/windows HTTP/1.1" 200 -
2026-06-07 12:00:50 [DEBUG   ] forensic.server.http_server (http_server.py:115): HTTP "POST /_forensic/windows HTTP/1.1" 200 -
2026-06-07 12:01:05 [DEBUG   ] forensic.server.router (router.py:104): Router: POST /_forensic/windows (ajax=True)
2026-06-07 12:01:05 [DEBUG   ] forensic.forensic_api.windows (windows.py:287): /_forensic/windows POST: Fenster '942b34a1-447a-429c-9c15-a32b1aded594' (Rolle 'userinfo') registriert
2026-06-07 12:01:05 [DEBUG   ] forensic.server.http_server (http_server.py:115): HTTP "POST /_forensic/windows HTTP/1.1" 200 -
2026-06-07 12:01:10 [DEBUG   ] forensic (main.py:467): Watchdog: Heartbeat (Dump: 'logs/freeze_dump.txt')
2026-06-07 12:01:15 [DEBUG   ] forensic.server.router (router.py:104): Router: POST /_forensic/windows (ajax=True)
2026-06-07 12:01:15 [DEBUG   ] forensic.forensic_api.windows (windows.py:287): /_forensic/windows POST: Fenster '44099e4e-7fb1-4cda-8048-090e8be06c9e' (Rolle 'report') registriert
2026-06-07 12:01:15 [DEBUG   ] forensic.server.http_server (http_server.py:115): HTTP "POST /_forensic/windows HTTP/1.1" 200 -
2026-06-07 12:01:18 [DEBUG   ] forensic.server.router (router.py:104): Router: POST /_forensic/windows (ajax=True)
2026-06-07 12:01:18 [DEBUG   ] forensic.forensic_api.windows (windows.py:287): /_forensic/windows POST: Fenster '28647da4-1b6f-40de-8490-df54938e70d5' (Rolle 'userinfo') registriert
2026-06-07 12:01:18 [DEBUG   ] forensic.server.http_server (http_server.py:115): HTTP "POST /_forensic/windows HTTP/1.1" 200 -
2026-06-07 12:01:35 [DEBUG   ] forensic.server.router (router.py:104): Router: POST /_forensic/windows (ajax=True)
2026-06-07 12:01:35 [DEBUG   ] forensic.forensic_api.windows (windows.py:287): /_forensic/windows POST: Fenster '942b34a1-447a-429c-9c15-a32b1aded594' (Rolle 'userinfo') registriert
2026-06-07 12:01:35 [DEBUG   ] forensic.server.http_server (http_server.py:115): HTTP "POST /_forensic/windows HTTP/1.1" 200 -
2026-06-07 12:01:40 [DEBUG   ] forensic (main.py:467): Watchdog: Heartbeat (Dump: 'logs/freeze_dump.txt')
2026-06-07 12:01:45 [DEBUG   ] forensic.server.router (router.py:104): Router: POST /_forensic/windows (ajax=True)
2026-06-07 12:01:45 [DEBUG   ] forensic.forensic_api.windows (windows.py:287): /_forensic/windows POST: Fenster '44099e4e-7fb1-4cda-8048-090e8be06c9e' (Rolle 'report') registriert
2026-06-07 12:01:45 [DEBUG   ] forensic.server.http_server (http_server.py:115): HTTP "POST /_forensic/windows HTTP/1.1" 200 -
2026-06-07 12:01:48 [DEBUG   ] forensic.server.router (router.py:104): Router: POST /_forensic/windows (ajax=True)
2026-06-07 12:01:48 [DEBUG   ] forensic.forensic_api.windows (windows.py:287): /_forensic/windows POST: Fenster '28647da4-1b6f-40de-8490-df54938e70d5' (Rolle 'userinfo') registriert
2026-06-07 12:01:48 [DEBUG   ] forensic.server.http_server (http_server.py:115): HTTP "POST /_forensic/windows HTTP/1.1" 200 -
2026-06-07 12:01:50 [DEBUG   ] forensic.server.router (router.py:104): Router: POST /_forensic/windows (ajax=True)
2026-06-07 12:01:50 [DEBUG   ] forensic.forensic_api.windows (windows.py:287): /_forensic/windows POST: Fenster 'b1de0a1f-3b7c-4ce1-81c7-a2324ccd5457' (Rolle 'main') registriert
2026-06-07 12:01:50 [DEBUG   ] forensic.server.http_server (http_server.py:115): HTTP "POST /_forensic/windows HTTP/1.1" 200 -
2026-06-07 12:01:50 [DEBUG   ] forensic.server.router (router.py:104): Router: POST /_forensic/windows (ajax=True)
2026-06-07 12:01:50 [DEBUG   ] forensic.server.router (router.py:104): Router: POST /_forensic/windows (ajax=True)
2026-06-07 12:01:50 [DEBUG   ] forensic.server.router (router.py:104): Router: POST /_forensic/windows (ajax=True)
2026-06-07 12:01:50 [DEBUG   ] forensic.server.router (router.py:104): Router: POST /_forensic/windows (ajax=True)
2026-06-07 12:01:50 [DEBUG   ] forensic.forensic_api.windows (windows.py:287): /_forensic/windows POST: Fenster 'b5a348af-e19a-4333-9881-9c2ccba8b299' (Rolle 'userinfo') registriert
2026-06-07 12:01:50 [DEBUG   ] forensic.forensic_api.windows (windows.py:287): /_forensic/windows POST: Fenster '6c9c384f-d503-449b-a512-06c973b9d079' (Rolle 'main') registriert
2026-06-07 12:01:50 [DEBUG   ] forensic.forensic_api.windows (windows.py:287): /_forensic/windows POST: Fenster 'd9b13c53-24c0-4fcf-ab16-934ebfc3a992' (Rolle 'report') registriert
2026-06-07 12:01:50 [DEBUG   ] forensic.server.http_server (http_server.py:115): HTTP "POST /_forensic/windows HTTP/1.1" 200 -
2026-06-07 12:01:50 [DEBUG   ] forensic.forensic_api.windows (windows.py:287): /_forensic/windows POST: Fenster '54b291e0-d5b9-4ee9-9c22-ed7c298da892' (Rolle 'userinfo') registriert
2026-06-07 12:01:50 [DEBUG   ] forensic.server.http_server (http_server.py:115): HTTP "POST /_forensic/windows HTTP/1.1" 200 -
2026-06-07 12:01:50 [DEBUG   ] forensic.server.http_server (http_server.py:115): HTTP "POST /_forensic/windows HTTP/1.1" 200 -
2026-06-07 12:01:50 [DEBUG   ] forensic.server.http_server (http_server.py:115): HTTP "POST /_forensic/windows HTTP/1.1" 200 -
2026-06-07 12:02:05 [DEBUG   ] forensic.server.router (router.py:104): Router: POST /_forensic/windows (ajax=True)
2026-06-07 12:02:05 [DEBUG   ] forensic.forensic_api.windows (windows.py:287): /_forensic/windows POST: Fenster '942b34a1-447a-429c-9c15-a32b1aded594' (Rolle 'userinfo') registriert
2026-06-07 12:02:05 [DEBUG   ] forensic.server.http_server (http_server.py:115): HTTP "POST /_forensic/windows HTTP/1.1" 200 -
2026-06-07 12:02:10 [DEBUG   ] forensic (main.py:467): Watchdog: Heartbeat (Dump: 'logs/freeze_dump.txt')
2026-06-07 12:02:15 [DEBUG   ] forensic.server.router (router.py:104): Router: POST /_forensic/windows (ajax=True)
2026-06-07 12:02:15 [DEBUG   ] forensic.forensic_api.windows (windows.py:287): /_forensic/windows POST: Fenster '44099e4e-7fb1-4cda-8048-090e8be06c9e' (Rolle 'report') registriert
2026-06-07 12:02:15 [DEBUG   ] forensic.server.http_server (http_server.py:115): HTTP "POST /_forensic/windows HTTP/1.1" 200 -
2026-06-07 12:02:18 [DEBUG   ] forensic.server.router (router.py:104): Router: POST /_forensic/windows (ajax=True)
2026-06-07 12:02:18 [DEBUG   ] forensic.forensic_api.windows (windows.py:287): /_forensic/windows POST: Fenster '28647da4-1b6f-40de-8490-df54938e70d5' (Rolle 'userinfo') registriert
2026-06-07 12:02:18 [DEBUG   ] forensic.server.http_server (http_server.py:115): HTTP "POST /_forensic/windows HTTP/1.1" 200 -
2026-06-07 12:02:35 [DEBUG   ] forensic.server.router (router.py:104): Router: POST /_forensic/windows (ajax=True)
2026-06-07 12:02:35 [DEBUG   ] forensic.forensic_api.windows (windows.py:287): /_forensic/windows POST: Fenster '942b34a1-447a-429c-9c15-a32b1aded594' (Rolle 'userinfo') registriert
2026-06-07 12:02:35 [DEBUG   ] forensic.server.http_server (http_server.py:115): HTTP "POST /_forensic/windows HTTP/1.1" 200 -
2026-06-07 12:02:40 [DEBUG   ] forensic (main.py:467): Watchdog: Heartbeat (Dump: 'logs/freeze_dump.txt')
2026-06-07 12:02:45 [DEBUG   ] forensic.server.router (router.py:104): Router: POST /_forensic/windows (ajax=True)
2026-06-07 12:02:45 [DEBUG   ] forensic.forensic_api.windows (windows.py:287): /_forensic/windows POST: Fenster '44099e4e-7fb1-4cda-8048-090e8be06c9e' (Rolle 'report') registriert
2026-06-07 12:02:45 [DEBUG   ] forensic.server.http_server (http_server.py:115): HTTP "POST /_forensic/windows HTTP/1.1" 200 -
2026-06-07 12:02:48 [DEBUG   ] forensic.server.router (router.py:104): Router: POST /_forensic/windows (ajax=True)
2026-06-07 12:02:48 [DEBUG   ] forensic.forensic_api.windows (windows.py:287): /_forensic/windows POST: Fenster '28647da4-1b6f-40de-8490-df54938e70d5' (Rolle 'userinfo') registriert
2026-06-07 12:02:48 [DEBUG   ] forensic.server.http_server (http_server.py:115): HTTP "POST /_forensic/windows HTTP/1.1" 200 -
2026-06-07 12:02:50 [DEBUG   ] forensic.server.router (router.py:104): Router: POST /_forensic/windows (ajax=True)
2026-06-07 12:02:50 [DEBUG   ] forensic.forensic_api.windows (windows.py:287): /_forensic/windows POST: Fenster 'b1de0a1f-3b7c-4ce1-81c7-a2324ccd5457' (Rolle 'main') registriert
2026-06-07 12:02:50 [DEBUG   ] forensic.server.http_server (http_server.py:115): HTTP "POST /_forensic/windows HTTP/1.1" 200 -
2026-06-07 12:02:50 [DEBUG   ] forensic.server.router (router.py:104): Router: POST /_forensic/windows (ajax=True)
2026-06-07 12:02:50 [DEBUG   ] forensic.forensic_api.windows (windows.py:287): /_forensic/windows POST: Fenster '54b291e0-d5b9-4ee9-9c22-ed7c298da892' (Rolle 'userinfo') registriert
2026-06-07 12:02:50 [DEBUG   ] forensic.server.http_server (http_server.py:115): HTTP "POST /_forensic/windows HTTP/1.1" 200 -
2026-06-07 12:02:50 [DEBUG   ] forensic.server.router (router.py:104): Router: POST /_forensic/windows (ajax=True)
2026-06-07 12:02:50 [DEBUG   ] forensic.forensic_api.windows (windows.py:287): /_forensic/windows POST: Fenster 'b5a348af-e19a-4333-9881-9c2ccba8b299' (Rolle 'userinfo') registriert
2026-06-07 12:02:50 [DEBUG   ] forensic.server.router (router.py:104): Router: POST /_forensic/windows (ajax=True)
2026-06-07 12:02:50 [DEBUG   ] forensic.forensic_api.windows (windows.py:287): /_forensic/windows POST: Fenster '6c9c384f-d503-449b-a512-06c973b9d079' (Rolle 'main') registriert
2026-06-07 12:02:50 [DEBUG   ] forensic.server.http_server (http_server.py:115): HTTP "POST /_forensic/windows HTTP/1.1" 200 -
2026-06-07 12:02:50 [DEBUG   ] forensic.server.router (router.py:104): Router: POST /_forensic/windows (ajax=True)
2026-06-07 12:02:50 [DEBUG   ] forensic.forensic_api.windows (windows.py:287): /_forensic/windows POST: Fenster 'd9b13c53-24c0-4fcf-ab16-934ebfc3a992' (Rolle 'report') registriert
2026-06-07 12:02:50 [DEBUG   ] forensic.server.http_server (http_server.py:115): HTTP "POST /_forensic/windows HTTP/1.1" 200 -
2026-06-07 12:02:50 [DEBUG   ] forensic.server.http_server (http_server.py:115): HTTP "POST /_forensic/windows HTTP/1.1" 200 -
2026-06-07 12:03:05 [DEBUG   ] forensic.server.router (router.py:104): Router: POST /_forensic/windows (ajax=True)
2026-06-07 12:03:05 [DEBUG   ] forensic.forensic_api.windows (windows.py:287): /_forensic/windows POST: Fenster '942b34a1-447a-429c-9c15-a32b1aded594' (Rolle 'userinfo') registriert
2026-06-07 12:03:05 [DEBUG   ] forensic.server.http_server (http_server.py:115): HTTP "POST /_forensic/windows HTTP/1.1" 200 -
2026-06-07 12:03:10 [DEBUG   ] forensic (main.py:467): Watchdog: Heartbeat (Dump: 'logs/freeze_dump.txt')
2026-06-07 12:03:15 [DEBUG   ] forensic.server.router (router.py:104): Router: POST /_forensic/windows (ajax=True)
2026-06-07 12:03:15 [DEBUG   ] forensic.forensic_api.windows (windows.py:287): /_forensic/windows POST: Fenster '44099e4e-7fb1-4cda-8048-090e8be06c9e' (Rolle 'report') registriert
2026-06-07 12:03:15 [DEBUG   ] forensic.server.http_server (http_server.py:115): HTTP "POST /_forensic/windows HTTP/1.1" 200 -
2026-06-07 12:03:18 [DEBUG   ] forensic.server.router (router.py:104): Router: POST /_forensic/windows (ajax=True)
2026-06-07 12:03:18 [DEBUG   ] forensic.forensic_api.windows (windows.py:287): /_forensic/windows POST: Fenster '28647da4-1b6f-40de-8490-df54938e70d5' (Rolle 'userinfo') registriert
2026-06-07 12:03:18 [DEBUG   ] forensic.server.http_server (http_server.py:115): HTTP "POST /_forensic/windows HTTP/1.1" 200 -
2026-06-07 12:03:35 [DEBUG   ] forensic.server.router (router.py:104): Router: POST /_forensic/windows (ajax=True)
2026-06-07 12:03:35 [DEBUG   ] forensic.forensic_api.windows (windows.py:287): /_forensic/windows POST: Fenster '942b34a1-447a-429c-9c15-a32b1aded594' (Rolle 'userinfo') registriert
2026-06-07 12:03:35 [DEBUG   ] forensic.server.http_server (http_server.py:115): HTTP "POST /_forensic/windows HTTP/1.1" 200 -
2026-06-07 12:03:40 [DEBUG   ] forensic (main.py:467): Watchdog: Heartbeat (Dump: 'logs/freeze_dump.txt')
2026-06-07 12:03:45 [DEBUG   ] forensic.server.router (router.py:104): Router: POST /_forensic/windows (ajax=True)
2026-06-07 12:03:45 [DEBUG   ] forensic.forensic_api.windows (windows.py:287): /_forensic/windows POST: Fenster '44099e4e-7fb1-4cda-8048-090e8be06c9e' (Rolle 'report') registriert
2026-06-07 12:03:45 [DEBUG   ] forensic.server.http_server (http_server.py:115): HTTP "POST /_forensic/windows HTTP/1.1" 200 -
2026-06-07 12:03:48 [DEBUG   ] forensic.server.router (router.py:104): Router: POST /_forensic/windows (ajax=True)
2026-06-07 12:03:48 [DEBUG   ] forensic.forensic_api.windows (windows.py:287): /_forensic/windows POST: Fenster '28647da4-1b6f-40de-8490-df54938e70d5' (Rolle 'userinfo') registriert
2026-06-07 12:03:48 [DEBUG   ] forensic.server.http_server (http_server.py:115): HTTP "POST /_forensic/windows HTTP/1.1" 200 -
2026-06-07 12:03:50 [DEBUG   ] forensic.server.router (router.py:104): Router: POST /_forensic/windows (ajax=True)
2026-06-07 12:03:50 [DEBUG   ] forensic.forensic_api.windows (windows.py:287): /_forensic/windows POST: Fenster '54b291e0-d5b9-4ee9-9c22-ed7c298da892' (Rolle 'userinfo') registriert
2026-06-07 12:03:50 [DEBUG   ] forensic.server.http_server (http_server.py:115): HTTP "POST /_forensic/windows HTTP/1.1" 200 -
2026-06-07 12:03:50 [DEBUG   ] forensic.server.router (router.py:104): Router: POST /_forensic/windows (ajax=True)
2026-06-07 12:03:50 [DEBUG   ] forensic.forensic_api.windows (windows.py:287): /_forensic/windows POST: Fenster 'b5a348af-e19a-4333-9881-9c2ccba8b299' (Rolle 'userinfo') registriert
2026-06-07 12:03:50 [DEBUG   ] forensic.server.router (router.py:104): Router: POST /_forensic/windows (ajax=True)
2026-06-07 12:03:50 [DEBUG   ] forensic.server.http_server (http_server.py:115): HTTP "POST /_forensic/windows HTTP/1.1" 200 -
2026-06-07 12:03:50 [DEBUG   ] forensic.server.router (router.py:104): Router: POST /_forensic/windows (ajax=True)
2026-06-07 12:03:50 [DEBUG   ] forensic.server.router (router.py:104): Router: POST /_forensic/windows (ajax=True)
2026-06-07 12:03:50 [DEBUG   ] forensic.forensic_api.windows (windows.py:287): /_forensic/windows POST: Fenster 'd9b13c53-24c0-4fcf-ab16-934ebfc3a992' (Rolle 'report') registriert
2026-06-07 12:03:50 [DEBUG   ] forensic.server.http_server (http_server.py:115): HTTP "POST /_forensic/windows HTTP/1.1" 200 -
2026-06-07 12:03:50 [DEBUG   ] forensic.forensic_api.windows (windows.py:287): /_forensic/windows POST: Fenster 'b1de0a1f-3b7c-4ce1-81c7-a2324ccd5457' (Rolle 'main') registriert
2026-06-07 12:03:50 [DEBUG   ] forensic.forensic_api.windows (windows.py:287): /_forensic/windows POST: Fenster '6c9c384f-d503-449b-a512-06c973b9d079' (Rolle 'main') registriert
2026-06-07 12:03:50 [DEBUG   ] forensic.server.http_server (http_server.py:115): HTTP "POST /_forensic/windows HTTP/1.1" 200 -
2026-06-07 12:03:50 [DEBUG   ] forensic.server.http_server (http_server.py:115): HTTP "POST /_forensic/windows HTTP/1.1" 200 -
2026-06-07 12:04:05 [DEBUG   ] forensic.server.router (router.py:104): Router: POST /_forensic/windows (ajax=True)
2026-06-07 12:04:05 [DEBUG   ] forensic.forensic_api.windows (windows.py:287): /_forensic/windows POST: Fenster '942b34a1-447a-429c-9c15-a32b1aded594' (Rolle 'userinfo') registriert
2026-06-07 12:04:05 [DEBUG   ] forensic.server.http_server (http_server.py:115): HTTP "POST /_forensic/windows HTTP/1.1" 200 -
2026-06-07 12:04:10 [DEBUG   ] forensic (main.py:467): Watchdog: Heartbeat (Dump: 'logs/freeze_dump.txt')
2026-06-07 12:04:15 [DEBUG   ] forensic.server.router (router.py:104): Router: POST /_forensic/windows (ajax=True)
2026-06-07 12:04:15 [DEBUG   ] forensic.forensic_api.windows (windows.py:287): /_forensic/windows POST: Fenster '44099e4e-7fb1-4cda-8048-090e8be06c9e' (Rolle 'report') registriert
2026-06-07 12:04:15 [DEBUG   ] forensic.server.http_server (http_server.py:115): HTTP "POST /_forensic/windows HTTP/1.1" 200 -
2026-06-07 12:04:18 [DEBUG   ] forensic.server.router (router.py:104): Router: POST /_forensic/windows (ajax=True)
2026-06-07 12:04:18 [DEBUG   ] forensic.forensic_api.windows (windows.py:287): /_forensic/windows POST: Fenster '28647da4-1b6f-40de-8490-df54938e70d5' (Rolle 'userinfo') registriert
2026-06-07 12:04:18 [DEBUG   ] forensic.server.http_server (http_server.py:115): HTTP "POST /_forensic/windows HTTP/1.1" 200 -
2026-06-07 12:04:35 [DEBUG   ] forensic.server.router (router.py:104): Router: POST /_forensic/windows (ajax=True)
2026-06-07 12:04:35 [DEBUG   ] forensic.forensic_api.windows (windows.py:287): /_forensic/windows POST: Fenster '942b34a1-447a-429c-9c15-a32b1aded594' (Rolle 'userinfo') registriert
2026-06-07 12:04:35 [DEBUG   ] forensic.server.http_server (http_server.py:115): HTTP "POST /_forensic/windows HTTP/1.1" 200 -
2026-06-07 12:04:40 [DEBUG   ] forensic (main.py:467): Watchdog: Heartbeat (Dump: 'logs/freeze_dump.txt')
2026-06-07 12:04:45 [DEBUG   ] forensic.server.router (router.py:104): Router: POST /_forensic/windows (ajax=True)
2026-06-07 12:04:45 [DEBUG   ] forensic.forensic_api.windows (windows.py:287): /_forensic/windows POST: Fenster '44099e4e-7fb1-4cda-8048-090e8be06c9e' (Rolle 'report') registriert
2026-06-07 12:04:45 [DEBUG   ] forensic.server.http_server (http_server.py:115): HTTP "POST /_forensic/windows HTTP/1.1" 200 -
2026-06-07 12:04:48 [DEBUG   ] forensic.server.router (router.py:104): Router: POST /_forensic/windows (ajax=True)
2026-06-07 12:04:48 [DEBUG   ] forensic.forensic_api.windows (windows.py:287): /_forensic/windows POST: Fenster '28647da4-1b6f-40de-8490-df54938e70d5' (Rolle 'userinfo') registriert
2026-06-07 12:04:48 [DEBUG   ] forensic.server.http_server (http_server.py:115): HTTP "POST /_forensic/windows HTTP/1.1" 200 -
2026-06-07 12:04:50 [DEBUG   ] forensic.server.router (router.py:104): Router: POST /_forensic/windows (ajax=True)
2026-06-07 12:04:50 [DEBUG   ] forensic.forensic_api.windows (windows.py:287): /_forensic/windows POST: Fenster 'b1de0a1f-3b7c-4ce1-81c7-a2324ccd5457' (Rolle 'main') registriert
2026-06-07 12:04:50 [DEBUG   ] forensic.server.http_server (http_server.py:115): HTTP "POST /_forensic/windows HTTP/1.1" 200 -
2026-06-07 12:04:50 [DEBUG   ] forensic.server.router (router.py:104): Router: POST /_forensic/windows (ajax=True)
2026-06-07 12:04:50 [DEBUG   ] forensic.forensic_api.windows (windows.py:287): /_forensic/windows POST: Fenster '54b291e0-d5b9-4ee9-9c22-ed7c298da892' (Rolle 'userinfo') registriert
2026-06-07 12:04:50 [DEBUG   ] forensic.server.router (router.py:104): Router: POST /_forensic/windows (ajax=True)
2026-06-07 12:04:50 [DEBUG   ] forensic.forensic_api.windows (windows.py:287): /_forensic/windows POST: Fenster '6c9c384f-d503-449b-a512-06c973b9d079' (Rolle 'main') registriert
2026-06-07 12:04:50 [DEBUG   ] forensic.server.http_server (http_server.py:115): HTTP "POST /_forensic/windows HTTP/1.1" 200 -
2026-06-07 12:04:50 [DEBUG   ] forensic.server.http_server (http_server.py:115): HTTP "POST /_forensic/windows HTTP/1.1" 200 -
2026-06-07 12:04:50 [DEBUG   ] forensic.server.router (router.py:104): Router: POST /_forensic/windows (ajax=True)
2026-06-07 12:04:50 [DEBUG   ] forensic.forensic_api.windows (windows.py:287): /_forensic/windows POST: Fenster 'b5a348af-e19a-4333-9881-9c2ccba8b299' (Rolle 'userinfo') registriert
2026-06-07 12:04:50 [DEBUG   ] forensic.server.http_server (http_server.py:115): HTTP "POST /_forensic/windows HTTP/1.1" 200 -
2026-06-07 12:04:50 [DEBUG   ] forensic.server.router (router.py:104): Router: POST /_forensic/windows (ajax=True)
2026-06-07 12:04:50 [DEBUG   ] forensic.forensic_api.windows (windows.py:287): /_forensic/windows POST: Fenster 'd9b13c53-24c0-4fcf-ab16-934ebfc3a992' (Rolle 'report') registriert
2026-06-07 12:04:50 [DEBUG   ] forensic.server.http_server (http_server.py:115): HTTP "POST /_forensic/windows HTTP/1.1" 200 -
2026-06-07 12:05:05 [DEBUG   ] forensic.server.router (router.py:104): Router: POST /_forensic/windows (ajax=True)
2026-06-07 12:05:05 [DEBUG   ] forensic.forensic_api.windows (windows.py:287): /_forensic/windows POST: Fenster '942b34a1-447a-429c-9c15-a32b1aded594' (Rolle 'userinfo') registriert
2026-06-07 12:05:05 [DEBUG   ] forensic.server.http_server (http_server.py:115): HTTP "POST /_forensic/windows HTTP/1.1" 200 -
2026-06-07 12:05:10 [DEBUG   ] forensic (main.py:467): Watchdog: Heartbeat (Dump: 'logs/freeze_dump.txt')
2026-06-07 12:05:15 [DEBUG   ] forensic.server.router (router.py:104): Router: POST /_forensic/windows (ajax=True)
2026-06-07 12:05:15 [DEBUG   ] forensic.forensic_api.windows (windows.py:287): /_forensic/windows POST: Fenster '44099e4e-7fb1-4cda-8048-090e8be06c9e' (Rolle 'report') registriert
2026-06-07 12:05:15 [DEBUG   ] forensic.server.http_server (http_server.py:115): HTTP "POST /_forensic/windows HTTP/1.1" 200 -
2026-06-07 12:05:18 [DEBUG   ] forensic.server.router (router.py:104): Router: POST /_forensic/windows (ajax=True)
2026-06-07 12:05:18 [DEBUG   ] forensic.forensic_api.windows (windows.py:287): /_forensic/windows POST: Fenster '28647da4-1b6f-40de-8490-df54938e70d5' (Rolle 'userinfo') registriert
2026-06-07 12:05:18 [DEBUG   ] forensic.server.http_server (http_server.py:115): HTTP "POST /_forensic/windows HTTP/1.1" 200 -
2026-06-07 12:05:35 [DEBUG   ] forensic.server.router (router.py:104): Router: POST /_forensic/windows (ajax=True)
2026-06-07 12:05:35 [DEBUG   ] forensic.forensic_api.windows (windows.py:287): /_forensic/windows POST: Fenster '942b34a1-447a-429c-9c15-a32b1aded594' (Rolle 'userinfo') registriert
2026-06-07 12:05:35 [DEBUG   ] forensic.server.http_server (http_server.py:115): HTTP "POST /_forensic/windows HTTP/1.1" 200 -
2026-06-07 12:05:40 [DEBUG   ] forensic (main.py:467): Watchdog: Heartbeat (Dump: 'logs/freeze_dump.txt')
2026-06-07 12:05:45 [DEBUG   ] forensic.server.router (router.py:104): Router: POST /_forensic/windows (ajax=True)
2026-06-07 12:05:45 [DEBUG   ] forensic.forensic_api.windows (windows.py:287): /_forensic/windows POST: Fenster '44099e4e-7fb1-4cda-8048-090e8be06c9e' (Rolle 'report') registriert
2026-06-07 12:05:45 [DEBUG   ] forensic.server.http_server (http_server.py:115): HTTP "POST /_forensic/windows HTTP/1.1" 200 -
2026-06-07 12:05:48 [DEBUG   ] forensic.server.router (router.py:104): Router: POST /_forensic/windows (ajax=True)
2026-06-07 12:05:48 [DEBUG   ] forensic.forensic_api.windows (windows.py:287): /_forensic/windows POST: Fenster '28647da4-1b6f-40de-8490-df54938e70d5' (Rolle 'userinfo') registriert
2026-06-07 12:05:48 [DEBUG   ] forensic.server.http_server (http_server.py:115): HTTP "POST /_forensic/windows HTTP/1.1" 200 -
2026-06-07 12:05:50 [DEBUG   ] forensic.server.router (router.py:104): Router: POST /_forensic/windows (ajax=True)
2026-06-07 12:05:50 [DEBUG   ] forensic.forensic_api.windows (windows.py:287): /_forensic/windows POST: Fenster '54b291e0-d5b9-4ee9-9c22-ed7c298da892' (Rolle 'userinfo') registriert
2026-06-07 12:05:50 [DEBUG   ] forensic.server.http_server (http_server.py:115): HTTP "POST /_forensic/windows HTTP/1.1" 200 -
2026-06-07 12:05:50 [DEBUG   ] forensic.server.router (router.py:104): Router: POST /_forensic/windows (ajax=True)
2026-06-07 12:05:50 [DEBUG   ] forensic.server.router (router.py:104): Router: POST /_forensic/windows (ajax=True)
2026-06-07 12:05:50 [DEBUG   ] forensic.forensic_api.windows (windows.py:287): /_forensic/windows POST: Fenster 'b5a348af-e19a-4333-9881-9c2ccba8b299' (Rolle 'userinfo') registriert
2026-06-07 12:05:50 [DEBUG   ] forensic.forensic_api.windows (windows.py:287): /_forensic/windows POST: Fenster '6c9c384f-d503-449b-a512-06c973b9d079' (Rolle 'main') registriert
2026-06-07 12:05:50 [DEBUG   ] forensic.server.http_server (http_server.py:115): HTTP "POST /_forensic/windows HTTP/1.1" 200 -
2026-06-07 12:05:50 [DEBUG   ] forensic.server.router (router.py:104): Router: POST /_forensic/windows (ajax=True)
2026-06-07 12:05:50 [DEBUG   ] forensic.server.router (router.py:104): Router: POST /_forensic/windows (ajax=True)
2026-06-07 12:05:50 [DEBUG   ] forensic.forensic_api.windows (windows.py:287): /_forensic/windows POST: Fenster 'b1de0a1f-3b7c-4ce1-81c7-a2324ccd5457' (Rolle 'main') registriert
2026-06-07 12:05:50 [DEBUG   ] forensic.server.http_server (http_server.py:115): HTTP "POST /_forensic/windows HTTP/1.1" 200 -
2026-06-07 12:05:50 [DEBUG   ] forensic.forensic_api.windows (windows.py:287): /_forensic/windows POST: Fenster 'd9b13c53-24c0-4fcf-ab16-934ebfc3a992' (Rolle 'report') registriert
2026-06-07 12:05:50 [DEBUG   ] forensic.server.http_server (http_server.py:115): HTTP "POST /_forensic/windows HTTP/1.1" 200 -
2026-06-07 12:05:50 [DEBUG   ] forensic.server.http_server (http_server.py:115): HTTP "POST /_forensic/windows HTTP/1.1" 200 -
2026-06-07 12:06:05 [DEBUG   ] forensic.server.router (router.py:104): Router: POST /_forensic/windows (ajax=True)
2026-06-07 12:06:05 [DEBUG   ] forensic.forensic_api.windows (windows.py:287): /_forensic/windows POST: Fenster '942b34a1-447a-429c-9c15-a32b1aded594' (Rolle 'userinfo') registriert
2026-06-07 12:06:05 [DEBUG   ] forensic.server.http_server (http_server.py:115): HTTP "POST /_forensic/windows HTTP/1.1" 200 -
2026-06-07 12:06:10 [DEBUG   ] forensic (main.py:467): Watchdog: Heartbeat (Dump: 'logs/freeze_dump.txt')
2026-06-07 12:06:15 [DEBUG   ] forensic.server.router (router.py:104): Router: POST /_forensic/windows (ajax=True)
2026-06-07 12:06:15 [DEBUG   ] forensic.forensic_api.windows (windows.py:287): /_forensic/windows POST: Fenster '44099e4e-7fb1-4cda-8048-090e8be06c9e' (Rolle 'report') registriert
2026-06-07 12:06:15 [DEBUG   ] forensic.server.http_server (http_server.py:115): HTTP "POST /_forensic/windows HTTP/1.1" 200 -
2026-06-07 12:06:18 [DEBUG   ] forensic.server.router (router.py:104): Router: POST /_forensic/windows (ajax=True)
2026-06-07 12:06:18 [DEBUG   ] forensic.forensic_api.windows (windows.py:287): /_forensic/windows POST: Fenster '28647da4-1b6f-40de-8490-df54938e70d5' (Rolle 'userinfo') registriert
2026-06-07 12:06:18 [DEBUG   ] forensic.server.http_server (http_server.py:115): HTTP "POST /_forensic/windows HTTP/1.1" 200 -
2026-06-07 12:06:35 [DEBUG   ] forensic.server.router (router.py:104): Router: POST /_forensic/windows (ajax=True)
2026-06-07 12:06:35 [DEBUG   ] forensic.forensic_api.windows (windows.py:287): /_forensic/windows POST: Fenster '942b34a1-447a-429c-9c15-a32b1aded594' (Rolle 'userinfo') registriert
2026-06-07 12:06:35 [DEBUG   ] forensic.server.http_server (http_server.py:115): HTTP "POST /_forensic/windows HTTP/1.1" 200 -
2026-06-07 12:06:40 [DEBUG   ] forensic (main.py:467): Watchdog: Heartbeat (Dump: 'logs/freeze_dump.txt')
2026-06-07 12:06:45 [DEBUG   ] forensic.server.router (router.py:104): Router: POST /_forensic/windows (ajax=True)
2026-06-07 12:06:45 [DEBUG   ] forensic.forensic_api.windows (windows.py:287): /_forensic/windows POST: Fenster '44099e4e-7fb1-4cda-8048-090e8be06c9e' (Rolle 'report') registriert
2026-06-07 12:06:45 [DEBUG   ] forensic.server.http_server (http_server.py:115): HTTP "POST /_forensic/windows HTTP/1.1" 200 -
2026-06-07 12:06:48 [DEBUG   ] forensic.server.router (router.py:104): Router: POST /_forensic/windows (ajax=True)
2026-06-07 12:06:48 [DEBUG   ] forensic.forensic_api.windows (windows.py:287): /_forensic/windows POST: Fenster '28647da4-1b6f-40de-8490-df54938e70d5' (Rolle 'userinfo') registriert
2026-06-07 12:06:48 [DEBUG   ] forensic.server.http_server (http_server.py:115): HTTP "POST /_forensic/windows HTTP/1.1" 200 -
2026-06-07 12:06:50 [DEBUG   ] forensic.server.router (router.py:104): Router: POST /_forensic/windows (ajax=True)
2026-06-07 12:06:50 [DEBUG   ] forensic.forensic_api.windows (windows.py:287): /_forensic/windows POST: Fenster '54b291e0-d5b9-4ee9-9c22-ed7c298da892' (Rolle 'userinfo') registriert
2026-06-07 12:06:50 [DEBUG   ] forensic.server.http_server (http_server.py:115): HTTP "POST /_forensic/windows HTTP/1.1" 200 -
2026-06-07 12:06:50 [DEBUG   ] forensic.server.router (router.py:104): Router: POST /_forensic/windows (ajax=True)
2026-06-07 12:06:50 [DEBUG   ] forensic.forensic_api.windows (windows.py:287): /_forensic/windows POST: Fenster 'b5a348af-e19a-4333-9881-9c2ccba8b299' (Rolle 'userinfo') registriert
2026-06-07 12:06:50 [DEBUG   ] forensic.server.http_server (http_server.py:115): HTTP "POST /_forensic/windows HTTP/1.1" 200 -
2026-06-07 12:06:50 [DEBUG   ] forensic.server.router (router.py:104): Router: POST /_forensic/windows (ajax=True)
2026-06-07 12:06:50 [DEBUG   ] forensic.forensic_api.windows (windows.py:287): /_forensic/windows POST: Fenster 'b1de0a1f-3b7c-4ce1-81c7-a2324ccd5457' (Rolle 'main') registriert
2026-06-07 12:06:50 [DEBUG   ] forensic.server.http_server (http_server.py:115): HTTP "POST /_forensic/windows HTTP/1.1" 200 -
2026-06-07 12:06:50 [DEBUG   ] forensic.server.router (router.py:104): Router: POST /_forensic/windows (ajax=True)
2026-06-07 12:06:50 [DEBUG   ] forensic.forensic_api.windows (windows.py:287): /_forensic/windows POST: Fenster '6c9c384f-d503-449b-a512-06c973b9d079' (Rolle 'main') registriert
2026-06-07 12:06:50 [DEBUG   ] forensic.server.http_server (http_server.py:115): HTTP "POST /_forensic/windows HTTP/1.1" 200 -
2026-06-07 12:06:50 [DEBUG   ] forensic.server.router (router.py:104): Router: POST /_forensic/windows (ajax=True)
2026-06-07 12:06:50 [DEBUG   ] forensic.forensic_api.windows (windows.py:287): /_forensic/windows POST: Fenster 'd9b13c53-24c0-4fcf-ab16-934ebfc3a992' (Rolle 'report') registriert
2026-06-07 12:06:50 [DEBUG   ] forensic.server.http_server (http_server.py:115): HTTP "POST /_forensic/windows HTTP/1.1" 200 -
2026-06-07 12:07:05 [DEBUG   ] forensic.server.router (router.py:104): Router: POST /_forensic/windows (ajax=True)
2026-06-07 12:07:05 [DEBUG   ] forensic.forensic_api.windows (windows.py:287): /_forensic/windows POST: Fenster '942b34a1-447a-429c-9c15-a32b1aded594' (Rolle 'userinfo') registriert
2026-06-07 12:07:05 [DEBUG   ] forensic.server.http_server (http_server.py:115): HTTP "POST /_forensic/windows HTTP/1.1" 200 -
2026-06-07 12:07:10 [DEBUG   ] forensic (main.py:467): Watchdog: Heartbeat (Dump: 'logs/freeze_dump.txt')
2026-06-07 12:07:15 [DEBUG   ] forensic.server.router (router.py:104): Router: POST /_forensic/windows (ajax=True)
2026-06-07 12:07:15 [DEBUG   ] forensic.forensic_api.windows (windows.py:287): /_forensic/windows POST: Fenster '44099e4e-7fb1-4cda-8048-090e8be06c9e' (Rolle 'report') registriert
2026-06-07 12:07:15 [DEBUG   ] forensic.server.http_server (http_server.py:115): HTTP "POST /_forensic/windows HTTP/1.1" 200 -
2026-06-07 12:07:18 [DEBUG   ] forensic.server.router (router.py:104): Router: POST /_forensic/windows (ajax=True)
2026-06-07 12:07:18 [DEBUG   ] forensic.forensic_api.windows (windows.py:287): /_forensic/windows POST: Fenster '28647da4-1b6f-40de-8490-df54938e70d5' (Rolle 'userinfo') registriert
2026-06-07 12:07:18 [DEBUG   ] forensic.server.http_server (http_server.py:115): HTTP "POST /_forensic/windows HTTP/1.1" 200 -
2026-06-07 12:07:35 [DEBUG   ] forensic.server.router (router.py:104): Router: POST /_forensic/windows (ajax=True)
2026-06-07 12:07:35 [DEBUG   ] forensic.forensic_api.windows (windows.py:287): /_forensic/windows POST: Fenster '942b34a1-447a-429c-9c15-a32b1aded594' (Rolle 'userinfo') registriert
2026-06-07 12:07:35 [DEBUG   ] forensic.server.http_server (http_server.py:115): HTTP "POST /_forensic/windows HTTP/1.1" 200 -
2026-06-07 12:07:40 [DEBUG   ] forensic (main.py:467): Watchdog: Heartbeat (Dump: 'logs/freeze_dump.txt')
2026-06-07 12:07:45 [DEBUG   ] forensic.server.router (router.py:104): Router: POST /_forensic/windows (ajax=True)
2026-06-07 12:07:45 [DEBUG   ] forensic.forensic_api.windows (windows.py:287): /_forensic/windows POST: Fenster '44099e4e-7fb1-4cda-8048-090e8be06c9e' (Rolle 'report') registriert
2026-06-07 12:07:45 [DEBUG   ] forensic.server.http_server (http_server.py:115): HTTP "POST /_forensic/windows HTTP/1.1" 200 -
2026-06-07 12:07:48 [DEBUG   ] forensic.server.router (router.py:104): Router: POST /_forensic/windows (ajax=True)
2026-06-07 12:07:48 [DEBUG   ] forensic.forensic_api.windows (windows.py:287): /_forensic/windows POST: Fenster '28647da4-1b6f-40de-8490-df54938e70d5' (Rolle 'userinfo') registriert
2026-06-07 12:07:48 [DEBUG   ] forensic.server.http_server (http_server.py:115): HTTP "POST /_forensic/windows HTTP/1.1" 200 -
2026-06-07 12:07:50 [DEBUG   ] forensic.server.router (router.py:104): Router: POST /_forensic/windows (ajax=True)
2026-06-07 12:07:50 [DEBUG   ] forensic.forensic_api.windows (windows.py:287): /_forensic/windows POST: Fenster 'b1de0a1f-3b7c-4ce1-81c7-a2324ccd5457' (Rolle 'main') registriert
2026-06-07 12:07:50 [DEBUG   ] forensic.server.http_server (http_server.py:115): HTTP "POST /_forensic/windows HTTP/1.1" 200 -
2026-06-07 12:07:50 [DEBUG   ] forensic.server.router (router.py:104): Router: POST /_forensic/windows (ajax=True)
2026-06-07 12:07:50 [DEBUG   ] forensic.server.router (router.py:104): Router: POST /_forensic/windows (ajax=True)
2026-06-07 12:07:50 [DEBUG   ] forensic.server.router (router.py:104): Router: POST /_forensic/windows (ajax=True)
2026-06-07 12:07:50 [DEBUG   ] forensic.server.router (router.py:104): Router: POST /_forensic/windows (ajax=True)
2026-06-07 12:07:50 [DEBUG   ] forensic.forensic_api.windows (windows.py:287): /_forensic/windows POST: Fenster 'b5a348af-e19a-4333-9881-9c2ccba8b299' (Rolle 'userinfo') registriert
2026-06-07 12:07:50 [DEBUG   ] forensic.forensic_api.windows (windows.py:287): /_forensic/windows POST: Fenster '6c9c384f-d503-449b-a512-06c973b9d079' (Rolle 'main') registriert
2026-06-07 12:07:50 [DEBUG   ] forensic.forensic_api.windows (windows.py:287): /_forensic/windows POST: Fenster 'd9b13c53-24c0-4fcf-ab16-934ebfc3a992' (Rolle 'report') registriert
2026-06-07 12:07:50 [DEBUG   ] forensic.server.http_server (http_server.py:115): HTTP "POST /_forensic/windows HTTP/1.1" 200 -
2026-06-07 12:07:50 [DEBUG   ] forensic.server.http_server (http_server.py:115): HTTP "POST /_forensic/windows HTTP/1.1" 200 -
2026-06-07 12:07:50 [DEBUG   ] forensic.forensic_api.windows (windows.py:287): /_forensic/windows POST: Fenster '54b291e0-d5b9-4ee9-9c22-ed7c298da892' (Rolle 'userinfo') registriert
2026-06-07 12:07:50 [DEBUG   ] forensic.server.http_server (http_server.py:115): HTTP "POST /_forensic/windows HTTP/1.1" 200 -
2026-06-07 12:07:50 [DEBUG   ] forensic.server.http_server (http_server.py:115): HTTP "POST /_forensic/windows HTTP/1.1" 200 -
2026-06-07 12:08:05 [DEBUG   ] forensic.server.router (router.py:104): Router: POST /_forensic/windows (ajax=True)
2026-06-07 12:08:05 [DEBUG   ] forensic.forensic_api.windows (windows.py:287): /_forensic/windows POST: Fenster '942b34a1-447a-429c-9c15-a32b1aded594' (Rolle 'userinfo') registriert
2026-06-07 12:08:05 [DEBUG   ] forensic.server.http_server (http_server.py:115): HTTP "POST /_forensic/windows HTTP/1.1" 200 -
2026-06-07 12:08:10 [DEBUG   ] forensic (main.py:467): Watchdog: Heartbeat (Dump: 'logs/freeze_dump.txt')
2026-06-07 12:08:15 [DEBUG   ] forensic.server.router (router.py:104): Router: POST /_forensic/windows (ajax=True)
2026-06-07 12:08:15 [DEBUG   ] forensic.forensic_api.windows (windows.py:287): /_forensic/windows POST: Fenster '44099e4e-7fb1-4cda-8048-090e8be06c9e' (Rolle 'report') registriert
2026-06-07 12:08:15 [DEBUG   ] forensic.server.http_server (http_server.py:115): HTTP "POST /_forensic/windows HTTP/1.1" 200 -
2026-06-07 12:08:18 [DEBUG   ] forensic.server.router (router.py:104): Router: POST /_forensic/windows (ajax=True)
2026-06-07 12:08:18 [DEBUG   ] forensic.forensic_api.windows (windows.py:287): /_forensic/windows POST: Fenster '28647da4-1b6f-40de-8490-df54938e70d5' (Rolle 'userinfo') registriert
2026-06-07 12:08:18 [DEBUG   ] forensic.server.http_server (http_server.py:115): HTTP "POST /_forensic/windows HTTP/1.1" 200 -
