Navigated to http://127.0.0.2:8080/_forensic/report
report:204 [web-debug] FORENSIC_DEBUG=true, FORENSIC_EVENT_TRACE=true
debug_events.js:235 [debug_events.js] Build 200 geladen. window._uevt() verfügbar. Trace-Modus: window.FORENSIC_EVENT_TRACE = true
debug_events.js:241 [debug_events.js] Kill-Switches: window.FORENSIC_DEBUG=false (alles) | window.FORENSIC_EVENT_DEBUG=false (nur Events)
placeholder_chips.js:56 [forensic] placeholder_chips.js: window.PlaceholderChips exportiert
placeholder_wizard.js:75 [forensic] placeholder_wizard.js: window.PlaceholderWizard exportiert
module_panel.js:77 [forensic] module_panel.js: window.ModulePanel exportiert
annotation_sidebar.js:58 [forensic] annotation_sidebar.js: window.AnnotationSidebar exportiert
report_editor.js:112 [forensic] report_editor.js: Exports auf window gesetzt (Build wird async geladen)
userinfo.js:59 [userinfo.js] IIFE gestartet, readyState= interactive
userinfo.js:866 [userinfo.js] readyState=interactive — sofortiger Aufruf
userinfo.js:844 [userinfo.js] _onDOMReady() aufgerufen
userinfo.js:68 [forensic] DOMContentLoaded: userinfo.js aktiv
userinfo.js:68 [forensic] initEditor() gestartet
editor_bootstrap.js:53 [editor_bootstrap] bootstrap() gestartet
sse_layer.js:604 [SSELayer] SSELayer konstruiert
editor_bootstrap.js:53 [editor_bootstrap] SSELayer instanziiert
sse_layer.js:604 [SSELayer] connect() aufgerufen aus Zustand: UNINITIALIZED
sse_layer.js:604 [SSELayer] Zustandsübergang: UNINITIALIZED → CONNECTING
sse_layer.js:604 [SSELayer] EventSource öffnen: /_forensic/events?role=report
editor_bootstrap.js:53 [editor_bootstrap] ReportLayer instanziiert
editor_bootstrap.js:53 [editor_bootstrap] LockLayer instanziiert
editor_bootstrap.js:53 [editor_bootstrap] DocumentLayer instanziiert
report_editor.js:3947 [forensic] report_editor.js: v0.6.298 Build 298 | Exports auf window gesetzt
sse_layer.js:604 [SSELayer] EventSource direkt öffnen (Preflight OK): /_forensic/events?role=report
sse_layer.js:604 [SSELayer] client_id empfangen: 31ed6f75-b5cf-43d8-9437-26fc16cf9423 Zustand vorher: CONNECTING
sse_layer.js:604 [SSELayer] Zustandsübergang: CONNECTING → CONNECTED
report_layer.js:406 [ReportLayer] Zustandsübergang: UNINITIALIZED → IDLE
report_layer.js:406 [ReportLayer] ready — SSELayer ist bereit, ReportLayer in IDLE
lock_layer.js:718 [LockLayer] Zustandsübergang: UNINITIALIZED → IDLE
lock_layer.js:718 [LockLayer] ready — ReportLayer ist bereit, LockLayer in IDLE
document_layer.js:608 [DocumentLayer] ready — LockLayer ist bereit
editor_bootstrap.js:53 [editor_bootstrap] Alle Layer bereit
editor_bootstrap.js:53 [editor_bootstrap] bootstrap() abgeschlossen — alle Listener registriert
userinfo.js:649 [userinfo] initSSEWindow3: Paket 9 — SSELayer übernimmt. Stub.
report_editor.js:112 [forensic] initEditorModule() gestartet
report_editor.js:112 [forensic] _initSidebarAccordion() gestartet
report_editor.js:112 [forensic] _initColResizer: Schiebebalken initialisiert
report_editor.js:112 [forensic] _initForumLinkInterceptor: BroadcastChannel bereit
report_editor.js:112 [forensic] _initForumLinkInterceptor: aktiv (window_id= abd5f492-fca9-41df-ad99-56678055928f )
report_editor.js:112 [forensic] _initDragDrop: Drop-Zone registriert auf #editorjs-holder
report_editor.js:112 [forensic] initReportSelector() gestartet
report_editor.js:112 [forensic] loadReport() report_id= 1 type= interim
report_editor.js:112 [forensic] _loadReportImpl: Lock erwerben für Bericht 1
report_editor.js:112 [forensic] _loadReportImpl: reportLayer.open() für Bericht 1
report_layer.js:406 [ReportLayer] open() reportId= 1
report_layer.js:406 [ReportLayer] Zustandsübergang: IDLE → OPENING
report_layer.js:406 [ReportLayer] Zustandsübergang: OPENING → OPENED
lock_layer.js:718 [LockLayer] ReportLayer OPENED — prüfe sessionStorage auf lockId
report_layer.js:406 [ReportLayer] OPENED: report_id= 1
lock_layer.js:718 [LockLayer] Zustandsübergang: IDLE → ACQUIRING
lock_layer.js:718 [LockLayer] Zustandsübergang: ACQUIRING → MINE
editor_bootstrap.js:53 [editor_bootstrap] LockLayer acquired: lockId= 55fbb907-bb63-48d1-a33d-43d748d6f3e3
lock_layer.js:718 [LockLayer] MINE: lock_id= 55fbb907-bb63-48d1-a33d-43d748d6f3e3
report_editor.js:112 [forensic] _loadReportImpl: Bloecke aus reportLayer ( 6 )
report_editor.js:642 report_editor.js: _knownBlockIds initialisiert, 6 Bloecke geladen.
report_editor.js:112 [forensic] _initEditorJs(): window.EditorJS= true
report_editor.js:112 [forensic] _initSidebarAccordion() gestartet
report_editor.js:1134 report_editor.js: Editor bereit, report_id= 1 | readOnly= false
placeholder_wizard.js:189 [PlaceholderWizard] showPlaceholderForm: blocks= 6 focusedId= O47wiTFR_l onSave= function myUsername= paul
report_editor.js:1319 report_editor.js: Initialisierungs-Guard freigegeben.
debug_events.js:216 [TRACE][USER] mousedown → <div.evidence-label-input>
debug_events.js:174 [USER]     [report_editor] mousedown:captureRange — Mouse
debug_events.js:216 [TRACE][USER] focus → <div.evidence-label-input>
debug_events.js:216 [TRACE][USER] mouseup → <div.evidence-label-input>
debug_events.js:216 [TRACE][USER] click → <div.evidence-label-input>
debug_events.js:162 [USER]     [report_editor] click:ph-chip — Mouse
debug_events.js:216 [TRACE][USER] keydown → <div.evidence-label-input>
debug_events.js:216 [TRACE][USER] keyup → <div.evidence-label-input>
debug_events.js:174 [USER]     [report_editor] keyup:captureRange — Keyboard
report_editor.js:1166 [forensic] _captureRange: alt= null → neu: blockId= PSnO2XY66E blockIdx= 4 startOffset= 4
debug_events.js:216 [TRACE][USER] keydown → <div.evidence-label-input>
debug_events.js:216 [TRACE][USER] keyup → <div.evidence-label-input>
debug_events.js:174 [USER]     [report_editor] keyup:captureRange — Keyboard
report_editor.js:1166 [forensic] _captureRange: alt= blockId=PSnO2XY66E offset=4 → neu: blockId= PSnO2XY66E blockIdx= 4 startOffset= 3
debug_events.js:216 [TRACE][USER] keydown → <div.evidence-label-input>
debug_events.js:216 [TRACE][USER] keyup → <div.evidence-label-input>
debug_events.js:174 [USER]     [report_editor] keyup:captureRange — Keyboard
report_editor.js:1166 [forensic] _captureRange: alt= blockId=PSnO2XY66E offset=3 → neu: blockId= PSnO2XY66E blockIdx= 4 startOffset= 2
debug_events.js:216 [TRACE][USER] keydown → <div.evidence-label-input>
debug_events.js:216 [TRACE][USER] keyup → <div.evidence-label-input>
debug_events.js:174 [USER]     [report_editor] keyup:captureRange — Keyboard
report_editor.js:1166 [forensic] _captureRange: alt= blockId=PSnO2XY66E offset=2 → neu: blockId= PSnO2XY66E blockIdx= 4 startOffset= 1
debug_events.js:216 [TRACE][USER] keydown → <div.evidence-label-input>
debug_events.js:216 [TRACE][USER] keyup → <div.evidence-label-input>
debug_events.js:174 [USER]     [report_editor] keyup:captureRange — Keyboard
report_editor.js:1166 [forensic] _captureRange: alt= blockId=PSnO2XY66E offset=1 → neu: blockId= PSnO2XY66E blockIdx= 4 startOffset= 0
debug_events.js:216 [TRACE][USER] keydown → <div.evidence-label-input>
debug_events.js:216 [TRACE][USER] blur → <div.evidence-label-input>
debug_events.js:216 [TRACE][USER] focus → <div.ce-paragraph.cdx-block>
debug_events.js:216 [TRACE][USER] keyup → <div.ce-paragraph.cdx-block>
debug_events.js:174 [USER]     [report_editor] keyup:captureRange — Keyboard
report_editor.js:1166 [forensic] _captureRange: alt= blockId=PSnO2XY66E offset=0 → neu: blockId= oCHCBvopA_ blockIdx= 3 startOffset= 17
debug_events.js:216 [TRACE][USER] keydown → <div.ce-paragraph.cdx-block>
debug_events.js:216 [TRACE][USER] keyup → <div.ce-paragraph.cdx-block>
debug_events.js:174 [USER]     [report_editor] keyup:captureRange — Keyboard
report_editor.js:1166 [forensic] _captureRange: alt= blockId=oCHCBvopA_ offset=17 → neu: blockId= oCHCBvopA_ blockIdx= 3 startOffset= 14
debug_events.js:216 [TRACE][USER] keydown → <div.ce-paragraph.cdx-block>
debug_events.js:216 [TRACE][USER] keyup → <div.ce-paragraph.cdx-block>
debug_events.js:174 [USER]     [report_editor] keyup:captureRange — Keyboard
report_editor.js:1166 [forensic] _captureRange: alt= blockId=oCHCBvopA_ offset=14 → neu: blockId= oCHCBvopA_ blockIdx= 3 startOffset= 13
debug_events.js:216 [TRACE][USER] keydown → <div.ce-paragraph.cdx-block>
debug_events.js:216 [TRACE][USER] keyup → <div.ce-paragraph.cdx-block>
debug_events.js:174 [USER]     [report_editor] keyup:captureRange — Keyboard
report_editor.js:1166 [forensic] _captureRange: alt= blockId=oCHCBvopA_ offset=13 → neu: blockId= oCHCBvopA_ blockIdx= 3 startOffset= 12
debug_events.js:216 [TRACE][USER] keydown → <div.ce-paragraph.cdx-block>
debug_events.js:216 [TRACE][USER] keyup → <div.ce-paragraph.cdx-block>
debug_events.js:174 [USER]     [report_editor] keyup:captureRange — Keyboard
report_editor.js:1166 [forensic] _captureRange: alt= blockId=oCHCBvopA_ offset=12 → neu: blockId= oCHCBvopA_ blockIdx= 3 startOffset= 11
debug_events.js:216 [TRACE][USER] keydown → <div.ce-paragraph.cdx-block>
debug_events.js:216 [TRACE][USER] keyup → <div.ce-paragraph.cdx-block>
debug_events.js:174 [USER]     [report_editor] keyup:captureRange — Keyboard
report_editor.js:1166 [forensic] _captureRange: alt= blockId=oCHCBvopA_ offset=11 → neu: blockId= oCHCBvopA_ blockIdx= 3 startOffset= 10
debug_events.js:216 [TRACE][USER] keydown → <div.ce-paragraph.cdx-block>
debug_events.js:216 [TRACE][USER] keyup → <div.ce-paragraph.cdx-block>
debug_events.js:174 [USER]     [report_editor] keyup:captureRange — Keyboard
report_editor.js:1166 [forensic] _captureRange: alt= blockId=oCHCBvopA_ offset=10 → neu: blockId= oCHCBvopA_ blockIdx= 3 startOffset= 9
debug_events.js:216 [TRACE][USER] keydown → <div.ce-paragraph.cdx-block>
debug_events.js:216 [TRACE][USER] keyup → <div.ce-paragraph.cdx-block>
debug_events.js:174 [USER]     [report_editor] keyup:captureRange — Keyboard
report_editor.js:1166 [forensic] _captureRange: alt= blockId=oCHCBvopA_ offset=9 → neu: blockId= oCHCBvopA_ blockIdx= 3 startOffset= 8
debug_events.js:216 [TRACE][USER] keydown → <div.ce-paragraph.cdx-block>
debug_events.js:216 [TRACE][USER] keyup → <div.ce-paragraph.cdx-block>
debug_events.js:174 [USER]     [report_editor] keyup:captureRange — Keyboard
report_editor.js:1166 [forensic] _captureRange: alt= blockId=oCHCBvopA_ offset=8 → neu: blockId= oCHCBvopA_ blockIdx= 3 startOffset= 7
debug_events.js:216 [TRACE][USER] keydown → <div.ce-paragraph.cdx-block>
debug_events.js:216 [TRACE][USER] keyup → <div.ce-paragraph.cdx-block>
debug_events.js:174 [USER]     [report_editor] keyup:captureRange — Keyboard
report_editor.js:1166 [forensic] _captureRange: alt= blockId=oCHCBvopA_ offset=7 → neu: blockId= oCHCBvopA_ blockIdx= 3 startOffset= 6
debug_events.js:216 [TRACE][USER] keydown → <div.ce-paragraph.cdx-block>
debug_events.js:216 [TRACE][USER] keyup → <div.ce-paragraph.cdx-block>
debug_events.js:174 [USER]     [report_editor] keyup:captureRange — Keyboard
report_editor.js:1166 [forensic] _captureRange: alt= blockId=oCHCBvopA_ offset=6 → neu: blockId= oCHCBvopA_ blockIdx= 3 startOffset= 5
debug_events.js:216 [TRACE][USER] keydown → <div.ce-paragraph.cdx-block>
debug_events.js:216 [TRACE][USER] keyup → <div.ce-paragraph.cdx-block>
debug_events.js:174 [USER]     [report_editor] keyup:captureRange — Keyboard
report_editor.js:1166 [forensic] _captureRange: alt= blockId=oCHCBvopA_ offset=5 → neu: blockId= oCHCBvopA_ blockIdx= 3 startOffset= 4
debug_events.js:216 [TRACE][USER] keydown → <div.ce-paragraph.cdx-block>
debug_events.js:216 [TRACE][USER] keyup → <div.ce-paragraph.cdx-block>
debug_events.js:174 [USER]     [report_editor] keyup:captureRange — Keyboard
report_editor.js:1166 [forensic] _captureRange: alt= blockId=oCHCBvopA_ offset=4 → neu: blockId= oCHCBvopA_ blockIdx= 3 startOffset= 3
debug_events.js:216 [TRACE][USER] keydown → <div.ce-paragraph.cdx-block>
debug_events.js:216 [TRACE][USER] keyup → <div.ce-paragraph.cdx-block>
debug_events.js:174 [USER]     [report_editor] keyup:captureRange — Keyboard
report_editor.js:1166 [forensic] _captureRange: alt= blockId=oCHCBvopA_ offset=3 → neu: blockId= oCHCBvopA_ blockIdx= 3 startOffset= 2
debug_events.js:216 [TRACE][USER] keydown → <div.ce-paragraph.cdx-block>
debug_events.js:216 [TRACE][USER] keyup → <div.ce-paragraph.cdx-block>
debug_events.js:174 [USER]     [report_editor] keyup:captureRange — Keyboard
report_editor.js:1166 [forensic] _captureRange: alt= blockId=oCHCBvopA_ offset=2 → neu: blockId= oCHCBvopA_ blockIdx= 3 startOffset= 1
debug_events.js:216 [TRACE][USER] keydown → <div.ce-paragraph.cdx-block>
debug_events.js:216 [TRACE][USER] keyup → <div.ce-paragraph.cdx-block>
debug_events.js:174 [USER]     [report_editor] keyup:captureRange — Keyboard
report_editor.js:1166 [forensic] _captureRange: alt= blockId=oCHCBvopA_ offset=1 → neu: blockId= oCHCBvopA_ blockIdx= 3 startOffset= 0
debug_events.js:216 [TRACE][USER] keydown → <div.ce-paragraph.cdx-block>
debug_events.js:216 [TRACE][USER] keyup → <div.ce-paragraph.cdx-block>
debug_events.js:174 [USER]     [report_editor] keyup:captureRange — Keyboard
report_editor.js:1166 [forensic] _captureRange: alt= blockId=oCHCBvopA_ offset=0 → neu: blockId= oCHCBvopA_ blockIdx= 3 startOffset= 1
debug_events.js:216 [TRACE][USER] keydown → <div.ce-paragraph.cdx-block>
debug_events.js:216 [TRACE][USER] keyup → <div.ce-paragraph.cdx-block>
debug_events.js:174 [USER]     [report_editor] keyup:captureRange — Keyboard
report_editor.js:1166 [forensic] _captureRange: alt= blockId=oCHCBvopA_ offset=1 → neu: blockId= oCHCBvopA_ blockIdx= 3 startOffset= 2
debug_events.js:216 [TRACE][USER] keydown → <div.ce-paragraph.cdx-block>
debug_events.js:216 [TRACE][USER] keyup → <div.ce-paragraph.cdx-block>
debug_events.js:174 [USER]     [report_editor] keyup:captureRange — Keyboard
report_editor.js:1166 [forensic] _captureRange: alt= blockId=oCHCBvopA_ offset=2 → neu: blockId= oCHCBvopA_ blockIdx= 3 startOffset= 3
debug_events.js:216 [TRACE][USER] keydown → <div.ce-paragraph.cdx-block>
debug_events.js:216 [TRACE][USER] keyup → <div.ce-paragraph.cdx-block>
debug_events.js:174 [USER]     [report_editor] keyup:captureRange — Keyboard
report_editor.js:1166 [forensic] _captureRange: alt= blockId=oCHCBvopA_ offset=3 → neu: blockId= oCHCBvopA_ blockIdx= 3 startOffset= 4
debug_events.js:216 [TRACE][USER] keydown → <div.ce-paragraph.cdx-block>
debug_events.js:216 [TRACE][USER] keyup → <div.ce-paragraph.cdx-block>
debug_events.js:174 [USER]     [report_editor] keyup:captureRange — Keyboard
report_editor.js:1166 [forensic] _captureRange: alt= blockId=oCHCBvopA_ offset=4 → neu: blockId= oCHCBvopA_ blockIdx= 3 startOffset= 5
debug_events.js:216 [TRACE][USER] keydown → <div.ce-paragraph.cdx-block>
debug_events.js:216 [TRACE][USER] keyup → <div.ce-paragraph.cdx-block>
debug_events.js:174 [USER]     [report_editor] keyup:captureRange — Keyboard
report_editor.js:1166 [forensic] _captureRange: alt= blockId=oCHCBvopA_ offset=5 → neu: blockId= oCHCBvopA_ blockIdx= 3 startOffset= 6
debug_events.js:216 [TRACE][USER] keydown → <div.ce-paragraph.cdx-block>
debug_events.js:216 [TRACE][USER] keyup → <div.ce-paragraph.cdx-block>
debug_events.js:174 [USER]     [report_editor] keyup:captureRange — Keyboard
report_editor.js:1166 [forensic] _captureRange: alt= blockId=oCHCBvopA_ offset=6 → neu: blockId= oCHCBvopA_ blockIdx= 3 startOffset= 7
debug_events.js:216 [TRACE][USER] keydown → <div.ce-paragraph.cdx-block>
debug_events.js:216 [TRACE][USER] keyup → <div.ce-paragraph.cdx-block>
debug_events.js:174 [USER]     [report_editor] keyup:captureRange — Keyboard
report_editor.js:1166 [forensic] _captureRange: alt= blockId=oCHCBvopA_ offset=7 → neu: blockId= oCHCBvopA_ blockIdx= 3 startOffset= 8
debug_events.js:216 [TRACE][USER] keydown → <div.ce-paragraph.cdx-block>
debug_events.js:216 [TRACE][USER] keyup → <div.ce-paragraph.cdx-block>
debug_events.js:174 [USER]     [report_editor] keyup:captureRange — Keyboard
report_editor.js:1166 [forensic] _captureRange: alt= blockId=oCHCBvopA_ offset=8 → neu: blockId= oCHCBvopA_ blockIdx= 3 startOffset= 9
debug_events.js:216 [TRACE][USER] keydown → <div.ce-paragraph.cdx-block>
debug_events.js:216 [TRACE][USER] keyup → <div.ce-paragraph.cdx-block>
debug_events.js:174 [USER]     [report_editor] keyup:captureRange — Keyboard
report_editor.js:1166 [forensic] _captureRange: alt= blockId=oCHCBvopA_ offset=9 → neu: blockId= oCHCBvopA_ blockIdx= 3 startOffset= 10
debug_events.js:216 [TRACE][USER] keydown → <div.ce-paragraph.cdx-block>
debug_events.js:216 [TRACE][USER] keyup → <div.ce-paragraph.cdx-block>
debug_events.js:174 [USER]     [report_editor] keyup:captureRange — Keyboard
report_editor.js:1166 [forensic] _captureRange: alt= blockId=oCHCBvopA_ offset=10 → neu: blockId= oCHCBvopA_ blockIdx= 3 startOffset= 11
debug_events.js:216 [TRACE][USER] keydown → <div.ce-paragraph.cdx-block>
debug_events.js:216 [TRACE][USER] keyup → <div.ce-paragraph.cdx-block>
debug_events.js:174 [USER]     [report_editor] keyup:captureRange — Keyboard
report_editor.js:1166 [forensic] _captureRange: alt= blockId=oCHCBvopA_ offset=11 → neu: blockId= oCHCBvopA_ blockIdx= 3 startOffset= 12
debug_events.js:216 [TRACE][USER] keydown → <div.ce-paragraph.cdx-block>
debug_events.js:216 [TRACE][USER] keyup → <div.ce-paragraph.cdx-block>
debug_events.js:174 [USER]     [report_editor] keyup:captureRange — Keyboard
report_editor.js:1166 [forensic] _captureRange: alt= blockId=oCHCBvopA_ offset=12 → neu: blockId= oCHCBvopA_ blockIdx= 3 startOffset= 13
debug_events.js:216 [TRACE][USER] keydown → <div.ce-paragraph.cdx-block>
debug_events.js:216 [TRACE][USER] keyup → <div.ce-paragraph.cdx-block>
debug_events.js:174 [USER]     [report_editor] keyup:captureRange — Keyboard
report_editor.js:1166 [forensic] _captureRange: alt= blockId=oCHCBvopA_ offset=13 → neu: blockId= oCHCBvopA_ blockIdx= 3 startOffset= 14
debug_events.js:216 [TRACE][USER] keydown → <div.ce-paragraph.cdx-block>
debug_events.js:216 [TRACE][USER] keyup → <div.ce-paragraph.cdx-block>
debug_events.js:174 [USER]     [report_editor] keyup:captureRange — Keyboard
report_editor.js:1166 [forensic] _captureRange: alt= blockId=oCHCBvopA_ offset=14 → neu: blockId= oCHCBvopA_ blockIdx= 3 startOffset= 17
debug_events.js:216 [TRACE][USER] keydown → <div.ce-paragraph.cdx-block>
debug_events.js:216 [TRACE][USER] blur → <div.ce-paragraph.cdx-block>
debug_events.js:216 [TRACE][USER] focus → <div.evidence-label-input>
debug_events.js:216 [TRACE][USER] keyup → <div.evidence-label-input>
debug_events.js:174 [USER]     [report_editor] keyup:captureRange — Keyboard
report_editor.js:1166 [forensic] _captureRange: alt= blockId=oCHCBvopA_ offset=17 → neu: blockId= PSnO2XY66E blockIdx= 4 startOffset= 0
debug_events.js:216 [TRACE][USER] keydown → <div.evidence-label-input>
debug_events.js:216 [TRACE][USER] keyup → <div.evidence-label-input>
debug_events.js:174 [USER]     [report_editor] keyup:captureRange — Keyboard
report_editor.js:1166 [forensic] _captureRange: alt= blockId=PSnO2XY66E offset=0 → neu: blockId= PSnO2XY66E blockIdx= 4 startOffset= 1
debug_events.js:216 [TRACE][USER] keydown → <div.evidence-label-input>
debug_events.js:216 [TRACE][USER] keyup → <div.evidence-label-input>
debug_events.js:174 [USER]     [report_editor] keyup:captureRange — Keyboard
report_editor.js:1166 [forensic] _captureRange: alt= blockId=PSnO2XY66E offset=1 → neu: blockId= PSnO2XY66E blockIdx= 4 startOffset= 2
debug_events.js:216 [TRACE][USER] keydown → <div.evidence-label-input>
debug_events.js:216 [TRACE][USER] keyup → <div.evidence-label-input>
debug_events.js:174 [USER]     [report_editor] keyup:captureRange — Keyboard
report_editor.js:1166 [forensic] _captureRange: alt= blockId=PSnO2XY66E offset=2 → neu: blockId= PSnO2XY66E blockIdx= 4 startOffset= 3
debug_events.js:216 [TRACE][USER] keydown → <div.evidence-label-input>
debug_events.js:216 [TRACE][USER] keyup → <div.evidence-label-input>
debug_events.js:174 [USER]     [report_editor] keyup:captureRange — Keyboard
report_editor.js:1166 [forensic] _captureRange: alt= blockId=PSnO2XY66E offset=3 → neu: blockId= PSnO2XY66E blockIdx= 4 startOffset= 4
debug_events.js:216 [TRACE][USER] keydown → <div.evidence-label-input>
debug_events.js:216 [TRACE][USER] keyup → <div.evidence-label-input>
debug_events.js:174 [USER]     [report_editor] keyup:captureRange — Keyboard
report_editor.js:1166 [forensic] _captureRange: alt= blockId=PSnO2XY66E offset=4 → neu: blockId= PSnO2XY66E blockIdx= 4 startOffset= 5
debug_events.js:216 [TRACE][USER] keydown → <div.evidence-label-input>
debug_events.js:216 [TRACE][USER] blur → <div.evidence-label-input>
debug_events.js:216 [TRACE][USER] focus → <div.ce-paragraph.cdx-block>
debug_events.js:216 [TRACE][USER] keyup → <div.ce-paragraph.cdx-block>
debug_events.js:174 [USER]     [report_editor] keyup:captureRange — Keyboard
report_editor.js:1166 [forensic] _captureRange: alt= blockId=PSnO2XY66E offset=5 → neu: blockId= ijjBIozKWn blockIdx= 5 startOffset= 0
debug_events.js:216 [TRACE][USER] keydown → <div.ce-paragraph.cdx-block>
debug_events.js:216 [TRACE][USER] keyup → <div.ce-paragraph.cdx-block>
debug_events.js:174 [USER]     [report_editor] keyup:captureRange — Keyboard
report_editor.js:1166 [forensic] _captureRange: alt= blockId=ijjBIozKWn offset=0 → neu: blockId= ijjBIozKWn blockIdx= 5 startOffset= 1
debug_events.js:216 [TRACE][USER] keydown → <div.ce-paragraph.cdx-block>
debug_events.js:216 [TRACE][USER] keyup → <div.ce-paragraph.cdx-block>
debug_events.js:174 [USER]     [report_editor] keyup:captureRange — Keyboard
report_editor.js:1166 [forensic] _captureRange: alt= blockId=ijjBIozKWn offset=1 → neu: blockId= ijjBIozKWn blockIdx= 5 startOffset= 2
debug_events.js:216 [TRACE][USER] keydown → <div.ce-paragraph.cdx-block>
debug_events.js:216 [TRACE][USER] keyup → <div.ce-paragraph.cdx-block>
debug_events.js:174 [USER]     [report_editor] keyup:captureRange — Keyboard
report_editor.js:1166 [forensic] _captureRange: alt= blockId=ijjBIozKWn offset=2 → neu: blockId= ijjBIozKWn blockIdx= 5 startOffset= 3
debug_events.js:216 [TRACE][USER] keydown → <div.ce-paragraph.cdx-block>
debug_events.js:216 [TRACE][USER] keyup → <div.ce-paragraph.cdx-block>
debug_events.js:174 [USER]     [report_editor] keyup:captureRange — Keyboard
report_editor.js:1166 [forensic] _captureRange: alt= blockId=ijjBIozKWn offset=3 → neu: blockId= ijjBIozKWn blockIdx= 5 startOffset= 4
debug_events.js:216 [TRACE][USER] keydown → <div.ce-paragraph.cdx-block>
debug_events.js:216 [TRACE][USER] keyup → <div.ce-paragraph.cdx-block>
debug_events.js:174 [USER]     [report_editor] keyup:captureRange — Keyboard
report_editor.js:1166 [forensic] _captureRange: alt= blockId=ijjBIozKWn offset=4 → neu: blockId= ijjBIozKWn blockIdx= 5 startOffset= 5
debug_events.js:216 [TRACE][USER] keydown → <div.ce-paragraph.cdx-block>
debug_events.js:216 [TRACE][USER] keyup → <div.ce-paragraph.cdx-block>
debug_events.js:174 [USER]     [report_editor] keyup:captureRange — Keyboard
report_editor.js:1166 [forensic] _captureRange: alt= blockId=ijjBIozKWn offset=5 → neu: blockId= ijjBIozKWn blockIdx= 5 startOffset= 4
debug_events.js:216 [TRACE][USER] keydown → <div.ce-paragraph.cdx-block>
debug_events.js:216 [TRACE][USER] keyup → <div.ce-paragraph.cdx-block>
debug_events.js:174 [USER]     [report_editor] keyup:captureRange — Keyboard
report_editor.js:1166 [forensic] _captureRange: alt= blockId=ijjBIozKWn offset=4 → neu: blockId= ijjBIozKWn blockIdx= 5 startOffset= 3
debug_events.js:216 [TRACE][USER] keydown → <div.ce-paragraph.cdx-block>
debug_events.js:216 [TRACE][USER] keyup → <div.ce-paragraph.cdx-block>
debug_events.js:174 [USER]     [report_editor] keyup:captureRange — Keyboard
report_editor.js:1166 [forensic] _captureRange: alt= blockId=ijjBIozKWn offset=3 → neu: blockId= ijjBIozKWn blockIdx= 5 startOffset= 2
debug_events.js:216 [TRACE][USER] keydown → <div.ce-paragraph.cdx-block>
debug_events.js:216 [TRACE][USER] keyup → <div.ce-paragraph.cdx-block>
debug_events.js:174 [USER]     [report_editor] keyup:captureRange — Keyboard
report_editor.js:1166 [forensic] _captureRange: alt= blockId=ijjBIozKWn offset=2 → neu: blockId= ijjBIozKWn blockIdx= 5 startOffset= 1
debug_events.js:216 [TRACE][USER] keydown → <div.ce-paragraph.cdx-block>
debug_events.js:216 [TRACE][USER] keyup → <div.ce-paragraph.cdx-block>
debug_events.js:174 [USER]     [report_editor] keyup:captureRange — Keyboard
report_editor.js:1166 [forensic] _captureRange: alt= blockId=ijjBIozKWn offset=1 → neu: blockId= ijjBIozKWn blockIdx= 5 startOffset= 0
debug_events.js:216 [TRACE][USER] keydown → <div.ce-paragraph.cdx-block>
debug_events.js:216 [TRACE][USER] blur → <div.ce-paragraph.cdx-block>
debug_events.js:216 [TRACE][USER] focus → <div.evidence-label-input>
debug_events.js:216 [TRACE][USER] keyup → <div.evidence-label-input>
debug_events.js:174 [USER]     [report_editor] keyup:captureRange — Keyboard
report_editor.js:1166 [forensic] _captureRange: alt= blockId=ijjBIozKWn offset=0 → neu: blockId= PSnO2XY66E blockIdx= 4 startOffset= 1
debug_events.js:216 [TRACE][USER] keydown → <div.evidence-label-input>
debug_events.js:216 [TRACE][USER] keyup → <div.evidence-label-input>
debug_events.js:174 [USER]     [report_editor] keyup:captureRange — Keyboard
report_editor.js:1166 [forensic] _captureRange: alt= blockId=PSnO2XY66E offset=1 → neu: blockId= PSnO2XY66E blockIdx= 4 startOffset= 4
debug_events.js:216 [TRACE][USER] keydown → <div.evidence-label-input>
debug_events.js:216 [TRACE][USER] keyup → <div.evidence-label-input>
debug_events.js:174 [USER]     [report_editor] keyup:captureRange — Keyboard
report_editor.js:1166 [forensic] _captureRange: alt= blockId=PSnO2XY66E offset=4 → neu: blockId= PSnO2XY66E blockIdx= 4 startOffset= 3
debug_events.js:216 [TRACE][USER] keydown → <div.evidence-label-input>
debug_events.js:216 [TRACE][USER] keyup → <div.evidence-label-input>
debug_events.js:174 [USER]     [report_editor] keyup:captureRange — Keyboard
report_editor.js:1166 [forensic] _captureRange: alt= blockId=PSnO2XY66E offset=3 → neu: blockId= PSnO2XY66E blockIdx= 4 startOffset= 2
debug_events.js:216 [TRACE][USER] keydown → <div.evidence-label-input>
debug_events.js:216 [TRACE][USER] keyup → <div.evidence-label-input>
debug_events.js:174 [USER]     [report_editor] keyup:captureRange — Keyboard
report_editor.js:1166 [forensic] _captureRange: alt= blockId=PSnO2XY66E offset=2 → neu: blockId= PSnO2XY66E blockIdx= 4 startOffset= 1
debug_events.js:216 [TRACE][USER] keydown → <div.evidence-label-input>
debug_events.js:216 [TRACE][USER] keyup → <div.evidence-label-input>
debug_events.js:174 [USER]     [report_editor] keyup:captureRange — Keyboard
report_editor.js:1166 [forensic] _captureRange: alt= blockId=PSnO2XY66E offset=1 → neu: blockId= PSnO2XY66E blockIdx= 4 startOffset= 0
debug_events.js:216 [TRACE][USER] keydown → <div.evidence-label-input>
debug_events.js:216 [TRACE][USER] blur → <div.evidence-label-input>
debug_events.js:216 [TRACE][USER] focus → <div.ce-paragraph.cdx-block>
debug_events.js:216 [TRACE][USER] keyup → <div.ce-paragraph.cdx-block>
debug_events.js:174 [USER]     [report_editor] keyup:captureRange — Keyboard
report_editor.js:1166 [forensic] _captureRange: alt= blockId=PSnO2XY66E offset=0 → neu: blockId= oCHCBvopA_ blockIdx= 3 startOffset= 17
debug_events.js:216 [TRACE][USER] keydown → <div.ce-paragraph.cdx-block>
debug_events.js:216 [TRACE][USER] keyup → <div.ce-paragraph.cdx-block>
debug_events.js:174 [USER]     [report_editor] keyup:captureRange — Keyboard
report_editor.js:1166 [forensic] _captureRange: alt= blockId=oCHCBvopA_ offset=17 → neu: blockId= oCHCBvopA_ blockIdx= 3 startOffset= 14
debug_events.js:216 [TRACE][USER] keydown → <div.ce-paragraph.cdx-block>
debug_events.js:216 [TRACE][USER] keyup → <div.ce-paragraph.cdx-block>
debug_events.js:174 [USER]     [report_editor] keyup:captureRange — Keyboard
report_editor.js:1166 [forensic] _captureRange: alt= blockId=oCHCBvopA_ offset=14 → neu: blockId= oCHCBvopA_ blockIdx= 3 startOffset= 13
debug_events.js:216 [TRACE][USER] keydown → <div.ce-paragraph.cdx-block>
debug_events.js:216 [TRACE][USER] keyup → <div.ce-paragraph.cdx-block>
debug_events.js:174 [USER]     [report_editor] keyup:captureRange — Keyboard
report_editor.js:1166 [forensic] _captureRange: alt= blockId=oCHCBvopA_ offset=13 → neu: blockId= oCHCBvopA_ blockIdx= 3 startOffset= 12
debug_events.js:216 [TRACE][USER] keydown → <div.ce-paragraph.cdx-block>
debug_events.js:216 [TRACE][USER] keyup → <div.ce-paragraph.cdx-block>
debug_events.js:174 [USER]     [report_editor] keyup:captureRange — Keyboard
report_editor.js:1166 [forensic] _captureRange: alt= blockId=oCHCBvopA_ offset=12 → neu: blockId= oCHCBvopA_ blockIdx= 3 startOffset= 11
debug_events.js:216 [TRACE][USER] keydown → <div.ce-paragraph.cdx-block>
debug_events.js:216 [TRACE][USER] keyup → <div.ce-paragraph.cdx-block>
debug_events.js:174 [USER]     [report_editor] keyup:captureRange — Keyboard
report_editor.js:1166 [forensic] _captureRange: alt= blockId=oCHCBvopA_ offset=11 → neu: blockId= oCHCBvopA_ blockIdx= 3 startOffset= 10
debug_events.js:216 [TRACE][USER] keydown → <div.ce-paragraph.cdx-block>
debug_events.js:216 [TRACE][USER] keyup → <div.ce-paragraph.cdx-block>
debug_events.js:174 [USER]     [report_editor] keyup:captureRange — Keyboard
report_editor.js:1166 [forensic] _captureRange: alt= blockId=oCHCBvopA_ offset=10 → neu: blockId= oCHCBvopA_ blockIdx= 3 startOffset= 9
debug_events.js:216 [TRACE][USER] keydown → <div.ce-paragraph.cdx-block>
debug_events.js:216 [TRACE][USER] keyup → <div.ce-paragraph.cdx-block>
debug_events.js:174 [USER]     [report_editor] keyup:captureRange — Keyboard
report_editor.js:1166 [forensic] _captureRange: alt= blockId=oCHCBvopA_ offset=9 → neu: blockId= oCHCBvopA_ blockIdx= 3 startOffset= 8
debug_events.js:216 [TRACE][USER] blur → <div.ce-paragraph.cdx-block>
debug_events.js:216 [TRACE][USER] focus → <div.ce-paragraph.cdx-block>
debug_events.js:216 [TRACE][USER] mousedown → <span.ph-chip.ph-chip-mandatory.ph-chip-empty>
debug_events.js:174 [USER]     [report_editor] mousedown:captureRange — Mouse
report_editor.js:1166 [forensic] _captureRange: alt= blockId=oCHCBvopA_ offset=8 → neu: blockId= oCHCBvopA_ blockIdx= 3 startOffset= 8
debug_events.js:216 [TRACE][USER] blur → <div.ce-paragraph.cdx-block>
debug_events.js:216 [TRACE][USER] focus → <div.ce-paragraph.cdx-block>
debug_events.js:216 [TRACE][USER] mouseup → <span.ph-chip.ph-chip-mandatory.ph-chip-empty>
debug_events.js:216 [TRACE][USER] click → <span.ph-chip.ph-chip-mandatory.ph-chip-empty>
debug_events.js:162 [USER]     [report_editor] click:ph-chip — Mouse
debug_events.js:216 [TRACE][USER] mousedown → <span.ph-chip.ph-chip-mandatory.ph-chip-empty>
debug_events.js:174 [USER]     [report_editor] mousedown:captureRange — Mouse
report_editor.js:1166 [forensic] _captureRange: alt= blockId=oCHCBvopA_ offset=8 → neu: blockId= oCHCBvopA_ blockIdx= 3 startOffset= 8
debug_events.js:216 [TRACE][USER] mouseup → <span.ph-chip.ph-chip-mandatory.ph-chip-empty>
debug_events.js:216 [TRACE][USER] click → <span.ph-chip.ph-chip-mandatory.ph-chip-empty>
debug_events.js:162 [USER]     [report_editor] click:ph-chip — Mouse
debug_events.js:216 [TRACE][USER] dblclick → <span.ph-chip.ph-chip-mandatory.ph-chip-empty>
debug_events.js:174 [USER]     [report_editor] dblclick:ph-chip — Mouse
report_editor.js:1901 report_editor.js: Chip-Doppelklick: ip_auswertung m
placeholder_wizard.js:623 [PlaceholderWizard] openAtField: onSave aus Options gesetzt, blockId= 606aa2a2-09db-4d27-8dc5-4b600be635de fieldName= ip_auswertung
placeholder_wizard.js:189 [PlaceholderWizard] showPlaceholderForm: blocks= 6 focusedId= 606aa2a2-09db-4d27-8dc5-4b600be635de onSave= function myUsername= paul
debug_events.js:216 [TRACE][USER] blur → <div.ce-paragraph.cdx-block>
debug_events.js:216 [TRACE][USER] focus → <input#pf-input-606aa2a2-09db-4d27-8dc5-4b600be635de-ip_auswertung.pf-input>
debug_events.js:162 [USER]     [placeholder_wizard] focus:pf-input — Input
debug_events.js:216 [TRACE][USER] mousedown → <span.ph-chip.ph-chip-mandatory.ph-chip-empty>
debug_events.js:174 [USER]     [report_editor] mousedown:captureRange — Mouse
debug_events.js:216 [TRACE][USER] blur → <input#pf-input-606aa2a2-09db-4d27-8dc5-4b600be635de-ip_auswertung.pf-input>
debug_events.js:216 [TRACE][USER] focus → <div.ce-paragraph.cdx-block>
debug_events.js:216 [TRACE][USER] mouseup → <span.ph-chip.ph-chip-mandatory.ph-chip-empty>
debug_events.js:216 [TRACE][USER] click → <span.ph-chip.ph-chip-mandatory.ph-chip-empty>
debug_events.js:162 [USER]     [report_editor] click:ph-chip — Mouse
debug_events.js:216 [TRACE][USER] mousedown → <span.ph-chip.ph-chip-mandatory.ph-chip-empty>
debug_events.js:174 [USER]     [report_editor] mousedown:captureRange — Mouse
debug_events.js:216 [TRACE][USER] mouseup → <span.ph-chip.ph-chip-mandatory.ph-chip-empty>
debug_events.js:216 [TRACE][USER] click → <span.ph-chip.ph-chip-mandatory.ph-chip-empty>
debug_events.js:162 [USER]     [report_editor] click:ph-chip — Mouse
debug_events.js:216 [TRACE][USER] dblclick → <span.ph-chip.ph-chip-mandatory.ph-chip-empty>
debug_events.js:174 [USER]     [report_editor] dblclick:ph-chip — Mouse
report_editor.js:1901 report_editor.js: Chip-Doppelklick: verdaechtige_person m
placeholder_wizard.js:623 [PlaceholderWizard] openAtField: onSave aus Options gesetzt, blockId= 606aa2a2-09db-4d27-8dc5-4b600be635de fieldName= verdaechtige_person
placeholder_wizard.js:189 [PlaceholderWizard] showPlaceholderForm: blocks= 6 focusedId= 606aa2a2-09db-4d27-8dc5-4b600be635de onSave= function myUsername= paul
debug_events.js:216 [TRACE][USER] blur → <div.ce-paragraph.cdx-block>
debug_events.js:216 [TRACE][USER] focus → <input#pf-input-606aa2a2-09db-4d27-8dc5-4b600be635de-verdaechtige_person.pf-input>
debug_events.js:162 [USER]     [placeholder_wizard] focus:pf-input — Input
debug_events.js:216 [TRACE][USER] keydown → <input#pf-input-606aa2a2-09db-4d27-8dc5-4b600be635de-verdaechtige_person.pf-input>
debug_events.js:162 [USER]     [placeholder_wizard] keydown:pf-input — Keyboard
debug_events.js:216 [TRACE][USER] keydown → <input#pf-input-606aa2a2-09db-4d27-8dc5-4b600be635de-verdaechtige_person.pf-input>
debug_events.js:162 [USER]     [placeholder_wizard] keydown:pf-input — Keyboard
debug_events.js:216 [TRACE][USER] keypress → <input#pf-input-606aa2a2-09db-4d27-8dc5-4b600be635de-verdaechtige_person.pf-input>
debug_events.js:216 [TRACE][USER] input → <input#pf-input-606aa2a2-09db-4d27-8dc5-4b600be635de-verdaechtige_person.pf-input>
debug_events.js:162 [USER]     [placeholder_wizard] input:pf-input — Input
placeholder_wizard.js:530 [PlaceholderWizard] _scheduleFieldSave: Timer gesetzt fuer 606aa2a2-09db-4d27-8dc5-4b600be635de:verdaechtige_person value= "O"
debug_events.js:216 [TRACE][USER] keyup → <input#pf-input-606aa2a2-09db-4d27-8dc5-4b600be635de-verdaechtige_person.pf-input.pf-input--valid>
debug_events.js:216 [TRACE][USER] keyup → <input#pf-input-606aa2a2-09db-4d27-8dc5-4b600be635de-verdaechtige_person.pf-input.pf-input--valid>
debug_events.js:216 [TRACE][USER] keydown → <input#pf-input-606aa2a2-09db-4d27-8dc5-4b600be635de-verdaechtige_person.pf-input.pf-input--valid>
debug_events.js:162 [USER]     [placeholder_wizard] keydown:pf-input — Keyboard
debug_events.js:216 [TRACE][USER] keypress → <input#pf-input-606aa2a2-09db-4d27-8dc5-4b600be635de-verdaechtige_person.pf-input.pf-input--valid>
debug_events.js:216 [TRACE][USER] input → <input#pf-input-606aa2a2-09db-4d27-8dc5-4b600be635de-verdaechtige_person.pf-input.pf-input--valid>
debug_events.js:162 [USER]     [placeholder_wizard] input:pf-input — Input
placeholder_wizard.js:530 [PlaceholderWizard] _scheduleFieldSave: Timer gesetzt fuer 606aa2a2-09db-4d27-8dc5-4b600be635de:verdaechtige_person value= "Or"
debug_events.js:216 [TRACE][USER] keyup → <input#pf-input-606aa2a2-09db-4d27-8dc5-4b600be635de-verdaechtige_person.pf-input.pf-input--valid>
debug_events.js:216 [TRACE][USER] keydown → <input#pf-input-606aa2a2-09db-4d27-8dc5-4b600be635de-verdaechtige_person.pf-input.pf-input--valid>
debug_events.js:162 [USER]     [placeholder_wizard] keydown:pf-input — Keyboard
debug_events.js:216 [TRACE][USER] input → <input#pf-input-606aa2a2-09db-4d27-8dc5-4b600be635de-verdaechtige_person.pf-input.pf-input--valid>
debug_events.js:162 [USER]     [placeholder_wizard] input:pf-input — Input
placeholder_wizard.js:530 [PlaceholderWizard] _scheduleFieldSave: Timer gesetzt fuer 606aa2a2-09db-4d27-8dc5-4b600be635de:verdaechtige_person value= "O"
debug_events.js:216 [TRACE][USER] keyup → <input#pf-input-606aa2a2-09db-4d27-8dc5-4b600be635de-verdaechtige_person.pf-input.pf-input--valid>
debug_events.js:216 [TRACE][USER] keydown → <input#pf-input-606aa2a2-09db-4d27-8dc5-4b600be635de-verdaechtige_person.pf-input.pf-input--valid>
debug_events.js:162 [USER]     [placeholder_wizard] keydown:pf-input — Keyboard
debug_events.js:216 [TRACE][USER] keypress → <input#pf-input-606aa2a2-09db-4d27-8dc5-4b600be635de-verdaechtige_person.pf-input.pf-input--valid>
debug_events.js:216 [TRACE][USER] input → <input#pf-input-606aa2a2-09db-4d27-8dc5-4b600be635de-verdaechtige_person.pf-input.pf-input--valid>
debug_events.js:162 [USER]     [placeholder_wizard] input:pf-input — Input
placeholder_wizard.js:530 [PlaceholderWizard] _scheduleFieldSave: Timer gesetzt fuer 606aa2a2-09db-4d27-8dc5-4b600be635de:verdaechtige_person value= "Ot"
debug_events.js:216 [TRACE][USER] keyup → <input#pf-input-606aa2a2-09db-4d27-8dc5-4b600be635de-verdaechtige_person.pf-input.pf-input--valid>
debug_events.js:216 [TRACE][USER] keydown → <input#pf-input-606aa2a2-09db-4d27-8dc5-4b600be635de-verdaechtige_person.pf-input.pf-input--valid>
debug_events.js:162 [USER]     [placeholder_wizard] keydown:pf-input — Keyboard
debug_events.js:216 [TRACE][USER] keypress → <input#pf-input-606aa2a2-09db-4d27-8dc5-4b600be635de-verdaechtige_person.pf-input.pf-input--valid>
debug_events.js:216 [TRACE][USER] input → <input#pf-input-606aa2a2-09db-4d27-8dc5-4b600be635de-verdaechtige_person.pf-input.pf-input--valid>
debug_events.js:162 [USER]     [placeholder_wizard] input:pf-input — Input
placeholder_wizard.js:530 [PlaceholderWizard] _scheduleFieldSave: Timer gesetzt fuer 606aa2a2-09db-4d27-8dc5-4b600be635de:verdaechtige_person value= "Ott"
debug_events.js:216 [TRACE][USER] keyup → <input#pf-input-606aa2a2-09db-4d27-8dc5-4b600be635de-verdaechtige_person.pf-input.pf-input--valid>
placeholder_wizard.js:544 [PlaceholderWizard] _saveField: blockId= 606aa2a2-09db-4d27-8dc5-4b600be635de name= verdaechtige_person val= "Ott" onSave= function
report_editor.js:1996 report_editor.js: _onPlaceholderFieldSave aufgerufen: blockId= 606aa2a2-09db-4d27-8dc5-4b600be635de field= verdaechtige_person value= "Ott"
report_editor.js:2044 report_editor.js: _onPlaceholderFieldSave Antwort: resp= {block_id: '606aa2a2-09db-4d27-8dc5-4b600be635de'} status= undefined
placeholder_wizard.js:553 [PlaceholderWizard] _saveField: onSave abgeschlossen fuer verdaechtige_person
debug_events.js:216 [TRACE][USER] keydown → <input#pf-input-606aa2a2-09db-4d27-8dc5-4b600be635de-verdaechtige_person.pf-input.pf-input--valid>
debug_events.js:162 [USER]     [placeholder_wizard] keydown:pf-input — Keyboard
debug_events.js:216 [TRACE][USER] keypress → <input#pf-input-606aa2a2-09db-4d27-8dc5-4b600be635de-verdaechtige_person.pf-input.pf-input--valid>
debug_events.js:216 [TRACE][USER] input → <input#pf-input-606aa2a2-09db-4d27-8dc5-4b600be635de-verdaechtige_person.pf-input.pf-input--valid>
debug_events.js:162 [USER]     [placeholder_wizard] input:pf-input — Input
placeholder_wizard.js:530 [PlaceholderWizard] _scheduleFieldSave: Timer gesetzt fuer 606aa2a2-09db-4d27-8dc5-4b600be635de:verdaechtige_person value= "Otto"
debug_events.js:216 [TRACE][USER] keyup → <input#pf-input-606aa2a2-09db-4d27-8dc5-4b600be635de-verdaechtige_person.pf-input.pf-input--valid>
debug_events.js:216 [TRACE][USER] keydown → <input#pf-input-606aa2a2-09db-4d27-8dc5-4b600be635de-verdaechtige_person.pf-input.pf-input--valid>
debug_events.js:162 [USER]     [placeholder_wizard] keydown:pf-input — Keyboard
debug_events.js:216 [TRACE][USER] keypress → <input#pf-input-606aa2a2-09db-4d27-8dc5-4b600be635de-verdaechtige_person.pf-input.pf-input--valid>
debug_events.js:216 [TRACE][USER] input → <input#pf-input-606aa2a2-09db-4d27-8dc5-4b600be635de-verdaechtige_person.pf-input.pf-input--valid>
debug_events.js:162 [USER]     [placeholder_wizard] input:pf-input — Input
placeholder_wizard.js:530 [PlaceholderWizard] _scheduleFieldSave: Timer gesetzt fuer 606aa2a2-09db-4d27-8dc5-4b600be635de:verdaechtige_person value= "Otto "
debug_events.js:216 [TRACE][USER] keydown → <input#pf-input-606aa2a2-09db-4d27-8dc5-4b600be635de-verdaechtige_person.pf-input.pf-input--valid>
debug_events.js:162 [USER]     [placeholder_wizard] keydown:pf-input — Keyboard
debug_events.js:216 [TRACE][USER] keyup → <input#pf-input-606aa2a2-09db-4d27-8dc5-4b600be635de-verdaechtige_person.pf-input.pf-input--valid>
debug_events.js:216 [TRACE][USER] keydown → <input#pf-input-606aa2a2-09db-4d27-8dc5-4b600be635de-verdaechtige_person.pf-input.pf-input--valid>
debug_events.js:162 [USER]     [placeholder_wizard] keydown:pf-input — Keyboard
debug_events.js:216 [TRACE][USER] keypress → <input#pf-input-606aa2a2-09db-4d27-8dc5-4b600be635de-verdaechtige_person.pf-input.pf-input--valid>
debug_events.js:216 [TRACE][USER] input → <input#pf-input-606aa2a2-09db-4d27-8dc5-4b600be635de-verdaechtige_person.pf-input.pf-input--valid>
debug_events.js:162 [USER]     [placeholder_wizard] input:pf-input — Input
placeholder_wizard.js:530 [PlaceholderWizard] _scheduleFieldSave: Timer gesetzt fuer 606aa2a2-09db-4d27-8dc5-4b600be635de:verdaechtige_person value= "Otto B"
debug_events.js:216 [TRACE][USER] keyup → <input#pf-input-606aa2a2-09db-4d27-8dc5-4b600be635de-verdaechtige_person.pf-input.pf-input--valid>
debug_events.js:216 [TRACE][USER] keyup → <input#pf-input-606aa2a2-09db-4d27-8dc5-4b600be635de-verdaechtige_person.pf-input.pf-input--valid>
placeholder_wizard.js:544 [PlaceholderWizard] _saveField: blockId= 606aa2a2-09db-4d27-8dc5-4b600be635de name= verdaechtige_person val= "Otto B" onSave= function
report_editor.js:1996 report_editor.js: _onPlaceholderFieldSave aufgerufen: blockId= 606aa2a2-09db-4d27-8dc5-4b600be635de field= verdaechtige_person value= "Otto B"
report_editor.js:2044 report_editor.js: _onPlaceholderFieldSave Antwort: resp= {block_id: '606aa2a2-09db-4d27-8dc5-4b600be635de'} status= undefined
placeholder_wizard.js:553 [PlaceholderWizard] _saveField: onSave abgeschlossen fuer verdaechtige_person
debug_events.js:216 [TRACE][USER] keydown → <input#pf-input-606aa2a2-09db-4d27-8dc5-4b600be635de-verdaechtige_person.pf-input.pf-input--valid>
debug_events.js:162 [USER]     [placeholder_wizard] keydown:pf-input — Keyboard
debug_events.js:216 [TRACE][USER] keypress → <input#pf-input-606aa2a2-09db-4d27-8dc5-4b600be635de-verdaechtige_person.pf-input.pf-input--valid>
debug_events.js:216 [TRACE][USER] input → <input#pf-input-606aa2a2-09db-4d27-8dc5-4b600be635de-verdaechtige_person.pf-input.pf-input--valid>
debug_events.js:162 [USER]     [placeholder_wizard] input:pf-input — Input
placeholder_wizard.js:530 [PlaceholderWizard] _scheduleFieldSave: Timer gesetzt fuer 606aa2a2-09db-4d27-8dc5-4b600be635de:verdaechtige_person value= "Otto Br"
debug_events.js:216 [TRACE][USER] keyup → <input#pf-input-606aa2a2-09db-4d27-8dc5-4b600be635de-verdaechtige_person.pf-input.pf-input--valid>
debug_events.js:216 [TRACE][USER] keydown → <input#pf-input-606aa2a2-09db-4d27-8dc5-4b600be635de-verdaechtige_person.pf-input.pf-input--valid>
debug_events.js:162 [USER]     [placeholder_wizard] keydown:pf-input — Keyboard
debug_events.js:216 [TRACE][USER] keypress → <input#pf-input-606aa2a2-09db-4d27-8dc5-4b600be635de-verdaechtige_person.pf-input.pf-input--valid>
debug_events.js:216 [TRACE][USER] input → <input#pf-input-606aa2a2-09db-4d27-8dc5-4b600be635de-verdaechtige_person.pf-input.pf-input--valid>
debug_events.js:162 [USER]     [placeholder_wizard] input:pf-input — Input
placeholder_wizard.js:530 [PlaceholderWizard] _scheduleFieldSave: Timer gesetzt fuer 606aa2a2-09db-4d27-8dc5-4b600be635de:verdaechtige_person value= "Otto Bre"
debug_events.js:216 [TRACE][USER] keyup → <input#pf-input-606aa2a2-09db-4d27-8dc5-4b600be635de-verdaechtige_person.pf-input.pf-input--valid>
debug_events.js:216 [TRACE][USER] keydown → <input#pf-input-606aa2a2-09db-4d27-8dc5-4b600be635de-verdaechtige_person.pf-input.pf-input--valid>
debug_events.js:162 [USER]     [placeholder_wizard] keydown:pf-input — Keyboard
debug_events.js:216 [TRACE][USER] keypress → <input#pf-input-606aa2a2-09db-4d27-8dc5-4b600be635de-verdaechtige_person.pf-input.pf-input--valid>
debug_events.js:216 [TRACE][USER] input → <input#pf-input-606aa2a2-09db-4d27-8dc5-4b600be635de-verdaechtige_person.pf-input.pf-input--valid>
debug_events.js:162 [USER]     [placeholder_wizard] input:pf-input — Input
placeholder_wizard.js:530 [PlaceholderWizard] _scheduleFieldSave: Timer gesetzt fuer 606aa2a2-09db-4d27-8dc5-4b600be635de:verdaechtige_person value= "Otto Breu"
debug_events.js:216 [TRACE][USER] keyup → <input#pf-input-606aa2a2-09db-4d27-8dc5-4b600be635de-verdaechtige_person.pf-input.pf-input--valid>
debug_events.js:216 [TRACE][USER] keydown → <input#pf-input-606aa2a2-09db-4d27-8dc5-4b600be635de-verdaechtige_person.pf-input.pf-input--valid>
debug_events.js:162 [USER]     [placeholder_wizard] keydown:pf-input — Keyboard
debug_events.js:216 [TRACE][USER] keypress → <input#pf-input-606aa2a2-09db-4d27-8dc5-4b600be635de-verdaechtige_person.pf-input.pf-input--valid>
debug_events.js:216 [TRACE][USER] input → <input#pf-input-606aa2a2-09db-4d27-8dc5-4b600be635de-verdaechtige_person.pf-input.pf-input--valid>
debug_events.js:162 [USER]     [placeholder_wizard] input:pf-input — Input
placeholder_wizard.js:530 [PlaceholderWizard] _scheduleFieldSave: Timer gesetzt fuer 606aa2a2-09db-4d27-8dc5-4b600be635de:verdaechtige_person value= "Otto Breue"
debug_events.js:216 [TRACE][USER] keydown → <input#pf-input-606aa2a2-09db-4d27-8dc5-4b600be635de-verdaechtige_person.pf-input.pf-input--valid>
debug_events.js:162 [USER]     [placeholder_wizard] keydown:pf-input — Keyboard
debug_events.js:216 [TRACE][USER] keypress → <input#pf-input-606aa2a2-09db-4d27-8dc5-4b600be635de-verdaechtige_person.pf-input.pf-input--valid>
debug_events.js:216 [TRACE][USER] input → <input#pf-input-606aa2a2-09db-4d27-8dc5-4b600be635de-verdaechtige_person.pf-input.pf-input--valid>
debug_events.js:162 [USER]     [placeholder_wizard] input:pf-input — Input
placeholder_wizard.js:530 [PlaceholderWizard] _scheduleFieldSave: Timer gesetzt fuer 606aa2a2-09db-4d27-8dc5-4b600be635de:verdaechtige_person value= "Otto Breuer"
debug_events.js:216 [TRACE][USER] keyup → <input#pf-input-606aa2a2-09db-4d27-8dc5-4b600be635de-verdaechtige_person.pf-input.pf-input--valid>
debug_events.js:216 [TRACE][USER] keyup → <input#pf-input-606aa2a2-09db-4d27-8dc5-4b600be635de-verdaechtige_person.pf-input.pf-input--valid>
placeholder_wizard.js:544 [PlaceholderWizard] _saveField: blockId= 606aa2a2-09db-4d27-8dc5-4b600be635de name= verdaechtige_person val= "Otto Breuer" onSave= function
report_editor.js:1996 report_editor.js: _onPlaceholderFieldSave aufgerufen: blockId= 606aa2a2-09db-4d27-8dc5-4b600be635de field= verdaechtige_person value= "Otto Breuer"
report_editor.js:2044 report_editor.js: _onPlaceholderFieldSave Antwort: resp= {block_id: '606aa2a2-09db-4d27-8dc5-4b600be635de'} status= undefined
placeholder_wizard.js:553 [PlaceholderWizard] _saveField: onSave abgeschlossen fuer verdaechtige_person
debug_events.js:216 [TRACE][USER] keydown → <input#pf-input-606aa2a2-09db-4d27-8dc5-4b600be635de-verdaechtige_person.pf-input.pf-input--valid>
debug_events.js:162 [USER]     [placeholder_wizard] keydown:pf-input — Keyboard
debug_events.js:216 [TRACE][USER] keypress → <input#pf-input-606aa2a2-09db-4d27-8dc5-4b600be635de-verdaechtige_person.pf-input.pf-input--valid>
debug_events.js:216 [TRACE][USER] input → <input#pf-input-606aa2a2-09db-4d27-8dc5-4b600be635de-verdaechtige_person.pf-input.pf-input--valid>
debug_events.js:162 [USER]     [placeholder_wizard] input:pf-input — Input
placeholder_wizard.js:530 [PlaceholderWizard] _scheduleFieldSave: Timer gesetzt fuer 606aa2a2-09db-4d27-8dc5-4b600be635de:verdaechtige_person value= "Otto Breuer,"
debug_events.js:216 [TRACE][USER] keyup → <input#pf-input-606aa2a2-09db-4d27-8dc5-4b600be635de-verdaechtige_person.pf-input.pf-input--valid>
debug_events.js:216 [TRACE][USER] keydown → <input#pf-input-606aa2a2-09db-4d27-8dc5-4b600be635de-verdaechtige_person.pf-input.pf-input--valid>
debug_events.js:162 [USER]     [placeholder_wizard] keydown:pf-input — Keyboard
debug_events.js:216 [TRACE][USER] keypress → <input#pf-input-606aa2a2-09db-4d27-8dc5-4b600be635de-verdaechtige_person.pf-input.pf-input--valid>
debug_events.js:216 [TRACE][USER] input → <input#pf-input-606aa2a2-09db-4d27-8dc5-4b600be635de-verdaechtige_person.pf-input.pf-input--valid>
debug_events.js:162 [USER]     [placeholder_wizard] input:pf-input — Input
placeholder_wizard.js:530 [PlaceholderWizard] _scheduleFieldSave: Timer gesetzt fuer 606aa2a2-09db-4d27-8dc5-4b600be635de:verdaechtige_person value= "Otto Breuer, "
debug_events.js:216 [TRACE][USER] keyup → <input#pf-input-606aa2a2-09db-4d27-8dc5-4b600be635de-verdaechtige_person.pf-input.pf-input--valid>
placeholder_wizard.js:544 [PlaceholderWizard] _saveField: blockId= 606aa2a2-09db-4d27-8dc5-4b600be635de name= verdaechtige_person val= "Otto Breuer, " onSave= function
report_editor.js:1996 report_editor.js: _onPlaceholderFieldSave aufgerufen: blockId= 606aa2a2-09db-4d27-8dc5-4b600be635de field= verdaechtige_person value= "Otto Breuer, "
report_editor.js:2044 report_editor.js: _onPlaceholderFieldSave Antwort: resp= {block_id: '606aa2a2-09db-4d27-8dc5-4b600be635de'} status= undefined
placeholder_wizard.js:553 [PlaceholderWizard] _saveField: onSave abgeschlossen fuer verdaechtige_person
debug_events.js:216 [TRACE][USER] keydown → <input#pf-input-606aa2a2-09db-4d27-8dc5-4b600be635de-verdaechtige_person.pf-input.pf-input--valid>
debug_events.js:162 [USER]     [placeholder_wizard] keydown:pf-input — Keyboard
debug_events.js:216 [TRACE][USER] keydown → <input#pf-input-606aa2a2-09db-4d27-8dc5-4b600be635de-verdaechtige_person.pf-input.pf-input--valid>
debug_events.js:162 [USER]     [placeholder_wizard] keydown:pf-input — Keyboard
debug_events.js:216 [TRACE][USER] keypress → <input#pf-input-606aa2a2-09db-4d27-8dc5-4b600be635de-verdaechtige_person.pf-input.pf-input--valid>
debug_events.js:216 [TRACE][USER] input → <input#pf-input-606aa2a2-09db-4d27-8dc5-4b600be635de-verdaechtige_person.pf-input.pf-input--valid>
debug_events.js:162 [USER]     [placeholder_wizard] input:pf-input — Input
placeholder_wizard.js:530 [PlaceholderWizard] _scheduleFieldSave: Timer gesetzt fuer 606aa2a2-09db-4d27-8dc5-4b600be635de:verdaechtige_person value= "Otto Breuer, L"
debug_events.js:216 [TRACE][USER] keyup → <input#pf-input-606aa2a2-09db-4d27-8dc5-4b600be635de-verdaechtige_person.pf-input.pf-input--valid>
debug_events.js:216 [TRACE][USER] keyup → <input#pf-input-606aa2a2-09db-4d27-8dc5-4b600be635de-verdaechtige_person.pf-input.pf-input--valid>
debug_events.js:216 [TRACE][USER] keydown → <input#pf-input-606aa2a2-09db-4d27-8dc5-4b600be635de-verdaechtige_person.pf-input.pf-input--valid>
debug_events.js:162 [USER]     [placeholder_wizard] keydown:pf-input — Keyboard
debug_events.js:216 [TRACE][USER] keypress → <input#pf-input-606aa2a2-09db-4d27-8dc5-4b600be635de-verdaechtige_person.pf-input.pf-input--valid>
debug_events.js:216 [TRACE][USER] input → <input#pf-input-606aa2a2-09db-4d27-8dc5-4b600be635de-verdaechtige_person.pf-input.pf-input--valid>
debug_events.js:162 [USER]     [placeholder_wizard] input:pf-input — Input
placeholder_wizard.js:530 [PlaceholderWizard] _scheduleFieldSave: Timer gesetzt fuer 606aa2a2-09db-4d27-8dc5-4b600be635de:verdaechtige_person value= "Otto Breuer, Lu"
debug_events.js:216 [TRACE][USER] keyup → <input#pf-input-606aa2a2-09db-4d27-8dc5-4b600be635de-verdaechtige_person.pf-input.pf-input--valid>
debug_events.js:216 [TRACE][USER] keydown → <input#pf-input-606aa2a2-09db-4d27-8dc5-4b600be635de-verdaechtige_person.pf-input.pf-input--valid>
debug_events.js:162 [USER]     [placeholder_wizard] keydown:pf-input — Keyboard
debug_events.js:216 [TRACE][USER] keypress → <input#pf-input-606aa2a2-09db-4d27-8dc5-4b600be635de-verdaechtige_person.pf-input.pf-input--valid>
debug_events.js:216 [TRACE][USER] input → <input#pf-input-606aa2a2-09db-4d27-8dc5-4b600be635de-verdaechtige_person.pf-input.pf-input--valid>
debug_events.js:162 [USER]     [placeholder_wizard] input:pf-input — Input
placeholder_wizard.js:530 [PlaceholderWizard] _scheduleFieldSave: Timer gesetzt fuer 606aa2a2-09db-4d27-8dc5-4b600be635de:verdaechtige_person value= "Otto Breuer, Lud"
debug_events.js:216 [TRACE][USER] keyup → <input#pf-input-606aa2a2-09db-4d27-8dc5-4b600be635de-verdaechtige_person.pf-input.pf-input--valid>
debug_events.js:216 [TRACE][USER] keydown → <input#pf-input-606aa2a2-09db-4d27-8dc5-4b600be635de-verdaechtige_person.pf-input.pf-input--valid>
debug_events.js:162 [USER]     [placeholder_wizard] keydown:pf-input — Keyboard
debug_events.js:216 [TRACE][USER] keypress → <input#pf-input-606aa2a2-09db-4d27-8dc5-4b600be635de-verdaechtige_person.pf-input.pf-input--valid>
debug_events.js:216 [TRACE][USER] input → <input#pf-input-606aa2a2-09db-4d27-8dc5-4b600be635de-verdaechtige_person.pf-input.pf-input--valid>
debug_events.js:162 [USER]     [placeholder_wizard] input:pf-input — Input
placeholder_wizard.js:530 [PlaceholderWizard] _scheduleFieldSave: Timer gesetzt fuer 606aa2a2-09db-4d27-8dc5-4b600be635de:verdaechtige_person value= "Otto Breuer, Ludw"
debug_events.js:216 [TRACE][USER] keyup → <input#pf-input-606aa2a2-09db-4d27-8dc5-4b600be635de-verdaechtige_person.pf-input.pf-input--valid>
debug_events.js:216 [TRACE][USER] keydown → <input#pf-input-606aa2a2-09db-4d27-8dc5-4b600be635de-verdaechtige_person.pf-input.pf-input--valid>
debug_events.js:162 [USER]     [placeholder_wizard] keydown:pf-input — Keyboard
debug_events.js:216 [TRACE][USER] keypress → <input#pf-input-606aa2a2-09db-4d27-8dc5-4b600be635de-verdaechtige_person.pf-input.pf-input--valid>
debug_events.js:216 [TRACE][USER] input → <input#pf-input-606aa2a2-09db-4d27-8dc5-4b600be635de-verdaechtige_person.pf-input.pf-input--valid>
debug_events.js:162 [USER]     [placeholder_wizard] input:pf-input — Input
placeholder_wizard.js:530 [PlaceholderWizard] _scheduleFieldSave: Timer gesetzt fuer 606aa2a2-09db-4d27-8dc5-4b600be635de:verdaechtige_person value= "Otto Breuer, Ludwi"
debug_events.js:216 [TRACE][USER] keyup → <input#pf-input-606aa2a2-09db-4d27-8dc5-4b600be635de-verdaechtige_person.pf-input.pf-input--valid>
debug_events.js:216 [TRACE][USER] keydown → <input#pf-input-606aa2a2-09db-4d27-8dc5-4b600be635de-verdaechtige_person.pf-input.pf-input--valid>
debug_events.js:162 [USER]     [placeholder_wizard] keydown:pf-input — Keyboard
debug_events.js:216 [TRACE][USER] keypress → <input#pf-input-606aa2a2-09db-4d27-8dc5-4b600be635de-verdaechtige_person.pf-input.pf-input--valid>
debug_events.js:216 [TRACE][USER] input → <input#pf-input-606aa2a2-09db-4d27-8dc5-4b600be635de-verdaechtige_person.pf-input.pf-input--valid>
debug_events.js:162 [USER]     [placeholder_wizard] input:pf-input — Input
placeholder_wizard.js:530 [PlaceholderWizard] _scheduleFieldSave: Timer gesetzt fuer 606aa2a2-09db-4d27-8dc5-4b600be635de:verdaechtige_person value= "Otto Breuer, Ludwig"
debug_events.js:216 [TRACE][USER] keyup → <input#pf-input-606aa2a2-09db-4d27-8dc5-4b600be635de-verdaechtige_person.pf-input.pf-input--valid>
placeholder_wizard.js:544 [PlaceholderWizard] _saveField: blockId= 606aa2a2-09db-4d27-8dc5-4b600be635de name= verdaechtige_person val= "Otto Breuer, Ludwig" onSave= function
report_editor.js:1996 report_editor.js: _onPlaceholderFieldSave aufgerufen: blockId= 606aa2a2-09db-4d27-8dc5-4b600be635de field= verdaechtige_person value= "Otto Breuer, Ludwig"
report_editor.js:2044 report_editor.js: _onPlaceholderFieldSave Antwort: resp= {block_id: '606aa2a2-09db-4d27-8dc5-4b600be635de'} status= undefined
placeholder_wizard.js:553 [PlaceholderWizard] _saveField: onSave abgeschlossen fuer verdaechtige_person
debug_events.js:216 [TRACE][USER] keydown → <input#pf-input-606aa2a2-09db-4d27-8dc5-4b600be635de-verdaechtige_person.pf-input.pf-input--valid>
debug_events.js:162 [USER]     [placeholder_wizard] keydown:pf-input — Keyboard
debug_events.js:216 [TRACE][USER] keypress → <input#pf-input-606aa2a2-09db-4d27-8dc5-4b600be635de-verdaechtige_person.pf-input.pf-input--valid>
debug_events.js:216 [TRACE][USER] input → <input#pf-input-606aa2a2-09db-4d27-8dc5-4b600be635de-verdaechtige_person.pf-input.pf-input--valid>
debug_events.js:162 [USER]     [placeholder_wizard] input:pf-input — Input
placeholder_wizard.js:530 [PlaceholderWizard] _scheduleFieldSave: Timer gesetzt fuer 606aa2a2-09db-4d27-8dc5-4b600be635de:verdaechtige_person value= "Otto Breuer, Ludwigs"
debug_events.js:216 [TRACE][USER] keyup → <input#pf-input-606aa2a2-09db-4d27-8dc5-4b600be635de-verdaechtige_person.pf-input.pf-input--valid>
placeholder_wizard.js:544 [PlaceholderWizard] _saveField: blockId= 606aa2a2-09db-4d27-8dc5-4b600be635de name= verdaechtige_person val= "Otto Breuer, Ludwigs" onSave= function
report_editor.js:1996 report_editor.js: _onPlaceholderFieldSave aufgerufen: blockId= 606aa2a2-09db-4d27-8dc5-4b600be635de field= verdaechtige_person value= "Otto Breuer, Ludwigs"
report_editor.js:2044 report_editor.js: _onPlaceholderFieldSave Antwort: resp= {block_id: '606aa2a2-09db-4d27-8dc5-4b600be635de'} status= undefined
placeholder_wizard.js:553 [PlaceholderWizard] _saveField: onSave abgeschlossen fuer verdaechtige_person
debug_events.js:216 [TRACE][USER] keydown → <input#pf-input-606aa2a2-09db-4d27-8dc5-4b600be635de-verdaechtige_person.pf-input.pf-input--valid>
debug_events.js:162 [USER]     [placeholder_wizard] keydown:pf-input — Keyboard
debug_events.js:216 [TRACE][USER] keypress → <input#pf-input-606aa2a2-09db-4d27-8dc5-4b600be635de-verdaechtige_person.pf-input.pf-input--valid>
debug_events.js:216 [TRACE][USER] input → <input#pf-input-606aa2a2-09db-4d27-8dc5-4b600be635de-verdaechtige_person.pf-input.pf-input--valid>
debug_events.js:162 [USER]     [placeholder_wizard] input:pf-input — Input
placeholder_wizard.js:530 [PlaceholderWizard] _scheduleFieldSave: Timer gesetzt fuer 606aa2a2-09db-4d27-8dc5-4b600be635de:verdaechtige_person value= "Otto Breuer, Ludwigsg"
debug_events.js:216 [TRACE][USER] keyup → <input#pf-input-606aa2a2-09db-4d27-8dc5-4b600be635de-verdaechtige_person.pf-input.pf-input--valid>
debug_events.js:216 [TRACE][USER] keydown → <input#pf-input-606aa2a2-09db-4d27-8dc5-4b600be635de-verdaechtige_person.pf-input.pf-input--valid>
debug_events.js:162 [USER]     [placeholder_wizard] keydown:pf-input — Keyboard
debug_events.js:216 [TRACE][USER] keypress → <input#pf-input-606aa2a2-09db-4d27-8dc5-4b600be635de-verdaechtige_person.pf-input.pf-input--valid>
debug_events.js:216 [TRACE][USER] input → <input#pf-input-606aa2a2-09db-4d27-8dc5-4b600be635de-verdaechtige_person.pf-input.pf-input--valid>
debug_events.js:162 [USER]     [placeholder_wizard] input:pf-input — Input
placeholder_wizard.js:530 [PlaceholderWizard] _scheduleFieldSave: Timer gesetzt fuer 606aa2a2-09db-4d27-8dc5-4b600be635de:verdaechtige_person value= "Otto Breuer, Ludwigsga"
debug_events.js:216 [TRACE][USER] keyup → <input#pf-input-606aa2a2-09db-4d27-8dc5-4b600be635de-verdaechtige_person.pf-input.pf-input--valid>
debug_events.js:216 [TRACE][USER] keydown → <input#pf-input-606aa2a2-09db-4d27-8dc5-4b600be635de-verdaechtige_person.pf-input.pf-input--valid>
debug_events.js:162 [USER]     [placeholder_wizard] keydown:pf-input — Keyboard
debug_events.js:216 [TRACE][USER] keypress → <input#pf-input-606aa2a2-09db-4d27-8dc5-4b600be635de-verdaechtige_person.pf-input.pf-input--valid>
debug_events.js:216 [TRACE][USER] input → <input#pf-input-606aa2a2-09db-4d27-8dc5-4b600be635de-verdaechtige_person.pf-input.pf-input--valid>
debug_events.js:162 [USER]     [placeholder_wizard] input:pf-input — Input
placeholder_wizard.js:530 [PlaceholderWizard] _scheduleFieldSave: Timer gesetzt fuer 606aa2a2-09db-4d27-8dc5-4b600be635de:verdaechtige_person value= "Otto Breuer, Ludwigsgas"
debug_events.js:216 [TRACE][USER] keyup → <input#pf-input-606aa2a2-09db-4d27-8dc5-4b600be635de-verdaechtige_person.pf-input.pf-input--valid>
debug_events.js:216 [TRACE][USER] keydown → <input#pf-input-606aa2a2-09db-4d27-8dc5-4b600be635de-verdaechtige_person.pf-input.pf-input--valid>
debug_events.js:162 [USER]     [placeholder_wizard] keydown:pf-input — Keyboard
debug_events.js:216 [TRACE][USER] keypress → <input#pf-input-606aa2a2-09db-4d27-8dc5-4b600be635de-verdaechtige_person.pf-input.pf-input--valid>
debug_events.js:216 [TRACE][USER] input → <input#pf-input-606aa2a2-09db-4d27-8dc5-4b600be635de-verdaechtige_person.pf-input.pf-input--valid>
debug_events.js:162 [USER]     [placeholder_wizard] input:pf-input — Input
placeholder_wizard.js:530 [PlaceholderWizard] _scheduleFieldSave: Timer gesetzt fuer 606aa2a2-09db-4d27-8dc5-4b600be635de:verdaechtige_person value= "Otto Breuer, Ludwigsgass"
debug_events.js:216 [TRACE][USER] keyup → <input#pf-input-606aa2a2-09db-4d27-8dc5-4b600be635de-verdaechtige_person.pf-input.pf-input--valid>
debug_events.js:216 [TRACE][USER] keydown → <input#pf-input-606aa2a2-09db-4d27-8dc5-4b600be635de-verdaechtige_person.pf-input.pf-input--valid>
debug_events.js:162 [USER]     [placeholder_wizard] keydown:pf-input — Keyboard
debug_events.js:216 [TRACE][USER] keypress → <input#pf-input-606aa2a2-09db-4d27-8dc5-4b600be635de-verdaechtige_person.pf-input.pf-input--valid>
debug_events.js:216 [TRACE][USER] input → <input#pf-input-606aa2a2-09db-4d27-8dc5-4b600be635de-verdaechtige_person.pf-input.pf-input--valid>
debug_events.js:162 [USER]     [placeholder_wizard] input:pf-input — Input
placeholder_wizard.js:530 [PlaceholderWizard] _scheduleFieldSave: Timer gesetzt fuer 606aa2a2-09db-4d27-8dc5-4b600be635de:verdaechtige_person value= "Otto Breuer, Ludwigsgasse"
debug_events.js:216 [TRACE][USER] keyup → <input#pf-input-606aa2a2-09db-4d27-8dc5-4b600be635de-verdaechtige_person.pf-input.pf-input--valid>
placeholder_wizard.js:544 [PlaceholderWizard] _saveField: blockId= 606aa2a2-09db-4d27-8dc5-4b600be635de name= verdaechtige_person val= "Otto Breuer, Ludwigsgasse" onSave= function
report_editor.js:1996 report_editor.js: _onPlaceholderFieldSave aufgerufen: blockId= 606aa2a2-09db-4d27-8dc5-4b600be635de field= verdaechtige_person value= "Otto Breuer, Ludwigsgasse"
report_editor.js:2044 report_editor.js: _onPlaceholderFieldSave Antwort: resp= {block_id: '606aa2a2-09db-4d27-8dc5-4b600be635de'} status= undefined
placeholder_wizard.js:553 [PlaceholderWizard] _saveField: onSave abgeschlossen fuer verdaechtige_person
debug_events.js:216 [TRACE][USER] keydown → <input#pf-input-606aa2a2-09db-4d27-8dc5-4b600be635de-verdaechtige_person.pf-input.pf-input--valid>
debug_events.js:162 [USER]     [placeholder_wizard] keydown:pf-input — Keyboard
debug_events.js:216 [TRACE][USER] keypress → <input#pf-input-606aa2a2-09db-4d27-8dc5-4b600be635de-verdaechtige_person.pf-input.pf-input--valid>
debug_events.js:216 [TRACE][USER] input → <input#pf-input-606aa2a2-09db-4d27-8dc5-4b600be635de-verdaechtige_person.pf-input.pf-input--valid>
debug_events.js:162 [USER]     [placeholder_wizard] input:pf-input — Input
placeholder_wizard.js:530 [PlaceholderWizard] _scheduleFieldSave: Timer gesetzt fuer 606aa2a2-09db-4d27-8dc5-4b600be635de:verdaechtige_person value= "Otto Breuer, Ludwigsgasse "
debug_events.js:216 [TRACE][USER] keyup → <input#pf-input-606aa2a2-09db-4d27-8dc5-4b600be635de-verdaechtige_person.pf-input.pf-input--valid>
placeholder_wizard.js:544 [PlaceholderWizard] _saveField: blockId= 606aa2a2-09db-4d27-8dc5-4b600be635de name= verdaechtige_person val= "Otto Breuer, Ludwigsgasse " onSave= function
report_editor.js:1996 report_editor.js: _onPlaceholderFieldSave aufgerufen: blockId= 606aa2a2-09db-4d27-8dc5-4b600be635de field= verdaechtige_person value= "Otto Breuer, Ludwigsgasse "
report_editor.js:2044 report_editor.js: _onPlaceholderFieldSave Antwort: resp= {block_id: '606aa2a2-09db-4d27-8dc5-4b600be635de'} status= undefined
placeholder_wizard.js:553 [PlaceholderWizard] _saveField: onSave abgeschlossen fuer verdaechtige_person
debug_events.js:216 [TRACE][USER] keydown → <input#pf-input-606aa2a2-09db-4d27-8dc5-4b600be635de-verdaechtige_person.pf-input.pf-input--valid>
debug_events.js:162 [USER]     [placeholder_wizard] keydown:pf-input — Keyboard
debug_events.js:216 [TRACE][USER] keypress → <input#pf-input-606aa2a2-09db-4d27-8dc5-4b600be635de-verdaechtige_person.pf-input.pf-input--valid>
debug_events.js:216 [TRACE][USER] input → <input#pf-input-606aa2a2-09db-4d27-8dc5-4b600be635de-verdaechtige_person.pf-input.pf-input--valid>
debug_events.js:162 [USER]     [placeholder_wizard] input:pf-input — Input
placeholder_wizard.js:530 [PlaceholderWizard] _scheduleFieldSave: Timer gesetzt fuer 606aa2a2-09db-4d27-8dc5-4b600be635de:verdaechtige_person value= "Otto Breuer, Ludwigsgasse 6"
debug_events.js:216 [TRACE][USER] keyup → <input#pf-input-606aa2a2-09db-4d27-8dc5-4b600be635de-verdaechtige_person.pf-input.pf-input--valid>
placeholder_wizard.js:544 [PlaceholderWizard] _saveField: blockId= 606aa2a2-09db-4d27-8dc5-4b600be635de name= verdaechtige_person val= "Otto Breuer, Ludwigsgasse 6" onSave= function
report_editor.js:1996 report_editor.js: _onPlaceholderFieldSave aufgerufen: blockId= 606aa2a2-09db-4d27-8dc5-4b600be635de field= verdaechtige_person value= "Otto Breuer, Ludwigsgasse 6"
report_editor.js:2044 report_editor.js: _onPlaceholderFieldSave Antwort: resp= {block_id: '606aa2a2-09db-4d27-8dc5-4b600be635de'} status= undefined
placeholder_wizard.js:553 [PlaceholderWizard] _saveField: onSave abgeschlossen fuer verdaechtige_person
debug_events.js:216 [TRACE][USER] keydown → <input#pf-input-606aa2a2-09db-4d27-8dc5-4b600be635de-verdaechtige_person.pf-input.pf-input--valid>
debug_events.js:162 [USER]     [placeholder_wizard] keydown:pf-input — Keyboard
debug_events.js:216 [TRACE][USER] keypress → <input#pf-input-606aa2a2-09db-4d27-8dc5-4b600be635de-verdaechtige_person.pf-input.pf-input--valid>
debug_events.js:216 [TRACE][USER] input → <input#pf-input-606aa2a2-09db-4d27-8dc5-4b600be635de-verdaechtige_person.pf-input.pf-input--valid>
debug_events.js:162 [USER]     [placeholder_wizard] input:pf-input — Input
placeholder_wizard.js:530 [PlaceholderWizard] _scheduleFieldSave: Timer gesetzt fuer 606aa2a2-09db-4d27-8dc5-4b600be635de:verdaechtige_person value= "Otto Breuer, Ludwigsgasse 6,"
debug_events.js:216 [TRACE][USER] keyup → <input#pf-input-606aa2a2-09db-4d27-8dc5-4b600be635de-verdaechtige_person.pf-input.pf-input--valid>
debug_events.js:216 [TRACE][USER] keydown → <input#pf-input-606aa2a2-09db-4d27-8dc5-4b600be635de-verdaechtige_person.pf-input.pf-input--valid>
debug_events.js:162 [USER]     [placeholder_wizard] keydown:pf-input — Keyboard
debug_events.js:216 [TRACE][USER] keypress → <input#pf-input-606aa2a2-09db-4d27-8dc5-4b600be635de-verdaechtige_person.pf-input.pf-input--valid>
debug_events.js:216 [TRACE][USER] input → <input#pf-input-606aa2a2-09db-4d27-8dc5-4b600be635de-verdaechtige_person.pf-input.pf-input--valid>
debug_events.js:162 [USER]     [placeholder_wizard] input:pf-input — Input
placeholder_wizard.js:530 [PlaceholderWizard] _scheduleFieldSave: Timer gesetzt fuer 606aa2a2-09db-4d27-8dc5-4b600be635de:verdaechtige_person value= "Otto Breuer, Ludwigsgasse 6, "
debug_events.js:216 [TRACE][USER] keyup → <input#pf-input-606aa2a2-09db-4d27-8dc5-4b600be635de-verdaechtige_person.pf-input.pf-input--valid>
placeholder_wizard.js:544 [PlaceholderWizard] _saveField: blockId= 606aa2a2-09db-4d27-8dc5-4b600be635de name= verdaechtige_person val= "Otto Breuer, Ludwigsgasse 6, " onSave= function
report_editor.js:1996 report_editor.js: _onPlaceholderFieldSave aufgerufen: blockId= 606aa2a2-09db-4d27-8dc5-4b600be635de field= verdaechtige_person value= "Otto Breuer, Ludwigsgasse 6, "
report_editor.js:2044 report_editor.js: _onPlaceholderFieldSave Antwort: resp= {block_id: '606aa2a2-09db-4d27-8dc5-4b600be635de'} status= undefined
placeholder_wizard.js:553 [PlaceholderWizard] _saveField: onSave abgeschlossen fuer verdaechtige_person
debug_events.js:216 [TRACE][USER] keydown → <input#pf-input-606aa2a2-09db-4d27-8dc5-4b600be635de-verdaechtige_person.pf-input.pf-input--valid>
debug_events.js:162 [USER]     [placeholder_wizard] keydown:pf-input — Keyboard
debug_events.js:216 [TRACE][USER] keypress → <input#pf-input-606aa2a2-09db-4d27-8dc5-4b600be635de-verdaechtige_person.pf-input.pf-input--valid>
debug_events.js:216 [TRACE][USER] input → <input#pf-input-606aa2a2-09db-4d27-8dc5-4b600be635de-verdaechtige_person.pf-input.pf-input--valid>
debug_events.js:162 [USER]     [placeholder_wizard] input:pf-input — Input
placeholder_wizard.js:530 [PlaceholderWizard] _scheduleFieldSave: Timer gesetzt fuer 606aa2a2-09db-4d27-8dc5-4b600be635de:verdaechtige_person value= "Otto Breuer, Ludwigsgasse 6, 3"
debug_events.js:216 [TRACE][USER] keyup → <input#pf-input-606aa2a2-09db-4d27-8dc5-4b600be635de-verdaechtige_person.pf-input.pf-input--valid>
debug_events.js:216 [TRACE][USER] keydown → <input#pf-input-606aa2a2-09db-4d27-8dc5-4b600be635de-verdaechtige_person.pf-input.pf-input--valid>
debug_events.js:162 [USER]     [placeholder_wizard] keydown:pf-input — Keyboard
debug_events.js:216 [TRACE][USER] keypress → <input#pf-input-606aa2a2-09db-4d27-8dc5-4b600be635de-verdaechtige_person.pf-input.pf-input--valid>
debug_events.js:216 [TRACE][USER] input → <input#pf-input-606aa2a2-09db-4d27-8dc5-4b600be635de-verdaechtige_person.pf-input.pf-input--valid>
debug_events.js:162 [USER]     [placeholder_wizard] input:pf-input — Input
placeholder_wizard.js:530 [PlaceholderWizard] _scheduleFieldSave: Timer gesetzt fuer 606aa2a2-09db-4d27-8dc5-4b600be635de:verdaechtige_person value= "Otto Breuer, Ludwigsgasse 6, 38"
debug_events.js:216 [TRACE][USER] keyup → <input#pf-input-606aa2a2-09db-4d27-8dc5-4b600be635de-verdaechtige_person.pf-input.pf-input--valid>
debug_events.js:216 [TRACE][USER] keydown → <input#pf-input-606aa2a2-09db-4d27-8dc5-4b600be635de-verdaechtige_person.pf-input.pf-input--valid>
debug_events.js:162 [USER]     [placeholder_wizard] keydown:pf-input — Keyboard
debug_events.js:216 [TRACE][USER] keypress → <input#pf-input-606aa2a2-09db-4d27-8dc5-4b600be635de-verdaechtige_person.pf-input.pf-input--valid>
debug_events.js:216 [TRACE][USER] input → <input#pf-input-606aa2a2-09db-4d27-8dc5-4b600be635de-verdaechtige_person.pf-input.pf-input--valid>
debug_events.js:162 [USER]     [placeholder_wizard] input:pf-input — Input
placeholder_wizard.js:530 [PlaceholderWizard] _scheduleFieldSave: Timer gesetzt fuer 606aa2a2-09db-4d27-8dc5-4b600be635de:verdaechtige_person value= "Otto Breuer, Ludwigsgasse 6, 389"
debug_events.js:216 [TRACE][USER] keyup → <input#pf-input-606aa2a2-09db-4d27-8dc5-4b600be635de-verdaechtige_person.pf-input.pf-input--valid>
debug_events.js:216 [TRACE][USER] keydown → <input#pf-input-606aa2a2-09db-4d27-8dc5-4b600be635de-verdaechtige_person.pf-input.pf-input--valid>
debug_events.js:162 [USER]     [placeholder_wizard] keydown:pf-input — Keyboard
debug_events.js:216 [TRACE][USER] keypress → <input#pf-input-606aa2a2-09db-4d27-8dc5-4b600be635de-verdaechtige_person.pf-input.pf-input--valid>
debug_events.js:216 [TRACE][USER] input → <input#pf-input-606aa2a2-09db-4d27-8dc5-4b600be635de-verdaechtige_person.pf-input.pf-input--valid>
debug_events.js:162 [USER]     [placeholder_wizard] input:pf-input — Input
placeholder_wizard.js:530 [PlaceholderWizard] _scheduleFieldSave: Timer gesetzt fuer 606aa2a2-09db-4d27-8dc5-4b600be635de:verdaechtige_person value= "Otto Breuer, Ludwigsgasse 6, 3891"
debug_events.js:216 [TRACE][USER] keyup → <input#pf-input-606aa2a2-09db-4d27-8dc5-4b600be635de-verdaechtige_person.pf-input.pf-input--valid>
debug_events.js:216 [TRACE][USER] keydown → <input#pf-input-606aa2a2-09db-4d27-8dc5-4b600be635de-verdaechtige_person.pf-input.pf-input--valid>
debug_events.js:162 [USER]     [placeholder_wizard] keydown:pf-input — Keyboard
debug_events.js:216 [TRACE][USER] keypress → <input#pf-input-606aa2a2-09db-4d27-8dc5-4b600be635de-verdaechtige_person.pf-input.pf-input--valid>
debug_events.js:216 [TRACE][USER] input → <input#pf-input-606aa2a2-09db-4d27-8dc5-4b600be635de-verdaechtige_person.pf-input.pf-input--valid>
debug_events.js:162 [USER]     [placeholder_wizard] input:pf-input — Input
placeholder_wizard.js:530 [PlaceholderWizard] _scheduleFieldSave: Timer gesetzt fuer 606aa2a2-09db-4d27-8dc5-4b600be635de:verdaechtige_person value= "Otto Breuer, Ludwigsgasse 6, 38918"
debug_events.js:216 [TRACE][USER] keyup → <input#pf-input-606aa2a2-09db-4d27-8dc5-4b600be635de-verdaechtige_person.pf-input.pf-input--valid>
placeholder_wizard.js:544 [PlaceholderWizard] _saveField: blockId= 606aa2a2-09db-4d27-8dc5-4b600be635de name= verdaechtige_person val= "Otto Breuer, Ludwigsgasse 6, 38918" onSave= function
report_editor.js:1996 report_editor.js: _onPlaceholderFieldSave aufgerufen: blockId= 606aa2a2-09db-4d27-8dc5-4b600be635de field= verdaechtige_person value= "Otto Breuer, Ludwigsgasse 6, 38918"
report_editor.js:2044 report_editor.js: _onPlaceholderFieldSave Antwort: resp= {block_id: '606aa2a2-09db-4d27-8dc5-4b600be635de'} status= undefined
placeholder_wizard.js:553 [PlaceholderWizard] _saveField: onSave abgeschlossen fuer verdaechtige_person
debug_events.js:216 [TRACE][USER] keydown → <input#pf-input-606aa2a2-09db-4d27-8dc5-4b600be635de-verdaechtige_person.pf-input.pf-input--valid>
debug_events.js:162 [USER]     [placeholder_wizard] keydown:pf-input — Keyboard
debug_events.js:216 [TRACE][USER] keypress → <input#pf-input-606aa2a2-09db-4d27-8dc5-4b600be635de-verdaechtige_person.pf-input.pf-input--valid>
debug_events.js:216 [TRACE][USER] input → <input#pf-input-606aa2a2-09db-4d27-8dc5-4b600be635de-verdaechtige_person.pf-input.pf-input--valid>
debug_events.js:162 [USER]     [placeholder_wizard] input:pf-input — Input
placeholder_wizard.js:530 [PlaceholderWizard] _scheduleFieldSave: Timer gesetzt fuer 606aa2a2-09db-4d27-8dc5-4b600be635de:verdaechtige_person value= "Otto Breuer, Ludwigsgasse 6, 38918 "
debug_events.js:216 [TRACE][USER] keyup → <input#pf-input-606aa2a2-09db-4d27-8dc5-4b600be635de-verdaechtige_person.pf-input.pf-input--valid>
debug_events.js:216 [TRACE][USER] keydown → <input#pf-input-606aa2a2-09db-4d27-8dc5-4b600be635de-verdaechtige_person.pf-input.pf-input--valid>
debug_events.js:162 [USER]     [placeholder_wizard] keydown:pf-input — Keyboard
placeholder_wizard.js:544 [PlaceholderWizard] _saveField: blockId= 606aa2a2-09db-4d27-8dc5-4b600be635de name= verdaechtige_person val= "Otto Breuer, Ludwigsgasse 6, 38918 " onSave= function
report_editor.js:1996 report_editor.js: _onPlaceholderFieldSave aufgerufen: blockId= 606aa2a2-09db-4d27-8dc5-4b600be635de field= verdaechtige_person value= "Otto Breuer, Ludwigsgasse 6, 38918 "
report_editor.js:2044 report_editor.js: _onPlaceholderFieldSave Antwort: resp= {block_id: '606aa2a2-09db-4d27-8dc5-4b600be635de'} status= undefined
placeholder_wizard.js:553 [PlaceholderWizard] _saveField: onSave abgeschlossen fuer verdaechtige_person
debug_events.js:216 [TRACE][USER] keydown → <input#pf-input-606aa2a2-09db-4d27-8dc5-4b600be635de-verdaechtige_person.pf-input.pf-input--valid>
debug_events.js:162 [USER]     [placeholder_wizard] keydown:pf-input — Keyboard
debug_events.js:216 [TRACE][USER] keypress → <input#pf-input-606aa2a2-09db-4d27-8dc5-4b600be635de-verdaechtige_person.pf-input.pf-input--valid>
debug_events.js:216 [TRACE][USER] input → <input#pf-input-606aa2a2-09db-4d27-8dc5-4b600be635de-verdaechtige_person.pf-input.pf-input--valid>
debug_events.js:162 [USER]     [placeholder_wizard] input:pf-input — Input
placeholder_wizard.js:530 [PlaceholderWizard] _scheduleFieldSave: Timer gesetzt fuer 606aa2a2-09db-4d27-8dc5-4b600be635de:verdaechtige_person value= "Otto Breuer, Ludwigsgasse 6, 38918 O"
debug_events.js:216 [TRACE][USER] keyup → <input#pf-input-606aa2a2-09db-4d27-8dc5-4b600be635de-verdaechtige_person.pf-input.pf-input--valid>
debug_events.js:216 [TRACE][USER] keyup → <input#pf-input-606aa2a2-09db-4d27-8dc5-4b600be635de-verdaechtige_person.pf-input.pf-input--valid>
placeholder_wizard.js:544 [PlaceholderWizard] _saveField: blockId= 606aa2a2-09db-4d27-8dc5-4b600be635de name= verdaechtige_person val= "Otto Breuer, Ludwigsgasse 6, 38918 O" onSave= function
report_editor.js:1996 report_editor.js: _onPlaceholderFieldSave aufgerufen: blockId= 606aa2a2-09db-4d27-8dc5-4b600be635de field= verdaechtige_person value= "Otto Breuer, Ludwigsgasse 6, 38918 O"
report_editor.js:2044 report_editor.js: _onPlaceholderFieldSave Antwort: resp= {block_id: '606aa2a2-09db-4d27-8dc5-4b600be635de'} status= undefined
placeholder_wizard.js:553 [PlaceholderWizard] _saveField: onSave abgeschlossen fuer verdaechtige_person
debug_events.js:216 [TRACE][USER] keydown → <input#pf-input-606aa2a2-09db-4d27-8dc5-4b600be635de-verdaechtige_person.pf-input.pf-input--valid>
debug_events.js:162 [USER]     [placeholder_wizard] keydown:pf-input — Keyboard
debug_events.js:216 [TRACE][USER] keypress → <input#pf-input-606aa2a2-09db-4d27-8dc5-4b600be635de-verdaechtige_person.pf-input.pf-input--valid>
debug_events.js:216 [TRACE][USER] input → <input#pf-input-606aa2a2-09db-4d27-8dc5-4b600be635de-verdaechtige_person.pf-input.pf-input--valid>
debug_events.js:162 [USER]     [placeholder_wizard] input:pf-input — Input
placeholder_wizard.js:530 [PlaceholderWizard] _scheduleFieldSave: Timer gesetzt fuer 606aa2a2-09db-4d27-8dc5-4b600be635de:verdaechtige_person value= "Otto Breuer, Ludwigsgasse 6, 38918 Op"
debug_events.js:216 [TRACE][USER] keyup → <input#pf-input-606aa2a2-09db-4d27-8dc5-4b600be635de-verdaechtige_person.pf-input.pf-input--valid>
debug_events.js:216 [TRACE][USER] keydown → <input#pf-input-606aa2a2-09db-4d27-8dc5-4b600be635de-verdaechtige_person.pf-input.pf-input--valid>
debug_events.js:162 [USER]     [placeholder_wizard] keydown:pf-input — Keyboard
debug_events.js:216 [TRACE][USER] keypress → <input#pf-input-606aa2a2-09db-4d27-8dc5-4b600be635de-verdaechtige_person.pf-input.pf-input--valid>
debug_events.js:216 [TRACE][USER] input → <input#pf-input-606aa2a2-09db-4d27-8dc5-4b600be635de-verdaechtige_person.pf-input.pf-input--valid>
debug_events.js:162 [USER]     [placeholder_wizard] input:pf-input — Input
placeholder_wizard.js:530 [PlaceholderWizard] _scheduleFieldSave: Timer gesetzt fuer 606aa2a2-09db-4d27-8dc5-4b600be635de:verdaechtige_person value= "Otto Breuer, Ludwigsgasse 6, 38918 Opp"
debug_events.js:216 [TRACE][USER] keyup → <input#pf-input-606aa2a2-09db-4d27-8dc5-4b600be635de-verdaechtige_person.pf-input.pf-input--valid>
debug_events.js:216 [TRACE][USER] keydown → <input#pf-input-606aa2a2-09db-4d27-8dc5-4b600be635de-verdaechtige_person.pf-input.pf-input--valid>
debug_events.js:162 [USER]     [placeholder_wizard] keydown:pf-input — Keyboard
debug_events.js:216 [TRACE][USER] keypress → <input#pf-input-606aa2a2-09db-4d27-8dc5-4b600be635de-verdaechtige_person.pf-input.pf-input--valid>
debug_events.js:216 [TRACE][USER] input → <input#pf-input-606aa2a2-09db-4d27-8dc5-4b600be635de-verdaechtige_person.pf-input.pf-input--valid>
debug_events.js:162 [USER]     [placeholder_wizard] input:pf-input — Input
placeholder_wizard.js:530 [PlaceholderWizard] _scheduleFieldSave: Timer gesetzt fuer 606aa2a2-09db-4d27-8dc5-4b600be635de:verdaechtige_person value= "Otto Breuer, Ludwigsgasse 6, 38918 Oppe"
debug_events.js:216 [TRACE][USER] keyup → <input#pf-input-606aa2a2-09db-4d27-8dc5-4b600be635de-verdaechtige_person.pf-input.pf-input--valid>
debug_events.js:216 [TRACE][USER] keydown → <input#pf-input-606aa2a2-09db-4d27-8dc5-4b600be635de-verdaechtige_person.pf-input.pf-input--valid>
debug_events.js:162 [USER]     [placeholder_wizard] keydown:pf-input — Keyboard
debug_events.js:216 [TRACE][USER] keypress → <input#pf-input-606aa2a2-09db-4d27-8dc5-4b600be635de-verdaechtige_person.pf-input.pf-input--valid>
debug_events.js:216 [TRACE][USER] input → <input#pf-input-606aa2a2-09db-4d27-8dc5-4b600be635de-verdaechtige_person.pf-input.pf-input--valid>
debug_events.js:162 [USER]     [placeholder_wizard] input:pf-input — Input
placeholder_wizard.js:530 [PlaceholderWizard] _scheduleFieldSave: Timer gesetzt fuer 606aa2a2-09db-4d27-8dc5-4b600be635de:verdaechtige_person value= "Otto Breuer, Ludwigsgasse 6, 38918 Oppen"
debug_events.js:216 [TRACE][USER] keyup → <input#pf-input-606aa2a2-09db-4d27-8dc5-4b600be635de-verdaechtige_person.pf-input.pf-input--valid>
debug_events.js:216 [TRACE][USER] keydown → <input#pf-input-606aa2a2-09db-4d27-8dc5-4b600be635de-verdaechtige_person.pf-input.pf-input--valid>
debug_events.js:162 [USER]     [placeholder_wizard] keydown:pf-input — Keyboard
debug_events.js:216 [TRACE][USER] keypress → <input#pf-input-606aa2a2-09db-4d27-8dc5-4b600be635de-verdaechtige_person.pf-input.pf-input--valid>
debug_events.js:216 [TRACE][USER] input → <input#pf-input-606aa2a2-09db-4d27-8dc5-4b600be635de-verdaechtige_person.pf-input.pf-input--valid>
debug_events.js:162 [USER]     [placeholder_wizard] input:pf-input — Input
placeholder_wizard.js:530 [PlaceholderWizard] _scheduleFieldSave: Timer gesetzt fuer 606aa2a2-09db-4d27-8dc5-4b600be635de:verdaechtige_person value= "Otto Breuer, Ludwigsgasse 6, 38918 Oppens"
debug_events.js:216 [TRACE][USER] keyup → <input#pf-input-606aa2a2-09db-4d27-8dc5-4b600be635de-verdaechtige_person.pf-input.pf-input--valid>
debug_events.js:216 [TRACE][USER] keydown → <input#pf-input-606aa2a2-09db-4d27-8dc5-4b600be635de-verdaechtige_person.pf-input.pf-input--valid>
debug_events.js:162 [USER]     [placeholder_wizard] keydown:pf-input — Keyboard
debug_events.js:216 [TRACE][USER] keypress → <input#pf-input-606aa2a2-09db-4d27-8dc5-4b600be635de-verdaechtige_person.pf-input.pf-input--valid>
debug_events.js:216 [TRACE][USER] input → <input#pf-input-606aa2a2-09db-4d27-8dc5-4b600be635de-verdaechtige_person.pf-input.pf-input--valid>
debug_events.js:162 [USER]     [placeholder_wizard] input:pf-input — Input
placeholder_wizard.js:530 [PlaceholderWizard] _scheduleFieldSave: Timer gesetzt fuer 606aa2a2-09db-4d27-8dc5-4b600be635de:verdaechtige_person value= "Otto Breuer, Ludwigsgasse 6, 38918 Oppenst"
debug_events.js:216 [TRACE][USER] keyup → <input#pf-input-606aa2a2-09db-4d27-8dc5-4b600be635de-verdaechtige_person.pf-input.pf-input--valid>
placeholder_wizard.js:544 [PlaceholderWizard] _saveField: blockId= 606aa2a2-09db-4d27-8dc5-4b600be635de name= verdaechtige_person val= "Otto Breuer, Ludwigsgasse 6, 38918 Oppenst" onSave= function
report_editor.js:1996 report_editor.js: _onPlaceholderFieldSave aufgerufen: blockId= 606aa2a2-09db-4d27-8dc5-4b600be635de field= verdaechtige_person value= "Otto Breuer, Ludwigsgasse 6, 38918 Oppenst"
report_editor.js:2044 report_editor.js: _onPlaceholderFieldSave Antwort: resp= {block_id: '606aa2a2-09db-4d27-8dc5-4b600be635de'} status= undefined
placeholder_wizard.js:553 [PlaceholderWizard] _saveField: onSave abgeschlossen fuer verdaechtige_person
debug_events.js:216 [TRACE][USER] keydown → <input#pf-input-606aa2a2-09db-4d27-8dc5-4b600be635de-verdaechtige_person.pf-input.pf-input--valid>
debug_events.js:162 [USER]     [placeholder_wizard] keydown:pf-input — Keyboard
debug_events.js:216 [TRACE][USER] keypress → <input#pf-input-606aa2a2-09db-4d27-8dc5-4b600be635de-verdaechtige_person.pf-input.pf-input--valid>
debug_events.js:216 [TRACE][USER] input → <input#pf-input-606aa2a2-09db-4d27-8dc5-4b600be635de-verdaechtige_person.pf-input.pf-input--valid>
debug_events.js:162 [USER]     [placeholder_wizard] input:pf-input — Input
placeholder_wizard.js:530 [PlaceholderWizard] _scheduleFieldSave: Timer gesetzt fuer 606aa2a2-09db-4d27-8dc5-4b600be635de:verdaechtige_person value= "Otto Breuer, Ludwigsgasse 6, 38918 Oppenste"
debug_events.js:216 [TRACE][USER] keyup → <input#pf-input-606aa2a2-09db-4d27-8dc5-4b600be635de-verdaechtige_person.pf-input.pf-input--valid>
debug_events.js:216 [TRACE][USER] keydown → <input#pf-input-606aa2a2-09db-4d27-8dc5-4b600be635de-verdaechtige_person.pf-input.pf-input--valid>
debug_events.js:162 [USER]     [placeholder_wizard] keydown:pf-input — Keyboard
debug_events.js:216 [TRACE][USER] keypress → <input#pf-input-606aa2a2-09db-4d27-8dc5-4b600be635de-verdaechtige_person.pf-input.pf-input--valid>
debug_events.js:216 [TRACE][USER] input → <input#pf-input-606aa2a2-09db-4d27-8dc5-4b600be635de-verdaechtige_person.pf-input.pf-input--valid>
debug_events.js:162 [USER]     [placeholder_wizard] input:pf-input — Input
placeholder_wizard.js:530 [PlaceholderWizard] _scheduleFieldSave: Timer gesetzt fuer 606aa2a2-09db-4d27-8dc5-4b600be635de:verdaechtige_person value= "Otto Breuer, Ludwigsgasse 6, 38918 Oppensted"
debug_events.js:216 [TRACE][USER] keyup → <input#pf-input-606aa2a2-09db-4d27-8dc5-4b600be635de-verdaechtige_person.pf-input.pf-input--valid>
debug_events.js:216 [TRACE][USER] keydown → <input#pf-input-606aa2a2-09db-4d27-8dc5-4b600be635de-verdaechtige_person.pf-input.pf-input--valid>
debug_events.js:162 [USER]     [placeholder_wizard] keydown:pf-input — Keyboard
debug_events.js:216 [TRACE][USER] keypress → <input#pf-input-606aa2a2-09db-4d27-8dc5-4b600be635de-verdaechtige_person.pf-input.pf-input--valid>
debug_events.js:216 [TRACE][USER] input → <input#pf-input-606aa2a2-09db-4d27-8dc5-4b600be635de-verdaechtige_person.pf-input.pf-input--valid>
debug_events.js:162 [USER]     [placeholder_wizard] input:pf-input — Input
placeholder_wizard.js:530 [PlaceholderWizard] _scheduleFieldSave: Timer gesetzt fuer 606aa2a2-09db-4d27-8dc5-4b600be635de:verdaechtige_person value= "Otto Breuer, Ludwigsgasse 6, 38918 Oppenstedt"
debug_events.js:216 [TRACE][USER] keyup → <input#pf-input-606aa2a2-09db-4d27-8dc5-4b600be635de-verdaechtige_person.pf-input.pf-input--valid>
placeholder_wizard.js:544 [PlaceholderWizard] _saveField: blockId= 606aa2a2-09db-4d27-8dc5-4b600be635de name= verdaechtige_person val= "Otto Breuer, Ludwigsgasse 6, 38918 Oppenstedt" onSave= function
report_editor.js:1996 report_editor.js: _onPlaceholderFieldSave aufgerufen: blockId= 606aa2a2-09db-4d27-8dc5-4b600be635de field= verdaechtige_person value= "Otto Breuer, Ludwigsgasse 6, 38918 Oppenstedt"
report_editor.js:2044 report_editor.js: _onPlaceholderFieldSave Antwort: resp= {block_id: '606aa2a2-09db-4d27-8dc5-4b600be635de'} status= undefined
placeholder_wizard.js:553 [PlaceholderWizard] _saveField: onSave abgeschlossen fuer verdaechtige_person
debug_events.js:216 [TRACE][USER] mousedown → <div.ce-block.block-wrapper--own>
debug_events.js:174 [USER]     [report_editor] mousedown:captureRange — Mouse
debug_events.js:216 [TRACE][USER] change → <input#pf-input-606aa2a2-09db-4d27-8dc5-4b600be635de-verdaechtige_person.pf-input.pf-input--valid>
debug_events.js:216 [TRACE][USER] blur → <input#pf-input-606aa2a2-09db-4d27-8dc5-4b600be635de-verdaechtige_person.pf-input.pf-input--valid>
debug_events.js:216 [TRACE][USER] mouseup → <div.ce-block.block-wrapper--own>
debug_events.js:216 [TRACE][USER] click → <div.ce-block.block-wrapper--own>
debug_events.js:162 [USER]     [report_editor] click:ph-chip — Mouse
debug_events.js:216 [TRACE][USER] mousedown → <button#btn-refresh-placeholders.report-btn>
debug_events.js:216 [TRACE][USER] focus → <button#btn-refresh-placeholders.report-btn>
debug_events.js:216 [TRACE][USER] mouseup → <button#btn-refresh-placeholders.report-btn>
debug_events.js:216 [TRACE][USER] click → <button#btn-refresh-placeholders.report-btn>
debug_events.js:174 [USER]     [report_editor] click:btn-refresh-placeholders — Mouse
debug_events.js:216 [TRACE][USER] blur → <button#btn-refresh-placeholders.report-btn>
report_editor.js:112 [forensic] _reloadEditorContent(): Starte Neuladen fuer report_id= 1
report_editor.js:112 [forensic] _syncAnchoredFromInstances: 0 verankerte Annotationen
report_editor.js:112 [forensic] _resolveAutoPlaceholders: Block O47wiTFR_l enthält Auto-Chips
report_editor.js:112 [forensic] _reloadEditorContent(): Abgeschlossen. 6 Bloecke geladen.
report_editor.js:112 [forensic] _resolveAutoPlaceholders: Block oCHCBvopA_ enthält Auto-Chips
report_editor.js:112 [forensic] _resolveAutoPlaceholders: Block ijjBIozKWn enthält Auto-Chips
report_editor.js:112 [forensic] _initSidebarAccordion() gestartet
report_editor.js:1134 report_editor.js: Editor bereit, report_id= 1 | readOnly= false
placeholder_wizard.js:189 [PlaceholderWizard] showPlaceholderForm: blocks= 6 focusedId= 606aa2a2-09db-4d27-8dc5-4b600be635de onSave= function myUsername= paul
report_editor.js:1319 report_editor.js: Initialisierungs-Guard freigegeben.
editorjs.mjs:136 Block «paragraph» skipped because saved data is invalid
editorjs.mjs:136 Block «paragraph» skipped because saved data is invalid
editorjs.mjs:136 Block «paragraph» skipped because saved data is invalid
editorjs.mjs:136 Block «paragraph» skipped because saved data is invalid
editorjs.mjs:136 Block «paragraph» skipped because saved data is invalid
debug_events.js:216 [TRACE][USER] mousedown → <button#btn-refresh-placeholders.report-btn>
debug_events.js:216 [TRACE][USER] focus → <button#btn-refresh-placeholders.report-btn>
debug_events.js:216 [TRACE][USER] mouseup → <button#btn-refresh-placeholders.report-btn>
debug_events.js:216 [TRACE][USER] click → <button#btn-refresh-placeholders.report-btn>
debug_events.js:174 [USER]     [report_editor] click:btn-refresh-placeholders — Mouse
debug_events.js:216 [TRACE][USER] blur → <button#btn-refresh-placeholders.report-btn>
report_editor.js:112 [forensic] _reloadEditorContent(): Starte Neuladen fuer report_id= 1
report_editor.js:112 [forensic] _syncAnchoredFromInstances: 0 verankerte Annotationen
report_editor.js:112 [forensic] _resolveAutoPlaceholders: Block O47wiTFR_l enthält Auto-Chips
report_editor.js:112 [forensic] _reloadEditorContent(): Abgeschlossen. 6 Bloecke geladen.
report_editor.js:112 [forensic] _resolveAutoPlaceholders: Block oCHCBvopA_ enthält Auto-Chips
report_editor.js:112 [forensic] _resolveAutoPlaceholders: Block ijjBIozKWn enthält Auto-Chips
report_editor.js:112 [forensic] _initSidebarAccordion() gestartet
report_editor.js:1134 report_editor.js: Editor bereit, report_id= 1 | readOnly= false
placeholder_wizard.js:189 [PlaceholderWizard] showPlaceholderForm: blocks= 6 focusedId= 606aa2a2-09db-4d27-8dc5-4b600be635de onSave= function myUsername= paul
report_editor.js:1319 report_editor.js: Initialisierungs-Guard freigegeben.
editorjs.mjs:136 Block «paragraph» skipped because saved data is invalid
report_editor.js:2469 report_editor.js: Auto-Save gestartet, report_id= 1 | bekannte Block-IDs: 6
editorjs.mjs:136 Block «paragraph» skipped because saved data is invalid
report_editor.js:2538 report_editor.js: Geloeschte Bloecke erkannt: ['606aa2a2-09db-4d27-8dc5-4b600be635de']
report_editor.js:2544 report_editor.js: Block geloescht: 606aa2a2-09db-4d27-8dc5-4b600be635de
report_editor.js:2568 report_editor.js: Auto-Save abgeschlossen. | Bloecke gespeichert: 5 | Bloecke geloescht: 1
placeholder_wizard.js:189 [PlaceholderWizard] showPlaceholderForm: blocks= 5 focusedId= 606aa2a2-09db-4d27-8dc5-4b600be635de onSave= function myUsername= paul
editorjs.mjs:136 Block «paragraph» skipped because saved data is invalid
editorjs.mjs:136 Block «paragraph» skipped because saved data is invalid
editorjs.mjs:136 Block «paragraph» skipped because saved data is invalid
editorjs.mjs:136 Block «paragraph» skipped because saved data is invalid
editorjs.mjs:136 Block «paragraph» skipped because saved data is invalid
debug_events.js:216 [TRACE][USER] mousedown → <button#btn-refresh-placeholders.report-btn>
debug_events.js:216 [TRACE][USER] focus → <button#btn-refresh-placeholders.report-btn>
debug_events.js:216 [TRACE][USER] mouseup → <button#btn-refresh-placeholders.report-btn>
debug_events.js:216 [TRACE][USER] click → <button#btn-refresh-placeholders.report-btn>
debug_events.js:174 [USER]     [report_editor] click:btn-refresh-placeholders — Mouse
debug_events.js:216 [TRACE][USER] blur → <button#btn-refresh-placeholders.report-btn>
report_editor.js:112 [forensic] _reloadEditorContent(): Starte Neuladen fuer report_id= 1
report_editor.js:112 [forensic] _syncAnchoredFromInstances: 0 verankerte Annotationen
report_editor.js:112 [forensic] _resolveAutoPlaceholders: Block O47wiTFR_l enthält Auto-Chips
report_editor.js:112 [forensic] _reloadEditorContent(): Abgeschlossen. 5 Bloecke geladen.
report_editor.js:112 [forensic] _resolveAutoPlaceholders: Block oCHCBvopA_ enthält Auto-Chips
report_editor.js:112 [forensic] _resolveAutoPlaceholders: Block ijjBIozKWn enthält Auto-Chips
report_editor.js:112 [forensic] _initSidebarAccordion() gestartet
report_editor.js:1134 report_editor.js: Editor bereit, report_id= 1 | readOnly= false
placeholder_wizard.js:189 [PlaceholderWizard] showPlaceholderForm: blocks= 5 focusedId= 606aa2a2-09db-4d27-8dc5-4b600be635de onSave= function myUsername= paul
report_editor.js:1319 report_editor.js: Initialisierungs-Guard freigegeben.
debug_events.js:216 [TRACE][USER] keydown → <body#report-editor-body>
debug_events.js:216 [TRACE][USER] keyup → <body#report-editor-body>
debug_events.js:216 [TRACE][USER] mousedown → <span#report-lock-indicator.report-lock-indicator.report-lock-none.lock-mine>
debug_events.js:216 [TRACE][USER] mouseup → <span#report-lock-indicator.report-lock-indicator.report-lock-none.lock-mine>
debug_events.js:216 [TRACE][USER] click → <span#report-lock-indicator.report-lock-indicator.report-lock-none.lock-mine>
debug_events.js:162 [USER]     [userinfo] click:report-lock-indicator — Mouse
userinfo.js:1435 [userinfo] Lock-Indikator: Lock freigeben (manuell)
lock_layer.js:718 [LockLayer] release(): lockId= 55fbb907-bb63-48d1-a33d-43d748d6f3e3 reportId= 1 sync= false
lock_layer.js:718 [LockLayer] Zustandsübergang: MINE → RELEASING
lock_layer.js:718 [LockLayer] Zustandsübergang: RELEASING → IDLE
editor_bootstrap.js:53 [editor_bootstrap] LockLayer released — Editor auf readOnly
lock_layer.js:718 [LockLayer] RELEASING → IDLE
report_editor.js:112 [forensic] _syncAnchoredFromInstances: 0 verankerte Annotationen
editor_bootstrap.js:53 [editor_bootstrap] Editor readOnly aktiviert nach Lock-Freigabe
debug_events.js:216 [TRACE][USER] keydown → <body#report-editor-body>
debug_events.js:216 [TRACE][USER] keydown → <body#report-editor-body>
debug_events.js:216 [TRACE][USER] keydown → <body#report-editor-body>
Navigated to http://127.0.0.2:8080/_forensic/report
report:204 [web-debug] FORENSIC_DEBUG=true, FORENSIC_EVENT_TRACE=true
debug_events.js:235 [debug_events.js] Build 200 geladen. window._uevt() verfügbar. Trace-Modus: window.FORENSIC_EVENT_TRACE = true
debug_events.js:241 [debug_events.js] Kill-Switches: window.FORENSIC_DEBUG=false (alles) | window.FORENSIC_EVENT_DEBUG=false (nur Events)
placeholder_chips.js:56 [forensic] placeholder_chips.js: window.PlaceholderChips exportiert
placeholder_wizard.js:75 [forensic] placeholder_wizard.js: window.PlaceholderWizard exportiert
module_panel.js:77 [forensic] module_panel.js: window.ModulePanel exportiert
annotation_sidebar.js:58 [forensic] annotation_sidebar.js: window.AnnotationSidebar exportiert
report_editor.js:112 [forensic] report_editor.js: Exports auf window gesetzt (Build wird async geladen)
userinfo.js:59 [userinfo.js] IIFE gestartet, readyState= interactive
userinfo.js:866 [userinfo.js] readyState=interactive — sofortiger Aufruf
userinfo.js:844 [userinfo.js] _onDOMReady() aufgerufen
userinfo.js:68 [forensic] DOMContentLoaded: userinfo.js aktiv
userinfo.js:68 [forensic] initEditor() gestartet
editor_bootstrap.js:53 [editor_bootstrap] bootstrap() gestartet
sse_layer.js:604 [SSELayer] SSELayer konstruiert
editor_bootstrap.js:53 [editor_bootstrap] SSELayer instanziiert
sse_layer.js:604 [SSELayer] connect() aufgerufen aus Zustand: UNINITIALIZED
sse_layer.js:604 [SSELayer] Zustandsübergang: UNINITIALIZED → CONNECTING
sse_layer.js:604 [SSELayer] EventSource öffnen: /_forensic/events?role=report
editor_bootstrap.js:53 [editor_bootstrap] ReportLayer instanziiert
editor_bootstrap.js:53 [editor_bootstrap] LockLayer instanziiert
editor_bootstrap.js:53 [editor_bootstrap] DocumentLayer instanziiert
sse_layer.js:348  GET http://127.0.0.2:8080/_forensic/events?role=report 409 (Conflict)
_openEventSource @ sse_layer.js:348
connect @ sse_layer.js:250
bootstrap @ editor_bootstrap.js:91
(anonymous) @ editor_bootstrap.js:276
(anonymous) @ editor_bootstrap.js:281
report_editor.js:3947 [forensic] report_editor.js: v0.6.298 Build 298 | Exports auf window gesetzt
sse_layer.js:604 [SSELayer] Preflight 409 — warte 6000 ms vor Retry
debug_events.js:216 [TRACE][USER] keyup → <body#report-editor-body>
favicon.ico:1  GET http://127.0.0.2:8080/favicon.ico 404 (Not Found)
debug_events.js:216 [TRACE][USER] keyup → <body#report-editor-body>
debug_events.js:216 [TRACE][USER] keyup → <body#report-editor-body>
sse_layer.js:604 [SSELayer] Preflight Retry nach Grace-Period
sse_layer.js:370  GET http://127.0.0.2:8080/_forensic/events?role=report 409 (Conflict)
(anonymous) @ sse_layer.js:370
setTimeout
(anonymous) @ sse_layer.js:367
Promise.then
(anonymous) @ sse_layer.js:356
Promise.then
_openEventSource @ sse_layer.js:354
connect @ sse_layer.js:250
bootstrap @ editor_bootstrap.js:91
(anonymous) @ editor_bootstrap.js:276
(anonymous) @ editor_bootstrap.js:281
sse_layer.js:604 [SSELayer] Duplikat-SSE erkannt: {duplicate: true, role: 'report', active_window_id: '31ed6f75-b5cf-43d8-9437-26fc16cf9423'}
sse_layer.js:604 [SSELayer] Zustandsübergang: CONNECTING → DUPLICATE
sse_layer.js:604 [SSELayer] BroadcastChannel: request_focus gesendet an 31ed6f75-b5cf-43d8-9437-26fc16cf9423
sse_layer.js:604 [SSELayer] Duplikat-Modal angezeigt (Rolle: report )
sse_layer.js:604 [SSELayer] ready-Timeout nach 10000 ms — fortfahren ohne client_id
report_layer.js:406 [ReportLayer] Zustandsübergang: UNINITIALIZED → IDLE
report_layer.js:406 [ReportLayer] ready — SSELayer ist bereit, ReportLayer in IDLE
lock_layer.js:718 [LockLayer] Zustandsübergang: UNINITIALIZED → IDLE
lock_layer.js:718 [LockLayer] ready — ReportLayer ist bereit, LockLayer in IDLE
document_layer.js:608 [DocumentLayer] ready — LockLayer ist bereit
editor_bootstrap.js:53 [editor_bootstrap] Alle Layer bereit
editor_bootstrap.js:53 [editor_bootstrap] bootstrap() abgeschlossen — alle Listener registriert
userinfo.js:649 [userinfo] initSSEWindow3: Paket 9 — SSELayer übernimmt. Stub.
report_editor.js:112 [forensic] initEditorModule() gestartet
report_editor.js:112 [forensic] _initSidebarAccordion() gestartet
report_editor.js:112 [forensic] _initColResizer: Schiebebalken initialisiert
report_editor.js:112 [forensic] _initForumLinkInterceptor: BroadcastChannel bereit
report_editor.js:112 [forensic] _initForumLinkInterceptor: aktiv (window_id= 59a2a885-94a0-4f9c-9cda-3f9a31326aad )
report_editor.js:112 [forensic] _initDragDrop: Drop-Zone registriert auf #editorjs-holder
report_editor.js:112 [forensic] initReportSelector() gestartet
report_editor.js:112 [forensic] loadReport() report_id= 1 type= interim
report_editor.js:112 [forensic] _loadReportImpl: Lock erwerben für Bericht 1
report_editor.js:112 [forensic] _loadReportImpl: reportLayer.open() für Bericht 1
report_layer.js:406 [ReportLayer] open() reportId= 1
report_layer.js:406 [ReportLayer] Zustandsübergang: IDLE → OPENING
report_layer.js:406 [ReportLayer] open(): kein SSE-Client — warte auf SSELayer.ready
report_layer.js:406 [ReportLayer] Zustandsübergang: OPENING → OPENED
lock_layer.js:718 [LockLayer] ReportLayer OPENED — prüfe sessionStorage auf lockId
report_layer.js:406 [ReportLayer] OPENED: report_id= 1
report_editor.js:112 [forensic] _loadReportImpl: Bloecke aus reportLayer ( 5 )
report_editor.js:642 report_editor.js: _knownBlockIds initialisiert, 5 Bloecke geladen.
report_editor.js:112 [forensic] _initEditorJs(): window.EditorJS= true
report_editor.js:112 [forensic] _initSidebarAccordion() gestartet
report_editor.js:1134 report_editor.js: Editor bereit, report_id= 1 | readOnly= true
placeholder_wizard.js:189 [PlaceholderWizard] showPlaceholderForm: blocks= 5 focusedId= O47wiTFR_l onSave= function myUsername= paul
report_editor.js:1319 report_editor.js: Initialisierungs-Guard freigegeben.
debug_events.js:216 [TRACE][USER] mousedown → <button>
debug_events.js:216 [TRACE][USER] focus → <button>
debug_events.js:216 [TRACE][USER] mouseup → <button>
debug_events.js:216 [TRACE][USER] click → <button>
debug_events.js:216 [TRACE][USER] blur → <button>
sse_layer.js:604 [SSELayer] Duplikat-Modal: Benutzer wählt "Trotzdem benutzen" — kein SSE.
debug_events.js:216 [TRACE][USER] mousedown → <span#report-lock-indicator.report-lock-indicator.report-lock-none>
debug_events.js:216 [TRACE][USER] mouseup → <span#report-lock-indicator.report-lock-indicator.report-lock-none>
debug_events.js:216 [TRACE][USER] click → <span#report-lock-indicator.report-lock-indicator.report-lock-none>
debug_events.js:162 [USER]     [userinfo] click:report-lock-indicator — Mouse
userinfo.js:1439 [userinfo] Lock-Indikator: Lock erwerben (manuell)
debug_events.js:216 [TRACE][USER] mousedown → <span#report-lock-indicator.report-lock-indicator.report-lock-none>
debug_events.js:216 [TRACE][USER] mouseup → <span#report-lock-indicator.report-lock-indicator.report-lock-none>
debug_events.js:216 [TRACE][USER] click → <span#report-lock-indicator.report-lock-indicator.report-lock-none>
debug_events.js:162 [USER]     [userinfo] click:report-lock-indicator — Mouse
userinfo.js:1439 [userinfo] Lock-Indikator: Lock erwerben (manuell)
debug_events.js:216 [TRACE][USER] mousedown → <span#report-lock-indicator.report-lock-indicator.report-lock-none>
debug_events.js:216 [TRACE][USER] mouseup → <span#report-lock-indicator.report-lock-indicator.report-lock-none>
debug_events.js:216 [TRACE][USER] click → <span#report-lock-indicator.report-lock-indicator.report-lock-none>
debug_events.js:162 [USER]     [userinfo] click:report-lock-indicator — Mouse
userinfo.js:1439 [userinfo] Lock-Indikator: Lock erwerben (manuell)
debug_events.js:216 [TRACE][USER] mousedown → <button#btn-refresh-placeholders.report-btn>
debug_events.js:216 [TRACE][USER] focus → <button#btn-refresh-placeholders.report-btn>
debug_events.js:216 [TRACE][USER] mouseup → <button#btn-refresh-placeholders.report-btn>
debug_events.js:216 [TRACE][USER] click → <button#btn-refresh-placeholders.report-btn>
debug_events.js:174 [USER]     [report_editor] click:btn-refresh-placeholders — Mouse
debug_events.js:216 [TRACE][USER] blur → <button#btn-refresh-placeholders.report-btn>
report_editor.js:112 [forensic] _reloadEditorContent(): Starte Neuladen fuer report_id= 1
report_editor.js:112 [forensic] _syncAnchoredFromInstances: 0 verankerte Annotationen
report_editor.js:112 [forensic] _resolveAutoPlaceholders: Block O47wiTFR_l enthält Auto-Chips
report_editor.js:112 [forensic] _reloadEditorContent(): Abgeschlossen. 5 Bloecke geladen.
report_editor.js:112 [forensic] _resolveAutoPlaceholders: Block oCHCBvopA_ enthält Auto-Chips
report_editor.js:112 [forensic] _initSidebarAccordion() gestartet
report_editor.js:1134 report_editor.js: Editor bereit, report_id= 1 | readOnly= true
report_editor.js:112 [forensic] _resolveAutoPlaceholders: Block ijjBIozKWn enthält Auto-Chips
placeholder_wizard.js:189 [PlaceholderWizard] showPlaceholderForm: blocks= 5 focusedId= O47wiTFR_l onSave= function myUsername= paul
report_editor.js:1319 report_editor.js: Initialisierungs-Guard freigegeben.
debug_events.js:216 [TRACE][USER] mousedown → <div.ce-paragraph.cdx-block>
debug_events.js:174 [USER]     [report_editor] mousedown:captureRange — Mouse
debug_events.js:216 [TRACE][USER] mouseup → <div.ce-paragraph.cdx-block>
debug_events.js:216 [TRACE][USER] click → <div.ce-paragraph.cdx-block>
debug_events.js:162 [USER]     [report_editor] click:ph-chip — Mouse
debug_events.js:162 [USER]     [report_editor] click:ph-chip — Mouse
debug_events.js:216 [TRACE][USER] keydown → <body#report-editor-body>
debug_events.js:216 [TRACE][USER] keydown → <body#report-editor-body>
Navigated to http://127.0.0.2:8080/_forensic/report
report:204 [web-debug] FORENSIC_DEBUG=true, FORENSIC_EVENT_TRACE=true
debug_events.js:235 [debug_events.js] Build 200 geladen. window._uevt() verfügbar. Trace-Modus: window.FORENSIC_EVENT_TRACE = true
debug_events.js:241 [debug_events.js] Kill-Switches: window.FORENSIC_DEBUG=false (alles) | window.FORENSIC_EVENT_DEBUG=false (nur Events)
placeholder_chips.js:56 [forensic] placeholder_chips.js: window.PlaceholderChips exportiert
placeholder_wizard.js:75 [forensic] placeholder_wizard.js: window.PlaceholderWizard exportiert
module_panel.js:77 [forensic] module_panel.js: window.ModulePanel exportiert
annotation_sidebar.js:58 [forensic] annotation_sidebar.js: window.AnnotationSidebar exportiert
report_editor.js:112 [forensic] report_editor.js: Exports auf window gesetzt (Build wird async geladen)
userinfo.js:59 [userinfo.js] IIFE gestartet, readyState= interactive
userinfo.js:866 [userinfo.js] readyState=interactive — sofortiger Aufruf
userinfo.js:844 [userinfo.js] _onDOMReady() aufgerufen
userinfo.js:68 [forensic] DOMContentLoaded: userinfo.js aktiv
userinfo.js:68 [forensic] initEditor() gestartet
editor_bootstrap.js:53 [editor_bootstrap] bootstrap() gestartet
sse_layer.js:604 [SSELayer] SSELayer konstruiert
editor_bootstrap.js:53 [editor_bootstrap] SSELayer instanziiert
sse_layer.js:604 [SSELayer] connect() aufgerufen aus Zustand: UNINITIALIZED
sse_layer.js:604 [SSELayer] Zustandsübergang: UNINITIALIZED → CONNECTING
sse_layer.js:604 [SSELayer] EventSource öffnen: /_forensic/events?role=report
editor_bootstrap.js:53 [editor_bootstrap] ReportLayer instanziiert
editor_bootstrap.js:53 [editor_bootstrap] LockLayer instanziiert
editor_bootstrap.js:53 [editor_bootstrap] DocumentLayer instanziiert
sse_layer.js:604 [SSELayer] EventSource direkt öffnen (Preflight OK): /_forensic/events?role=report
report_editor.js:3947 [forensic] report_editor.js: v0.6.298 Build 298 | Exports auf window gesetzt
sse_layer.js:604 [SSELayer] client_id empfangen: ebc8d7f8-3c39-4842-941f-7b776b7ec006 Zustand vorher: CONNECTING
sse_layer.js:604 [SSELayer] Zustandsübergang: CONNECTING → CONNECTED
report_layer.js:406 [ReportLayer] Zustandsübergang: UNINITIALIZED → IDLE
report_layer.js:406 [ReportLayer] ready — SSELayer ist bereit, ReportLayer in IDLE
lock_layer.js:718 [LockLayer] Zustandsübergang: UNINITIALIZED → IDLE
lock_layer.js:718 [LockLayer] ready — ReportLayer ist bereit, LockLayer in IDLE
document_layer.js:608 [DocumentLayer] ready — LockLayer ist bereit
editor_bootstrap.js:53 [editor_bootstrap] Alle Layer bereit
editor_bootstrap.js:53 [editor_bootstrap] bootstrap() abgeschlossen — alle Listener registriert
userinfo.js:649 [userinfo] initSSEWindow3: Paket 9 — SSELayer übernimmt. Stub.
report_editor.js:112 [forensic] initEditorModule() gestartet
report_editor.js:112 [forensic] _initSidebarAccordion() gestartet
report_editor.js:112 [forensic] _initColResizer: Schiebebalken initialisiert
report_editor.js:112 [forensic] _initForumLinkInterceptor: BroadcastChannel bereit
report_editor.js:112 [forensic] _initForumLinkInterceptor: aktiv (window_id= 897ea1ea-c945-4709-9ab9-74fd6662744c )
report_editor.js:112 [forensic] _initDragDrop: Drop-Zone registriert auf #editorjs-holder
report_editor.js:112 [forensic] initReportSelector() gestartet
report_editor.js:112 [forensic] loadReport() report_id= 1 type= interim
report_editor.js:112 [forensic] _loadReportImpl: Lock erwerben für Bericht 1
report_editor.js:112 [forensic] _loadReportImpl: reportLayer.open() für Bericht 1
report_layer.js:406 [ReportLayer] open() reportId= 1
report_layer.js:406 [ReportLayer] Zustandsübergang: IDLE → OPENING
debug_events.js:216 [TRACE][USER] keyup → <body#report-editor-body>
report_layer.js:406 [ReportLayer] Zustandsübergang: OPENING → OPENED
lock_layer.js:718 [LockLayer] ReportLayer OPENED — prüfe sessionStorage auf lockId
report_layer.js:406 [ReportLayer] OPENED: report_id= 1
lock_layer.js:718 [LockLayer] Zustandsübergang: IDLE → ACQUIRING
lock_layer.js:718 [LockLayer] Zustandsübergang: ACQUIRING → MINE
editor_bootstrap.js:53 [editor_bootstrap] LockLayer acquired: lockId= 0e808f95-8762-4930-8049-7fe1cf05b103
lock_layer.js:718 [LockLayer] MINE: lock_id= 0e808f95-8762-4930-8049-7fe1cf05b103
report_editor.js:112 [forensic] _loadReportImpl: Bloecke aus reportLayer ( 5 )
report_editor.js:642 report_editor.js: _knownBlockIds initialisiert, 5 Bloecke geladen.
report_editor.js:112 [forensic] _initEditorJs(): window.EditorJS= true
report_editor.js:112 [forensic] _initSidebarAccordion() gestartet
report_editor.js:1134 report_editor.js: Editor bereit, report_id= 1 | readOnly= false
placeholder_wizard.js:189 [PlaceholderWizard] showPlaceholderForm: blocks= 5 focusedId= O47wiTFR_l onSave= function myUsername= paul
report_editor.js:1319 report_editor.js: Initialisierungs-Guard freigegeben.
debug_events.js:216 [TRACE][USER] mousedown → <button#btn-refresh-placeholders.report-btn>
debug_events.js:216 [TRACE][USER] focus → <button#btn-refresh-placeholders.report-btn>
debug_events.js:216 [TRACE][USER] mouseup → <button#btn-refresh-placeholders.report-btn>
debug_events.js:216 [TRACE][USER] click → <button#btn-refresh-placeholders.report-btn>
debug_events.js:174 [USER]     [report_editor] click:btn-refresh-placeholders — Mouse
debug_events.js:216 [TRACE][USER] blur → <button#btn-refresh-placeholders.report-btn>
report_editor.js:112 [forensic] _reloadEditorContent(): Starte Neuladen fuer report_id= 1
report_editor.js:112 [forensic] _syncAnchoredFromInstances: 0 verankerte Annotationen
report_editor.js:112 [forensic] _resolveAutoPlaceholders: Block O47wiTFR_l enthält Auto-Chips
report_editor.js:112 [forensic] _reloadEditorContent(): Abgeschlossen. 5 Bloecke geladen.
report_editor.js:112 [forensic] _resolveAutoPlaceholders: Block oCHCBvopA_ enthält Auto-Chips
report_editor.js:112 [forensic] _resolveAutoPlaceholders: Block ijjBIozKWn enthält Auto-Chips
report_editor.js:112 [forensic] _initSidebarAccordion() gestartet
report_editor.js:1134 report_editor.js: Editor bereit, report_id= 1 | readOnly= false
placeholder_wizard.js:189 [PlaceholderWizard] showPlaceholderForm: blocks= 5 focusedId= O47wiTFR_l onSave= function myUsername= paul
report_editor.js:1319 report_editor.js: Initialisierungs-Guard freigegeben.
debug_events.js:216 [TRACE][USER] mousedown → <div.ce-paragraph.cdx-block>
debug_events.js:174 [USER]     [report_editor] mousedown:captureRange — Mouse
debug_events.js:216 [TRACE][USER] focus → <div.ce-paragraph.cdx-block>
debug_events.js:216 [TRACE][USER] mouseup → <div.ce-paragraph.cdx-block>
debug_events.js:216 [TRACE][USER] click → <div.ce-paragraph.cdx-block>
debug_events.js:162 [USER]     [report_editor] click:ph-chip — Mouse
debug_events.js:162 [USER]     [report_editor] click:ph-chip — Mouse
debug_events.js:216 [TRACE][USER] keydown → <div.ce-paragraph.cdx-block>
debug_events.js:216 [TRACE][USER] keyup → <div.ce-paragraph.cdx-block>
debug_events.js:174 [USER]     [report_editor] keyup:captureRange — Keyboard
report_editor.js:1166 [forensic] _captureRange: alt= null → neu: blockId= oCHCBvopA_ blockIdx= 2 startOffset= 12
debug_events.js:216 [TRACE][USER] keydown → <div.ce-paragraph.cdx-block>
debug_events.js:216 [TRACE][USER] keyup → <div.ce-paragraph.cdx-block>
debug_events.js:174 [USER]     [report_editor] keyup:captureRange — Keyboard
report_editor.js:1166 [forensic] _captureRange: alt= blockId=oCHCBvopA_ offset=12 → neu: blockId= oCHCBvopA_ blockIdx= 2 startOffset= 13
debug_events.js:216 [TRACE][USER] keydown → <div.ce-paragraph.cdx-block>
debug_events.js:216 [TRACE][USER] keyup → <div.ce-paragraph.cdx-block>
debug_events.js:174 [USER]     [report_editor] keyup:captureRange — Keyboard
report_editor.js:1166 [forensic] _captureRange: alt= blockId=oCHCBvopA_ offset=13 → neu: blockId= oCHCBvopA_ blockIdx= 2 startOffset= 14
debug_events.js:216 [TRACE][USER] keydown → <div.ce-paragraph.cdx-block>
debug_events.js:216 [TRACE][USER] keyup → <div.ce-paragraph.cdx-block>
debug_events.js:174 [USER]     [report_editor] keyup:captureRange — Keyboard
report_editor.js:1166 [forensic] _captureRange: alt= blockId=oCHCBvopA_ offset=14 → neu: blockId= oCHCBvopA_ blockIdx= 2 startOffset= 17
debug_events.js:216 [TRACE][USER] keydown → <div.ce-paragraph.cdx-block>
debug_events.js:216 [TRACE][USER] blur → <div.ce-paragraph.cdx-block>
debug_events.js:216 [TRACE][USER] focus → <div.evidence-label-input>
debug_events.js:216 [TRACE][USER] keyup → <div.evidence-label-input>
debug_events.js:174 [USER]     [report_editor] keyup:captureRange — Keyboard
report_editor.js:1166 [forensic] _captureRange: alt= blockId=oCHCBvopA_ offset=17 → neu: blockId= PSnO2XY66E blockIdx= 3 startOffset= 0
debug_events.js:216 [TRACE][USER] keydown → <div.evidence-label-input>
debug_events.js:216 [TRACE][USER] keyup → <div.evidence-label-input>
debug_events.js:174 [USER]     [report_editor] keyup:captureRange — Keyboard
report_editor.js:1166 [forensic] _captureRange: alt= blockId=PSnO2XY66E offset=0 → neu: blockId= PSnO2XY66E blockIdx= 3 startOffset= 1
debug_events.js:216 [TRACE][USER] keydown → <div.evidence-label-input>
debug_events.js:216 [TRACE][USER] keyup → <div.evidence-label-input>
debug_events.js:174 [USER]     [report_editor] keyup:captureRange — Keyboard
report_editor.js:1166 [forensic] _captureRange: alt= blockId=PSnO2XY66E offset=1 → neu: blockId= PSnO2XY66E blockIdx= 3 startOffset= 2
debug_events.js:216 [TRACE][USER] keydown → <div.evidence-label-input>
debug_events.js:216 [TRACE][USER] keyup → <div.evidence-label-input>
debug_events.js:174 [USER]     [report_editor] keyup:captureRange — Keyboard
report_editor.js:1166 [forensic] _captureRange: alt= blockId=PSnO2XY66E offset=2 → neu: blockId= PSnO2XY66E blockIdx= 3 startOffset= 3
debug_events.js:216 [TRACE][USER] keydown → <div.evidence-label-input>
debug_events.js:216 [TRACE][USER] keyup → <div.evidence-label-input>
debug_events.js:174 [USER]     [report_editor] keyup:captureRange — Keyboard
report_editor.js:1166 [forensic] _captureRange: alt= blockId=PSnO2XY66E offset=3 → neu: blockId= PSnO2XY66E blockIdx= 3 startOffset= 4
debug_events.js:216 [TRACE][USER] keydown → <div.evidence-label-input>
debug_events.js:216 [TRACE][USER] keyup → <div.evidence-label-input>
debug_events.js:174 [USER]     [report_editor] keyup:captureRange — Keyboard
report_editor.js:1166 [forensic] _captureRange: alt= blockId=PSnO2XY66E offset=4 → neu: blockId= PSnO2XY66E blockIdx= 3 startOffset= 5
debug_events.js:216 [TRACE][USER] keydown → <div.evidence-label-input>
debug_events.js:216 [TRACE][USER] blur → <div.evidence-label-input>
debug_events.js:216 [TRACE][USER] focus → <div.ce-paragraph.cdx-block>
debug_events.js:216 [TRACE][USER] keyup → <div.ce-paragraph.cdx-block>
debug_events.js:174 [USER]     [report_editor] keyup:captureRange — Keyboard
report_editor.js:1166 [forensic] _captureRange: alt= blockId=PSnO2XY66E offset=5 → neu: blockId= ijjBIozKWn blockIdx= 4 startOffset= 0
debug_events.js:216 [TRACE][USER] keydown → <div.ce-paragraph.cdx-block>
debug_events.js:216 [TRACE][USER] keyup → <div.ce-paragraph.cdx-block>
debug_events.js:174 [USER]     [report_editor] keyup:captureRange — Keyboard
report_editor.js:1166 [forensic] _captureRange: alt= blockId=ijjBIozKWn offset=0 → neu: blockId= ijjBIozKWn blockIdx= 4 startOffset= 1
debug_events.js:216 [TRACE][USER] keydown → <div.ce-paragraph.cdx-block>
debug_events.js:216 [TRACE][USER] keyup → <div.ce-paragraph.cdx-block>
debug_events.js:174 [USER]     [report_editor] keyup:captureRange — Keyboard
report_editor.js:1166 [forensic] _captureRange: alt= blockId=ijjBIozKWn offset=1 → neu: blockId= ijjBIozKWn blockIdx= 4 startOffset= 2
debug_events.js:216 [TRACE][USER] keydown → <div.ce-paragraph.cdx-block>
debug_events.js:216 [TRACE][USER] keyup → <div.ce-paragraph.cdx-block>
debug_events.js:174 [USER]     [report_editor] keyup:captureRange — Keyboard
report_editor.js:1166 [forensic] _captureRange: alt= blockId=ijjBIozKWn offset=2 → neu: blockId= ijjBIozKWn blockIdx= 4 startOffset= 1
debug_events.js:216 [TRACE][USER] keydown → <div.ce-paragraph.cdx-block>
debug_events.js:216 [TRACE][USER] keyup → <div.ce-paragraph.cdx-block>
debug_events.js:174 [USER]     [report_editor] keyup:captureRange — Keyboard
report_editor.js:1166 [forensic] _captureRange: alt= blockId=ijjBIozKWn offset=1 → neu: blockId= ijjBIozKWn blockIdx= 4 startOffset= 0
debug_events.js:216 [TRACE][USER] keydown → <div.ce-paragraph.cdx-block>
debug_events.js:216 [TRACE][USER] blur → <div.ce-paragraph.cdx-block>
debug_events.js:216 [TRACE][USER] focus → <div.evidence-label-input>
debug_events.js:216 [TRACE][USER] keyup → <div.evidence-label-input>
debug_events.js:174 [USER]     [report_editor] keyup:captureRange — Keyboard
report_editor.js:1166 [forensic] _captureRange: alt= blockId=ijjBIozKWn offset=0 → neu: blockId= PSnO2XY66E blockIdx= 3 startOffset= 1
debug_events.js:216 [TRACE][USER] keydown → <div.evidence-label-input>
debug_events.js:216 [TRACE][USER] keyup → <div.evidence-label-input>
debug_events.js:174 [USER]     [report_editor] keyup:captureRange — Keyboard
report_editor.js:1166 [forensic] _captureRange: alt= blockId=PSnO2XY66E offset=1 → neu: blockId= PSnO2XY66E blockIdx= 3 startOffset= 4
debug_events.js:216 [TRACE][USER] keydown → <div.evidence-label-input>
debug_events.js:216 [TRACE][USER] keyup → <div.evidence-label-input>
debug_events.js:174 [USER]     [report_editor] keyup:captureRange — Keyboard
report_editor.js:1166 [forensic] _captureRange: alt= blockId=PSnO2XY66E offset=4 → neu: blockId= PSnO2XY66E blockIdx= 3 startOffset= 3
debug_events.js:216 [TRACE][USER] keydown → <div.evidence-label-input>
debug_events.js:216 [TRACE][USER] keyup → <div.evidence-label-input>
debug_events.js:174 [USER]     [report_editor] keyup:captureRange — Keyboard
report_editor.js:1166 [forensic] _captureRange: alt= blockId=PSnO2XY66E offset=3 → neu: blockId= PSnO2XY66E blockIdx= 3 startOffset= 2
debug_events.js:216 [TRACE][USER] keydown → <div.evidence-label-input>
debug_events.js:216 [TRACE][USER] keyup → <div.evidence-label-input>
debug_events.js:174 [USER]     [report_editor] keyup:captureRange — Keyboard
report_editor.js:1166 [forensic] _captureRange: alt= blockId=PSnO2XY66E offset=2 → neu: blockId= PSnO2XY66E blockIdx= 3 startOffset= 1
debug_events.js:216 [TRACE][USER] keydown → <div.evidence-label-input>
debug_events.js:216 [TRACE][USER] keyup → <div.evidence-label-input>
debug_events.js:174 [USER]     [report_editor] keyup:captureRange — Keyboard
report_editor.js:1166 [forensic] _captureRange: alt= blockId=PSnO2XY66E offset=1 → neu: blockId= PSnO2XY66E blockIdx= 3 startOffset= 0
debug_events.js:216 [TRACE][USER] keydown → <div.evidence-label-input>
debug_events.js:216 [TRACE][USER] blur → <div.evidence-label-input>
debug_events.js:216 [TRACE][USER] focus → <div.ce-paragraph.cdx-block>
debug_events.js:216 [TRACE][USER] keyup → <div.ce-paragraph.cdx-block>
debug_events.js:174 [USER]     [report_editor] keyup:captureRange — Keyboard
report_editor.js:1166 [forensic] _captureRange: alt= blockId=PSnO2XY66E offset=0 → neu: blockId= oCHCBvopA_ blockIdx= 2 startOffset= 17
debug_events.js:216 [TRACE][USER] keydown → <div.ce-paragraph.cdx-block>
debug_events.js:216 [TRACE][USER] keyup → <div.ce-paragraph.cdx-block>
debug_events.js:174 [USER]     [report_editor] keyup:captureRange — Keyboard
report_editor.js:1166 [forensic] _captureRange: alt= blockId=oCHCBvopA_ offset=17 → neu: blockId= oCHCBvopA_ blockIdx= 2 startOffset= 14
debug_events.js:216 [TRACE][USER] keydown → <div.ce-paragraph.cdx-block>
debug_events.js:216 [TRACE][USER] keyup → <div.ce-paragraph.cdx-block>
debug_events.js:174 [USER]     [report_editor] keyup:captureRange — Keyboard
report_editor.js:1166 [forensic] _captureRange: alt= blockId=oCHCBvopA_ offset=14 → neu: blockId= oCHCBvopA_ blockIdx= 2 startOffset= 13
debug_events.js:216 [TRACE][USER] keydown → <div.ce-paragraph.cdx-block>
debug_events.js:216 [TRACE][USER] keyup → <div.ce-paragraph.cdx-block>
debug_events.js:174 [USER]     [report_editor] keyup:captureRange — Keyboard
report_editor.js:1166 [forensic] _captureRange: alt= blockId=oCHCBvopA_ offset=13 → neu: blockId= oCHCBvopA_ blockIdx= 2 startOffset= 12
debug_events.js:216 [TRACE][USER] keydown → <div.ce-paragraph.cdx-block>
debug_events.js:216 [TRACE][USER] keyup → <div.ce-paragraph.cdx-block>
debug_events.js:174 [USER]     [report_editor] keyup:captureRange — Keyboard
report_editor.js:1166 [forensic] _captureRange: alt= blockId=oCHCBvopA_ offset=12 → neu: blockId= oCHCBvopA_ blockIdx= 2 startOffset= 13
debug_events.js:216 [TRACE][USER] keydown → <div.ce-paragraph.cdx-block>
debug_events.js:216 [TRACE][USER] keyup → <div.ce-paragraph.cdx-block>
debug_events.js:174 [USER]     [report_editor] keyup:captureRange — Keyboard
report_editor.js:1166 [forensic] _captureRange: alt= blockId=oCHCBvopA_ offset=13 → neu: blockId= oCHCBvopA_ blockIdx= 2 startOffset= 14
debug_events.js:216 [TRACE][USER] keydown → <div.ce-paragraph.cdx-block>
debug_events.js:216 [TRACE][USER] keyup → <div.ce-paragraph.cdx-block>
debug_events.js:174 [USER]     [report_editor] keyup:captureRange — Keyboard
report_editor.js:1166 [forensic] _captureRange: alt= blockId=oCHCBvopA_ offset=14 → neu: blockId= oCHCBvopA_ blockIdx= 2 startOffset= 17
debug_events.js:216 [TRACE][USER] keydown → <div.ce-paragraph.cdx-block>
debug_events.js:216 [TRACE][USER] blur → <div.ce-paragraph.cdx-block>
debug_events.js:216 [TRACE][USER] focus → <div.evidence-label-input>
debug_events.js:216 [TRACE][USER] keyup → <div.evidence-label-input>
debug_events.js:174 [USER]     [report_editor] keyup:captureRange — Keyboard
report_editor.js:1166 [forensic] _captureRange: alt= blockId=oCHCBvopA_ offset=17 → neu: blockId= PSnO2XY66E blockIdx= 3 startOffset= 0
debug_events.js:216 [TRACE][USER] keydown → <div.evidence-label-input>
debug_events.js:216 [TRACE][USER] keyup → <div.evidence-label-input>
debug_events.js:174 [USER]     [report_editor] keyup:captureRange — Keyboard
report_editor.js:1166 [forensic] _captureRange: alt= blockId=PSnO2XY66E offset=0 → neu: blockId= PSnO2XY66E blockIdx= 3 startOffset= 1
debug_events.js:216 [TRACE][USER] keydown → <div.evidence-label-input>
debug_events.js:216 [TRACE][USER] keyup → <div.evidence-label-input>
debug_events.js:174 [USER]     [report_editor] keyup:captureRange — Keyboard
report_editor.js:1166 [forensic] _captureRange: alt= blockId=PSnO2XY66E offset=1 → neu: blockId= PSnO2XY66E blockIdx= 3 startOffset= 2
debug_events.js:216 [TRACE][USER] keydown → <div.evidence-label-input>
debug_events.js:216 [TRACE][USER] keyup → <div.evidence-label-input>
debug_events.js:174 [USER]     [report_editor] keyup:captureRange — Keyboard
report_editor.js:1166 [forensic] _captureRange: alt= blockId=PSnO2XY66E offset=2 → neu: blockId= PSnO2XY66E blockIdx= 3 startOffset= 3
debug_events.js:216 [TRACE][USER] keydown → <div.evidence-label-input>
debug_events.js:216 [TRACE][USER] keyup → <div.evidence-label-input>
debug_events.js:174 [USER]     [report_editor] keyup:captureRange — Keyboard
report_editor.js:1166 [forensic] _captureRange: alt= blockId=PSnO2XY66E offset=3 → neu: blockId= PSnO2XY66E blockIdx= 3 startOffset= 4
debug_events.js:216 [TRACE][USER] keydown → <div.evidence-label-input>
debug_events.js:216 [TRACE][USER] keyup → <div.evidence-label-input>
debug_events.js:174 [USER]     [report_editor] keyup:captureRange — Keyboard
report_editor.js:1166 [forensic] _captureRange: alt= blockId=PSnO2XY66E offset=4 → neu: blockId= PSnO2XY66E blockIdx= 3 startOffset= 5
debug_events.js:216 [TRACE][USER] keydown → <div.evidence-label-input>
debug_events.js:216 [TRACE][USER] blur → <div.evidence-label-input>
debug_events.js:216 [TRACE][USER] focus → <div.ce-paragraph.cdx-block>
debug_events.js:216 [TRACE][USER] keyup → <div.ce-paragraph.cdx-block>
debug_events.js:174 [USER]     [report_editor] keyup:captureRange — Keyboard
report_editor.js:1166 [forensic] _captureRange: alt= blockId=PSnO2XY66E offset=5 → neu: blockId= ijjBIozKWn blockIdx= 4 startOffset= 0
debug_events.js:216 [TRACE][USER] keydown → <div.ce-paragraph.cdx-block>
debug_events.js:216 [TRACE][USER] keyup → <div.ce-paragraph.cdx-block>
debug_events.js:174 [USER]     [report_editor] keyup:captureRange — Keyboard
report_editor.js:1166 [forensic] _captureRange: alt= blockId=ijjBIozKWn offset=0 → neu: blockId= ijjBIozKWn blockIdx= 4 startOffset= 1
debug_events.js:216 [TRACE][USER] keydown → <div.ce-paragraph.cdx-block>
debug_events.js:216 [TRACE][USER] keyup → <div.ce-paragraph.cdx-block>
debug_events.js:174 [USER]     [report_editor] keyup:captureRange — Keyboard
report_editor.js:1166 [forensic] _captureRange: alt= blockId=ijjBIozKWn offset=1 → neu: blockId= ijjBIozKWn blockIdx= 4 startOffset= 2
debug_events.js:216 [TRACE][USER] keydown → <div.ce-paragraph.cdx-block>
debug_events.js:216 [TRACE][USER] keyup → <div.ce-paragraph.cdx-block>
debug_events.js:174 [USER]     [report_editor] keyup:captureRange — Keyboard
report_editor.js:1166 [forensic] _captureRange: alt= blockId=ijjBIozKWn offset=2 → neu: blockId= ijjBIozKWn blockIdx= 4 startOffset= 3
debug_events.js:216 [TRACE][USER] keydown → <div.ce-paragraph.cdx-block>
debug_events.js:174 [USER]     [report_editor] keydown:captureRange — Keyboard
report_editor.js:1166 [forensic] _captureRange: alt= blockId=ijjBIozKWn offset=3 → neu: blockId= ijjBIozKWn blockIdx= 4 startOffset= 3
debug_events.js:216 [TRACE][USER] keydown → <div.ce-paragraph.cdx-block>
debug_events.js:174 [USER]     [report_editor] keydown:captureRange — Keyboard
report_editor.js:1166 [forensic] _captureRange: alt= blockId=ijjBIozKWn offset=3 → neu: blockId= ijjBIozKWn blockIdx= 4 startOffset= 3
debug_events.js:216 [TRACE][USER] keyup → <div.ce-paragraph.cdx-block>
debug_events.js:174 [USER]     [report_editor] keyup:captureRange — Keyboard
report_editor.js:1166 [forensic] _captureRange: alt= blockId=ijjBIozKWn offset=3 → neu: blockId= ijjBIozKWn blockIdx= 4 startOffset= 0
debug_events.js:216 [TRACE][USER] keydown → <div.ce-paragraph.cdx-block>
debug_events.js:216 [TRACE][USER] blur → <div.ce-paragraph.cdx-block>
debug_events.js:216 [TRACE][USER] focus → <div.evidence-label-input>
debug_events.js:174 [USER]     [report_editor] keydown:captureRange — Keyboard
report_editor.js:1166 [forensic] _captureRange: alt= blockId=ijjBIozKWn offset=0 → neu: blockId= PSnO2XY66E blockIdx= 3 startOffset= 5
debug_events.js:216 [TRACE][USER] keyup → <div.evidence-label-input>
debug_events.js:174 [USER]     [report_editor] keyup:captureRange — Keyboard
report_editor.js:1166 [forensic] _captureRange: alt= blockId=PSnO2XY66E offset=5 → neu: blockId= PSnO2XY66E blockIdx= 3 startOffset= 5
debug_events.js:216 [TRACE][USER] keyup → <div.evidence-label-input>
debug_events.js:174 [USER]     [report_editor] keyup:captureRange — Keyboard
report_editor.js:1166 [forensic] _captureRange: alt= blockId=PSnO2XY66E offset=5 → neu: blockId= PSnO2XY66E blockIdx= 3 startOffset= 5
debug_events.js:216 [TRACE][USER] keydown → <div.evidence-label-input>
debug_events.js:216 [TRACE][USER] keyup → <div.evidence-label-input>
debug_events.js:174 [USER]     [report_editor] keyup:captureRange — Keyboard
report_editor.js:1166 [forensic] _captureRange: alt= blockId=PSnO2XY66E offset=5 → neu: blockId= PSnO2XY66E blockIdx= 3 startOffset= 0
debug_events.js:216 [TRACE][USER] keydown → <div.evidence-label-input>
debug_events.js:216 [TRACE][USER] keyup → <div.evidence-label-input>
debug_events.js:174 [USER]     [report_editor] keyup:captureRange — Keyboard
report_editor.js:1166 [forensic] _captureRange: alt= blockId=PSnO2XY66E offset=0 → neu: blockId= PSnO2XY66E blockIdx= 3 startOffset= 5
debug_events.js:216 [TRACE][USER] keydown → <div.evidence-label-input>
debug_events.js:216 [TRACE][USER] keyup → <div.evidence-label-input>
debug_events.js:174 [USER]     [report_editor] keyup:captureRange — Keyboard
report_editor.js:1166 [forensic] _captureRange: alt= blockId=PSnO2XY66E offset=5 → neu: blockId= PSnO2XY66E blockIdx= 3 startOffset= 0
debug_events.js:216 [TRACE][USER] keydown → <div.evidence-label-input>
debug_events.js:216 [TRACE][USER] blur → <div.evidence-label-input>
debug_events.js:216 [TRACE][USER] focus → <div.ce-paragraph.cdx-block>
debug_events.js:216 [TRACE][USER] keyup → <div.ce-paragraph.cdx-block>
debug_events.js:174 [USER]     [report_editor] keyup:captureRange — Keyboard
report_editor.js:1166 [forensic] _captureRange: alt= blockId=PSnO2XY66E offset=0 → neu: blockId= oCHCBvopA_ blockIdx= 2 startOffset= 17
debug_events.js:216 [TRACE][USER] keydown → <div.ce-paragraph.cdx-block>
debug_events.js:216 [TRACE][USER] blur → <div.ce-paragraph.cdx-block>
debug_events.js:216 [TRACE][USER] focus → <div.evidence-label-input>
debug_events.js:216 [TRACE][USER] keyup → <div.evidence-label-input>
debug_events.js:174 [USER]     [report_editor] keyup:captureRange — Keyboard
report_editor.js:1166 [forensic] _captureRange: alt= blockId=oCHCBvopA_ offset=17 → neu: blockId= PSnO2XY66E blockIdx= 3 startOffset= 0
debug_events.js:216 [TRACE][USER] keydown → <div.evidence-label-input>
debug_events.js:216 [TRACE][USER] keyup → <div.evidence-label-input>
debug_events.js:174 [USER]     [report_editor] keyup:captureRange — Keyboard
report_editor.js:1166 [forensic] _captureRange: alt= blockId=PSnO2XY66E offset=0 → neu: blockId= PSnO2XY66E blockIdx= 3 startOffset= 5
debug_events.js:216 [TRACE][USER] keydown → <div.evidence-label-input>
debug_events.js:216 [TRACE][USER] blur → <div.evidence-label-input>
debug_events.js:216 [TRACE][USER] focus → <div.ce-paragraph.cdx-block>
debug_events.js:216 [TRACE][USER] keyup → <div.ce-paragraph.cdx-block>
debug_events.js:174 [USER]     [report_editor] keyup:captureRange — Keyboard
report_editor.js:1166 [forensic] _captureRange: alt= blockId=PSnO2XY66E offset=5 → neu: blockId= ijjBIozKWn blockIdx= 4 startOffset= 0
debug_events.js:216 [TRACE][USER] keydown → <div.ce-paragraph.cdx-block>
debug_events.js:216 [TRACE][USER] blur → <div.ce-paragraph.cdx-block>
debug_events.js:216 [TRACE][USER] focus → <div.evidence-label-input>
debug_events.js:216 [TRACE][USER] keyup → <div.evidence-label-input>
debug_events.js:174 [USER]     [report_editor] keyup:captureRange — Keyboard
report_editor.js:1166 [forensic] _captureRange: alt= blockId=ijjBIozKWn offset=0 → neu: blockId= PSnO2XY66E blockIdx= 3 startOffset= 1
debug_events.js:216 [TRACE][USER] keydown → <div.evidence-label-input>
debug_events.js:216 [TRACE][USER] keyup → <div.evidence-label-input>
debug_events.js:174 [USER]     [report_editor] keyup:captureRange — Keyboard
report_editor.js:1166 [forensic] _captureRange: alt= blockId=PSnO2XY66E offset=1 → neu: blockId= PSnO2XY66E blockIdx= 3 startOffset= 0
debug_events.js:216 [TRACE][USER] keydown → <div.evidence-label-input>
debug_events.js:216 [TRACE][USER] blur → <div.evidence-label-input>
debug_events.js:216 [TRACE][USER] focus → <div.ce-paragraph.cdx-block>
debug_events.js:216 [TRACE][USER] keyup → <div.ce-paragraph.cdx-block>
debug_events.js:174 [USER]     [report_editor] keyup:captureRange — Keyboard
report_editor.js:1166 [forensic] _captureRange: alt= blockId=PSnO2XY66E offset=0 → neu: blockId= oCHCBvopA_ blockIdx= 2 startOffset= 17
debug_events.js:216 [TRACE][USER] keydown → <div.ce-paragraph.cdx-block>
debug_events.js:216 [TRACE][USER] keyup → <div.ce-paragraph.cdx-block>
debug_events.js:174 [USER]     [report_editor] keyup:captureRange — Keyboard
report_editor.js:1166 [forensic] _captureRange: alt= blockId=oCHCBvopA_ offset=17 → neu: blockId= oCHCBvopA_ blockIdx= 2 startOffset= 0
debug_events.js:216 [TRACE][USER] mousedown → <span.ph-chip.ph-chip-mandatory.ph-chip-empty>
debug_events.js:174 [USER]     [report_editor] mousedown:captureRange — Mouse
report_editor.js:1166 [forensic] _captureRange: alt= blockId=oCHCBvopA_ offset=0 → neu: blockId= oCHCBvopA_ blockIdx= 2 startOffset= 0
debug_events.js:216 [TRACE][USER] blur → <div.ce-paragraph.cdx-block>
debug_events.js:216 [TRACE][USER] focus → <div.ce-paragraph.cdx-block>
debug_events.js:216 [TRACE][USER] mouseup → <span.ph-chip.ph-chip-mandatory.ph-chip-empty>
debug_events.js:216 [TRACE][USER] click → <span.ph-chip.ph-chip-mandatory.ph-chip-empty>
debug_events.js:162 [USER]     [report_editor] click:ph-chip — Mouse
debug_events.js:162 [USER]     [report_editor] click:ph-chip — Mouse
debug_events.js:216 [TRACE][USER] mousedown → <span.ph-chip.ph-chip-mandatory.ph-chip-empty>
debug_events.js:174 [USER]     [report_editor] mousedown:captureRange — Mouse
report_editor.js:1166 [forensic] _captureRange: alt= blockId=oCHCBvopA_ offset=0 → neu: blockId= oCHCBvopA_ blockIdx= 2 startOffset= 0
debug_events.js:216 [TRACE][USER] mouseup → <span.ph-chip.ph-chip-mandatory.ph-chip-empty>
debug_events.js:216 [TRACE][USER] click → <span.ph-chip.ph-chip-mandatory.ph-chip-empty>
debug_events.js:162 [USER]     [report_editor] click:ph-chip — Mouse
debug_events.js:162 [USER]     [report_editor] click:ph-chip — Mouse
debug_events.js:216 [TRACE][USER] mousedown → <span.ph-chip.ph-chip-mandatory.ph-chip-empty>
debug_events.js:174 [USER]     [report_editor] mousedown:captureRange — Mouse
report_editor.js:1166 [forensic] _captureRange: alt= blockId=oCHCBvopA_ offset=0 → neu: blockId= oCHCBvopA_ blockIdx= 2 startOffset= 0
debug_events.js:216 [TRACE][USER] mouseup → <span.ph-chip.ph-chip-mandatory.ph-chip-empty>
debug_events.js:216 [TRACE][USER] click → <span.ph-chip.ph-chip-mandatory.ph-chip-empty>
debug_events.js:162 [USER]     [report_editor] click:ph-chip — Mouse
debug_events.js:162 [USER]     [report_editor] click:ph-chip — Mouse
debug_events.js:216 [TRACE][USER] dblclick → <span.ph-chip.ph-chip-mandatory.ph-chip-empty>
debug_events.js:174 [USER]     [report_editor] dblclick:ph-chip — Mouse
report_editor.js:1901 report_editor.js: Chip-Doppelklick: anlage1 m
placeholder_wizard.js:623 [PlaceholderWizard] openAtField: onSave aus Options gesetzt, blockId= 5674d142-1819-4af5-b90f-c4b9bfa8cd1c fieldName= anlage1
debug_events.js:174 [USER]     [report_editor] dblclick:ph-chip — Mouse
report_editor.js:1901 report_editor.js: Chip-Doppelklick: anlage1 m
placeholder_wizard.js:623 [PlaceholderWizard] openAtField: onSave aus Options gesetzt, blockId= 5674d142-1819-4af5-b90f-c4b9bfa8cd1c fieldName= anlage1
placeholder_wizard.js:189 [PlaceholderWizard] showPlaceholderForm: blocks= 5 focusedId= 5674d142-1819-4af5-b90f-c4b9bfa8cd1c onSave= function myUsername= paul
debug_events.js:216 [TRACE][USER] blur → <div.ce-paragraph.cdx-block>
debug_events.js:216 [TRACE][USER] focus → <input#pf-input-5674d142-1819-4af5-b90f-c4b9bfa8cd1c-anlage1.pf-input>
debug_events.js:162 [USER]     [placeholder_wizard] focus:pf-input — Input
debug_events.js:216 [TRACE][USER] keydown → <input#pf-input-5674d142-1819-4af5-b90f-c4b9bfa8cd1c-anlage1.pf-input>
debug_events.js:162 [USER]     [placeholder_wizard] keydown:pf-input — Keyboard
debug_events.js:216 [TRACE][USER] keydown → <input#pf-input-5674d142-1819-4af5-b90f-c4b9bfa8cd1c-anlage1.pf-input>
debug_events.js:162 [USER]     [placeholder_wizard] keydown:pf-input — Keyboard
debug_events.js:216 [TRACE][USER] keypress → <input#pf-input-5674d142-1819-4af5-b90f-c4b9bfa8cd1c-anlage1.pf-input>
debug_events.js:216 [TRACE][USER] input → <input#pf-input-5674d142-1819-4af5-b90f-c4b9bfa8cd1c-anlage1.pf-input>
debug_events.js:162 [USER]     [placeholder_wizard] input:pf-input — Input
placeholder_wizard.js:530 [PlaceholderWizard] _scheduleFieldSave: Timer gesetzt fuer 5674d142-1819-4af5-b90f-c4b9bfa8cd1c:anlage1 value= "K"
debug_events.js:216 [TRACE][USER] keyup → <input#pf-input-5674d142-1819-4af5-b90f-c4b9bfa8cd1c-anlage1.pf-input.pf-input--valid>
debug_events.js:216 [TRACE][USER] keyup → <input#pf-input-5674d142-1819-4af5-b90f-c4b9bfa8cd1c-anlage1.pf-input.pf-input--valid>
debug_events.js:216 [TRACE][USER] keydown → <input#pf-input-5674d142-1819-4af5-b90f-c4b9bfa8cd1c-anlage1.pf-input.pf-input--valid>
debug_events.js:162 [USER]     [placeholder_wizard] keydown:pf-input — Keyboard
debug_events.js:216 [TRACE][USER] keypress → <input#pf-input-5674d142-1819-4af5-b90f-c4b9bfa8cd1c-anlage1.pf-input.pf-input--valid>
debug_events.js:216 [TRACE][USER] input → <input#pf-input-5674d142-1819-4af5-b90f-c4b9bfa8cd1c-anlage1.pf-input.pf-input--valid>
debug_events.js:162 [USER]     [placeholder_wizard] input:pf-input — Input
placeholder_wizard.js:530 [PlaceholderWizard] _scheduleFieldSave: Timer gesetzt fuer 5674d142-1819-4af5-b90f-c4b9bfa8cd1c:anlage1 value= "Kr"
debug_events.js:216 [TRACE][USER] keyup → <input#pf-input-5674d142-1819-4af5-b90f-c4b9bfa8cd1c-anlage1.pf-input.pf-input--valid>
debug_events.js:216 [TRACE][USER] keydown → <input#pf-input-5674d142-1819-4af5-b90f-c4b9bfa8cd1c-anlage1.pf-input.pf-input--valid>
debug_events.js:162 [USER]     [placeholder_wizard] keydown:pf-input — Keyboard
debug_events.js:216 [TRACE][USER] keypress → <input#pf-input-5674d142-1819-4af5-b90f-c4b9bfa8cd1c-anlage1.pf-input.pf-input--valid>
debug_events.js:216 [TRACE][USER] input → <input#pf-input-5674d142-1819-4af5-b90f-c4b9bfa8cd1c-anlage1.pf-input.pf-input--valid>
debug_events.js:162 [USER]     [placeholder_wizard] input:pf-input — Input
placeholder_wizard.js:530 [PlaceholderWizard] _scheduleFieldSave: Timer gesetzt fuer 5674d142-1819-4af5-b90f-c4b9bfa8cd1c:anlage1 value= "Kro"
debug_events.js:216 [TRACE][USER] keyup → <input#pf-input-5674d142-1819-4af5-b90f-c4b9bfa8cd1c-anlage1.pf-input.pf-input--valid>
debug_events.js:216 [TRACE][USER] keydown → <input#pf-input-5674d142-1819-4af5-b90f-c4b9bfa8cd1c-anlage1.pf-input.pf-input--valid>
debug_events.js:162 [USER]     [placeholder_wizard] keydown:pf-input — Keyboard
debug_events.js:216 [TRACE][USER] keypress → <input#pf-input-5674d142-1819-4af5-b90f-c4b9bfa8cd1c-anlage1.pf-input.pf-input--valid>
debug_events.js:216 [TRACE][USER] input → <input#pf-input-5674d142-1819-4af5-b90f-c4b9bfa8cd1c-anlage1.pf-input.pf-input--valid>
debug_events.js:162 [USER]     [placeholder_wizard] input:pf-input — Input
placeholder_wizard.js:530 [PlaceholderWizard] _scheduleFieldSave: Timer gesetzt fuer 5674d142-1819-4af5-b90f-c4b9bfa8cd1c:anlage1 value= "Krob"
debug_events.js:216 [TRACE][USER] keyup → <input#pf-input-5674d142-1819-4af5-b90f-c4b9bfa8cd1c-anlage1.pf-input.pf-input--valid>
placeholder_wizard.js:544 [PlaceholderWizard] _saveField: blockId= 5674d142-1819-4af5-b90f-c4b9bfa8cd1c name= anlage1 val= "Krob" onSave= function
report_editor.js:1996 report_editor.js: _onPlaceholderFieldSave aufgerufen: blockId= 5674d142-1819-4af5-b90f-c4b9bfa8cd1c field= anlage1 value= "Krob"
report_editor.js:2044 report_editor.js: _onPlaceholderFieldSave Antwort: resp= {block_id: '5674d142-1819-4af5-b90f-c4b9bfa8cd1c'} status= undefined
placeholder_wizard.js:553 [PlaceholderWizard] _saveField: onSave abgeschlossen fuer anlage1
debug_events.js:216 [TRACE][USER] mousedown → <button#btn-refresh-placeholders.report-btn>
debug_events.js:216 [TRACE][USER] change → <input#pf-input-5674d142-1819-4af5-b90f-c4b9bfa8cd1c-anlage1.pf-input.pf-input--valid>
debug_events.js:216 [TRACE][USER] blur → <input#pf-input-5674d142-1819-4af5-b90f-c4b9bfa8cd1c-anlage1.pf-input.pf-input--valid>
debug_events.js:216 [TRACE][USER] focus → <button#btn-refresh-placeholders.report-btn>
debug_events.js:216 [TRACE][USER] mouseup → <button#btn-refresh-placeholders.report-btn>
debug_events.js:216 [TRACE][USER] click → <button#btn-refresh-placeholders.report-btn>
debug_events.js:174 [USER]     [report_editor] click:btn-refresh-placeholders — Mouse
debug_events.js:216 [TRACE][USER] blur → <button#btn-refresh-placeholders.report-btn>
report_editor.js:112 [forensic] _reloadEditorContent(): Starte Neuladen fuer report_id= 1
report_editor.js:112 [forensic] _syncAnchoredFromInstances: 0 verankerte Annotationen
report_editor.js:112 [forensic] _resolveAutoPlaceholders: Block O47wiTFR_l enthält Auto-Chips
report_editor.js:112 [forensic] _reloadEditorContent(): Abgeschlossen. 5 Bloecke geladen.
report_editor.js:112 [forensic] _resolveAutoPlaceholders: Block oCHCBvopA_ enthält Auto-Chips
report_editor.js:112 [forensic] _resolveAutoPlaceholders: Block ijjBIozKWn enthält Auto-Chips
report_editor.js:112 [forensic] _initSidebarAccordion() gestartet
report_editor.js:1134 report_editor.js: Editor bereit, report_id= 1 | readOnly= false
placeholder_wizard.js:189 [PlaceholderWizard] showPlaceholderForm: blocks= 5 focusedId= 5674d142-1819-4af5-b90f-c4b9bfa8cd1c onSave= function myUsername= paul
report_editor.js:1319 report_editor.js: Initialisierungs-Guard freigegeben.
debug_events.js:216 [TRACE][USER] mousedown → <input#pf-input-5674d142-1819-4af5-b90f-c4b9bfa8cd1c-sicherungsdatum.pf-input>
debug_events.js:216 [TRACE][USER] focus → <input#pf-input-5674d142-1819-4af5-b90f-c4b9bfa8cd1c-sicherungsdatum.pf-input>
debug_events.js:162 [USER]     [placeholder_wizard] focus:pf-input — Input
debug_events.js:216 [TRACE][USER] mouseup → <input#pf-input-5674d142-1819-4af5-b90f-c4b9bfa8cd1c-sicherungsdatum.pf-input>
debug_events.js:216 [TRACE][USER] click → <input#pf-input-5674d142-1819-4af5-b90f-c4b9bfa8cd1c-sicherungsdatum.pf-input>
debug_events.js:162 [USER]     [placeholder_wizard] click:pf-block-group — Mouse
debug_events.js:216 [TRACE][USER] mousedown → <div.pf-block-empty>
debug_events.js:216 [TRACE][USER] blur → <input#pf-input-5674d142-1819-4af5-b90f-c4b9bfa8cd1c-sicherungsdatum.pf-input>
debug_events.js:216 [TRACE][USER] mouseup → <div.pf-block-empty>
debug_events.js:216 [TRACE][USER] click → <div.pf-block-empty>
debug_events.js:162 [USER]     [placeholder_wizard] click:pf-block-group — Mouse
debug_events.js:216 [TRACE][USER] mousedown → <div.pf-block-group.pf-block-group--blurred>
debug_events.js:216 [TRACE][USER] mouseup → <div.pf-block-group.pf-block-group--blurred>
debug_events.js:216 [TRACE][USER] click → <div.pf-block-group.pf-block-group--blurred>
debug_events.js:162 [USER]     [placeholder_wizard] click:pf-block-group — Mouse
debug_events.js:216 [TRACE][USER] mousedown → <label.pf-label>
debug_events.js:216 [TRACE][USER] mouseup → <label.pf-label>
debug_events.js:216 [TRACE][USER] click → <label.pf-label>
debug_events.js:162 [USER]     [placeholder_wizard] click:pf-block-group — Mouse
debug_events.js:216 [TRACE][USER] focus → <input#pf-input-O47wiTFR_l-tathandlung.pf-input>
debug_events.js:162 [USER]     [placeholder_wizard] focus:pf-input — Input
debug_events.js:216 [TRACE][USER] click → <input#pf-input-O47wiTFR_l-tathandlung.pf-input>
debug_events.js:162 [USER]     [placeholder_wizard] click:pf-block-group — Mouse
report_editor.js:2469 report_editor.js: Auto-Save gestartet, report_id= 1 | bekannte Block-IDs: 5
report_editor.js:2568 report_editor.js: Auto-Save abgeschlossen. | Bloecke gespeichert: 5 | Bloecke geloescht: 0
debug_events.js:216 [TRACE][USER] blur → <input#pf-input-O47wiTFR_l-tathandlung.pf-input>
